[
{
  "model": "home.city",
  "pk": 1,
  "fields": {
    "cityName": "Абаза"
  }
},
{
  "model": "home.city",
  "pk": 2,
  "fields": {
    "cityName": "Абакан"
  }
},
{
  "model": "home.city",
  "pk": 3,
  "fields": {
    "cityName": "Абдулино"
  }
},
{
  "model": "home.city",
  "pk": 4,
  "fields": {
    "cityName": "Абинск"
  }
},
{
  "model": "home.city",
  "pk": 5,
  "fields": {
    "cityName": "Агидель"
  }
},
{
  "model": "home.city",
  "pk": 6,
  "fields": {
    "cityName": "Агрыз"
  }
},
{
  "model": "home.city",
  "pk": 7,
  "fields": {
    "cityName": "Адыгейск"
  }
},
{
  "model": "home.city",
  "pk": 8,
  "fields": {
    "cityName": "Азнакаево"
  }
},
{
  "model": "home.city",
  "pk": 9,
  "fields": {
    "cityName": "Азов"
  }
},
{
  "model": "home.city",
  "pk": 10,
  "fields": {
    "cityName": "Ак-Довурак"
  }
},
{
  "model": "home.city",
  "pk": 11,
  "fields": {
    "cityName": "Аксай"
  }
},
{
  "model": "home.city",
  "pk": 12,
  "fields": {
    "cityName": "Алагир"
  }
},
{
  "model": "home.city",
  "pk": 13,
  "fields": {
    "cityName": "Алапаевск"
  }
},
{
  "model": "home.city",
  "pk": 14,
  "fields": {
    "cityName": "Алатырь"
  }
},
{
  "model": "home.city",
  "pk": 15,
  "fields": {
    "cityName": "Алдан"
  }
},
{
  "model": "home.city",
  "pk": 16,
  "fields": {
    "cityName": "Алейск"
  }
},
{
  "model": "home.city",
  "pk": 17,
  "fields": {
    "cityName": "Александров"
  }
},
{
  "model": "home.city",
  "pk": 18,
  "fields": {
    "cityName": "Александровск"
  }
},
{
  "model": "home.city",
  "pk": 19,
  "fields": {
    "cityName": "Александровск-Сахалинский"
  }
},
{
  "model": "home.city",
  "pk": 20,
  "fields": {
    "cityName": "Алексеевка"
  }
},
{
  "model": "home.city",
  "pk": 21,
  "fields": {
    "cityName": "Алексин"
  }
},
{
  "model": "home.city",
  "pk": 22,
  "fields": {
    "cityName": "Алзамай"
  }
},
{
  "model": "home.city",
  "pk": 23,
  "fields": {
    "cityName": "Алупка"
  }
},
{
  "model": "home.city",
  "pk": 24,
  "fields": {
    "cityName": "Алушта"
  }
},
{
  "model": "home.city",
  "pk": 25,
  "fields": {
    "cityName": "Альметьевск"
  }
},
{
  "model": "home.city",
  "pk": 26,
  "fields": {
    "cityName": "Амурск"
  }
},
{
  "model": "home.city",
  "pk": 27,
  "fields": {
    "cityName": "Анадырь"
  }
},
{
  "model": "home.city",
  "pk": 28,
  "fields": {
    "cityName": "Анапа"
  }
},
{
  "model": "home.city",
  "pk": 29,
  "fields": {
    "cityName": "Ангарск"
  }
},
{
  "model": "home.city",
  "pk": 30,
  "fields": {
    "cityName": "Андреаполь"
  }
},
{
  "model": "home.city",
  "pk": 31,
  "fields": {
    "cityName": "Анжеро-Судженск"
  }
},
{
  "model": "home.city",
  "pk": 32,
  "fields": {
    "cityName": "Анива"
  }
},
{
  "model": "home.city",
  "pk": 33,
  "fields": {
    "cityName": "Апатиты"
  }
},
{
  "model": "home.city",
  "pk": 34,
  "fields": {
    "cityName": "Апрелевка"
  }
},
{
  "model": "home.city",
  "pk": 35,
  "fields": {
    "cityName": "Апшеронск"
  }
},
{
  "model": "home.city",
  "pk": 36,
  "fields": {
    "cityName": "Арамиль"
  }
},
{
  "model": "home.city",
  "pk": 37,
  "fields": {
    "cityName": "Аргун"
  }
},
{
  "model": "home.city",
  "pk": 38,
  "fields": {
    "cityName": "Ардатов"
  }
},
{
  "model": "home.city",
  "pk": 39,
  "fields": {
    "cityName": "Ардон"
  }
},
{
  "model": "home.city",
  "pk": 40,
  "fields": {
    "cityName": "Арзамас"
  }
},
{
  "model": "home.city",
  "pk": 41,
  "fields": {
    "cityName": "Аркадак"
  }
},
{
  "model": "home.city",
  "pk": 42,
  "fields": {
    "cityName": "Армавир"
  }
},
{
  "model": "home.city",
  "pk": 43,
  "fields": {
    "cityName": "Армянск"
  }
},
{
  "model": "home.city",
  "pk": 44,
  "fields": {
    "cityName": "Арсеньев"
  }
},
{
  "model": "home.city",
  "pk": 45,
  "fields": {
    "cityName": "Арск"
  }
},
{
  "model": "home.city",
  "pk": 46,
  "fields": {
    "cityName": "Артём"
  }
},
{
  "model": "home.city",
  "pk": 47,
  "fields": {
    "cityName": "Артёмовск"
  }
},
{
  "model": "home.city",
  "pk": 48,
  "fields": {
    "cityName": "Артёмовский"
  }
},
{
  "model": "home.city",
  "pk": 49,
  "fields": {
    "cityName": "Архангельск"
  }
},
{
  "model": "home.city",
  "pk": 50,
  "fields": {
    "cityName": "Асбест"
  }
},
{
  "model": "home.city",
  "pk": 51,
  "fields": {
    "cityName": "Асино"
  }
},
{
  "model": "home.city",
  "pk": 52,
  "fields": {
    "cityName": "Астрахань"
  }
},
{
  "model": "home.city",
  "pk": 53,
  "fields": {
    "cityName": "Аткарск"
  }
},
{
  "model": "home.city",
  "pk": 54,
  "fields": {
    "cityName": "Ахтубинск"
  }
},
{
  "model": "home.city",
  "pk": 55,
  "fields": {
    "cityName": "Ачинск"
  }
},
{
  "model": "home.city",
  "pk": 56,
  "fields": {
    "cityName": "Ачхой-Мартан"
  }
},
{
  "model": "home.city",
  "pk": 57,
  "fields": {
    "cityName": "Аша"
  }
},
{
  "model": "home.city",
  "pk": 58,
  "fields": {
    "cityName": "Бабаево"
  }
},
{
  "model": "home.city",
  "pk": 59,
  "fields": {
    "cityName": "Бабушкин"
  }
},
{
  "model": "home.city",
  "pk": 60,
  "fields": {
    "cityName": "Бавлы"
  }
},
{
  "model": "home.city",
  "pk": 61,
  "fields": {
    "cityName": "Багратионовск"
  }
},
{
  "model": "home.city",
  "pk": 62,
  "fields": {
    "cityName": "Байкальск"
  }
},
{
  "model": "home.city",
  "pk": 63,
  "fields": {
    "cityName": "Баймак"
  }
},
{
  "model": "home.city",
  "pk": 64,
  "fields": {
    "cityName": "Бакал"
  }
},
{
  "model": "home.city",
  "pk": 65,
  "fields": {
    "cityName": "Баксан"
  }
},
{
  "model": "home.city",
  "pk": 66,
  "fields": {
    "cityName": "Балабаново"
  }
},
{
  "model": "home.city",
  "pk": 67,
  "fields": {
    "cityName": "Балаково"
  }
},
{
  "model": "home.city",
  "pk": 68,
  "fields": {
    "cityName": "Балахна"
  }
},
{
  "model": "home.city",
  "pk": 69,
  "fields": {
    "cityName": "Балашиха"
  }
},
{
  "model": "home.city",
  "pk": 70,
  "fields": {
    "cityName": "Балашов"
  }
},
{
  "model": "home.city",
  "pk": 71,
  "fields": {
    "cityName": "Балей"
  }
},
{
  "model": "home.city",
  "pk": 72,
  "fields": {
    "cityName": "Балтийск"
  }
},
{
  "model": "home.city",
  "pk": 73,
  "fields": {
    "cityName": "Барабинск"
  }
},
{
  "model": "home.city",
  "pk": 74,
  "fields": {
    "cityName": "Барнаул"
  }
},
{
  "model": "home.city",
  "pk": 75,
  "fields": {
    "cityName": "Барыш"
  }
},
{
  "model": "home.city",
  "pk": 76,
  "fields": {
    "cityName": "Батайск"
  }
},
{
  "model": "home.city",
  "pk": 77,
  "fields": {
    "cityName": "Бахчисарай"
  }
},
{
  "model": "home.city",
  "pk": 78,
  "fields": {
    "cityName": "Бежецк"
  }
},
{
  "model": "home.city",
  "pk": 79,
  "fields": {
    "cityName": "Белая Калитва"
  }
},
{
  "model": "home.city",
  "pk": 80,
  "fields": {
    "cityName": "Белая Холуница"
  }
},
{
  "model": "home.city",
  "pk": 81,
  "fields": {
    "cityName": "Белгород"
  }
},
{
  "model": "home.city",
  "pk": 82,
  "fields": {
    "cityName": "Белебей"
  }
},
{
  "model": "home.city",
  "pk": 83,
  "fields": {
    "cityName": "Белёв"
  }
},
{
  "model": "home.city",
  "pk": 84,
  "fields": {
    "cityName": "Белинский"
  }
},
{
  "model": "home.city",
  "pk": 85,
  "fields": {
    "cityName": "Белово"
  }
},
{
  "model": "home.city",
  "pk": 86,
  "fields": {
    "cityName": "Белогорск"
  }
},
{
  "model": "home.city",
  "pk": 87,
  "fields": {
    "cityName": "Белогорск"
  }
},
{
  "model": "home.city",
  "pk": 88,
  "fields": {
    "cityName": "Белозерск"
  }
},
{
  "model": "home.city",
  "pk": 89,
  "fields": {
    "cityName": "Белокуриха"
  }
},
{
  "model": "home.city",
  "pk": 90,
  "fields": {
    "cityName": "Беломорск"
  }
},
{
  "model": "home.city",
  "pk": 91,
  "fields": {
    "cityName": "Белоозёрский"
  }
},
{
  "model": "home.city",
  "pk": 92,
  "fields": {
    "cityName": "Белорецк"
  }
},
{
  "model": "home.city",
  "pk": 93,
  "fields": {
    "cityName": "Белореченск"
  }
},
{
  "model": "home.city",
  "pk": 94,
  "fields": {
    "cityName": "Белоусово"
  }
},
{
  "model": "home.city",
  "pk": 95,
  "fields": {
    "cityName": "Белоярский"
  }
},
{
  "model": "home.city",
  "pk": 96,
  "fields": {
    "cityName": "Белый"
  }
},
{
  "model": "home.city",
  "pk": 97,
  "fields": {
    "cityName": "Бердск"
  }
},
{
  "model": "home.city",
  "pk": 98,
  "fields": {
    "cityName": "Березники"
  }
},
{
  "model": "home.city",
  "pk": 99,
  "fields": {
    "cityName": "Берёзовский"
  }
},
{
  "model": "home.city",
  "pk": 100,
  "fields": {
    "cityName": "Берёзовский"
  }
},
{
  "model": "home.city",
  "pk": 101,
  "fields": {
    "cityName": "Беслан"
  }
},
{
  "model": "home.city",
  "pk": 102,
  "fields": {
    "cityName": "Бийск"
  }
},
{
  "model": "home.city",
  "pk": 103,
  "fields": {
    "cityName": "Бикин"
  }
},
{
  "model": "home.city",
  "pk": 104,
  "fields": {
    "cityName": "Билибино"
  }
},
{
  "model": "home.city",
  "pk": 105,
  "fields": {
    "cityName": "Биробиджан"
  }
},
{
  "model": "home.city",
  "pk": 106,
  "fields": {
    "cityName": "Бирск"
  }
},
{
  "model": "home.city",
  "pk": 107,
  "fields": {
    "cityName": "Бирюсинск"
  }
},
{
  "model": "home.city",
  "pk": 108,
  "fields": {
    "cityName": "Бирюч"
  }
},
{
  "model": "home.city",
  "pk": 109,
  "fields": {
    "cityName": "Благовещенск"
  }
},
{
  "model": "home.city",
  "pk": 110,
  "fields": {
    "cityName": "Благовещенск"
  }
},
{
  "model": "home.city",
  "pk": 111,
  "fields": {
    "cityName": "Благодарный"
  }
},
{
  "model": "home.city",
  "pk": 112,
  "fields": {
    "cityName": "Бобров"
  }
},
{
  "model": "home.city",
  "pk": 113,
  "fields": {
    "cityName": "Богданович"
  }
},
{
  "model": "home.city",
  "pk": 114,
  "fields": {
    "cityName": "Богородицк"
  }
},
{
  "model": "home.city",
  "pk": 115,
  "fields": {
    "cityName": "Богородск"
  }
},
{
  "model": "home.city",
  "pk": 116,
  "fields": {
    "cityName": "Боготол"
  }
},
{
  "model": "home.city",
  "pk": 117,
  "fields": {
    "cityName": "Богучар"
  }
},
{
  "model": "home.city",
  "pk": 118,
  "fields": {
    "cityName": "Бодайбо"
  }
},
{
  "model": "home.city",
  "pk": 119,
  "fields": {
    "cityName": "Бокситогорск"
  }
},
{
  "model": "home.city",
  "pk": 120,
  "fields": {
    "cityName": "Болгар"
  }
},
{
  "model": "home.city",
  "pk": 121,
  "fields": {
    "cityName": "Бологое"
  }
},
{
  "model": "home.city",
  "pk": 122,
  "fields": {
    "cityName": "Болотное"
  }
},
{
  "model": "home.city",
  "pk": 123,
  "fields": {
    "cityName": "Болохово"
  }
},
{
  "model": "home.city",
  "pk": 124,
  "fields": {
    "cityName": "Болхов"
  }
},
{
  "model": "home.city",
  "pk": 125,
  "fields": {
    "cityName": "Большой Камень"
  }
},
{
  "model": "home.city",
  "pk": 126,
  "fields": {
    "cityName": "Бор"
  }
},
{
  "model": "home.city",
  "pk": 127,
  "fields": {
    "cityName": "Борзя"
  }
},
{
  "model": "home.city",
  "pk": 128,
  "fields": {
    "cityName": "Борисоглебск"
  }
},
{
  "model": "home.city",
  "pk": 129,
  "fields": {
    "cityName": "Боровичи"
  }
},
{
  "model": "home.city",
  "pk": 130,
  "fields": {
    "cityName": "Боровск"
  }
},
{
  "model": "home.city",
  "pk": 131,
  "fields": {
    "cityName": "Бородино"
  }
},
{
  "model": "home.city",
  "pk": 132,
  "fields": {
    "cityName": "Братск"
  }
},
{
  "model": "home.city",
  "pk": 133,
  "fields": {
    "cityName": "Бронницы"
  }
},
{
  "model": "home.city",
  "pk": 134,
  "fields": {
    "cityName": "Брянск"
  }
},
{
  "model": "home.city",
  "pk": 135,
  "fields": {
    "cityName": "Бугульма"
  }
},
{
  "model": "home.city",
  "pk": 136,
  "fields": {
    "cityName": "Бугуруслан"
  }
},
{
  "model": "home.city",
  "pk": 137,
  "fields": {
    "cityName": "Будённовск"
  }
},
{
  "model": "home.city",
  "pk": 138,
  "fields": {
    "cityName": "Бузулук"
  }
},
{
  "model": "home.city",
  "pk": 139,
  "fields": {
    "cityName": "Буинск"
  }
},
{
  "model": "home.city",
  "pk": 140,
  "fields": {
    "cityName": "Буй"
  }
},
{
  "model": "home.city",
  "pk": 141,
  "fields": {
    "cityName": "Буйнакск"
  }
},
{
  "model": "home.city",
  "pk": 142,
  "fields": {
    "cityName": "Бутурлиновка"
  }
},
{
  "model": "home.city",
  "pk": 143,
  "fields": {
    "cityName": "Валдай"
  }
},
{
  "model": "home.city",
  "pk": 144,
  "fields": {
    "cityName": "Валуйки"
  }
},
{
  "model": "home.city",
  "pk": 145,
  "fields": {
    "cityName": "Велиж"
  }
},
{
  "model": "home.city",
  "pk": 146,
  "fields": {
    "cityName": "Великие Луки"
  }
},
{
  "model": "home.city",
  "pk": 147,
  "fields": {
    "cityName": "Великий Новгород"
  }
},
{
  "model": "home.city",
  "pk": 148,
  "fields": {
    "cityName": "Великий Устюг"
  }
},
{
  "model": "home.city",
  "pk": 149,
  "fields": {
    "cityName": "Вельск"
  }
},
{
  "model": "home.city",
  "pk": 150,
  "fields": {
    "cityName": "Венёв"
  }
},
{
  "model": "home.city",
  "pk": 151,
  "fields": {
    "cityName": "Верещагино"
  }
},
{
  "model": "home.city",
  "pk": 152,
  "fields": {
    "cityName": "Верея"
  }
},
{
  "model": "home.city",
  "pk": 153,
  "fields": {
    "cityName": "Верхнеуральск"
  }
},
{
  "model": "home.city",
  "pk": 154,
  "fields": {
    "cityName": "Верхний Тагил"
  }
},
{
  "model": "home.city",
  "pk": 155,
  "fields": {
    "cityName": "Верхний Уфалей"
  }
},
{
  "model": "home.city",
  "pk": 156,
  "fields": {
    "cityName": "Верхняя Пышма"
  }
},
{
  "model": "home.city",
  "pk": 157,
  "fields": {
    "cityName": "Верхняя Салда"
  }
},
{
  "model": "home.city",
  "pk": 158,
  "fields": {
    "cityName": "Верхняя Тура"
  }
},
{
  "model": "home.city",
  "pk": 159,
  "fields": {
    "cityName": "Верхотурье"
  }
},
{
  "model": "home.city",
  "pk": 160,
  "fields": {
    "cityName": "Верхоянск"
  }
},
{
  "model": "home.city",
  "pk": 161,
  "fields": {
    "cityName": "Весьегонск"
  }
},
{
  "model": "home.city",
  "pk": 162,
  "fields": {
    "cityName": "Ветлуга"
  }
},
{
  "model": "home.city",
  "pk": 163,
  "fields": {
    "cityName": "Видное"
  }
},
{
  "model": "home.city",
  "pk": 164,
  "fields": {
    "cityName": "Вилюйск"
  }
},
{
  "model": "home.city",
  "pk": 165,
  "fields": {
    "cityName": "Вилючинск"
  }
},
{
  "model": "home.city",
  "pk": 166,
  "fields": {
    "cityName": "Вихоревка"
  }
},
{
  "model": "home.city",
  "pk": 167,
  "fields": {
    "cityName": "Вичуга"
  }
},
{
  "model": "home.city",
  "pk": 168,
  "fields": {
    "cityName": "Владивосток"
  }
},
{
  "model": "home.city",
  "pk": 169,
  "fields": {
    "cityName": "Владикавказ"
  }
},
{
  "model": "home.city",
  "pk": 170,
  "fields": {
    "cityName": "Владимир"
  }
},
{
  "model": "home.city",
  "pk": 171,
  "fields": {
    "cityName": "Волгоград"
  }
},
{
  "model": "home.city",
  "pk": 172,
  "fields": {
    "cityName": "Волгодонск"
  }
},
{
  "model": "home.city",
  "pk": 173,
  "fields": {
    "cityName": "Волгореченск"
  }
},
{
  "model": "home.city",
  "pk": 174,
  "fields": {
    "cityName": "Волжск"
  }
},
{
  "model": "home.city",
  "pk": 175,
  "fields": {
    "cityName": "Волжский"
  }
},
{
  "model": "home.city",
  "pk": 176,
  "fields": {
    "cityName": "Вологда"
  }
},
{
  "model": "home.city",
  "pk": 177,
  "fields": {
    "cityName": "Володарск"
  }
},
{
  "model": "home.city",
  "pk": 178,
  "fields": {
    "cityName": "Волоколамск"
  }
},
{
  "model": "home.city",
  "pk": 179,
  "fields": {
    "cityName": "Волосово"
  }
},
{
  "model": "home.city",
  "pk": 180,
  "fields": {
    "cityName": "Волхов"
  }
},
{
  "model": "home.city",
  "pk": 181,
  "fields": {
    "cityName": "Волчанск"
  }
},
{
  "model": "home.city",
  "pk": 182,
  "fields": {
    "cityName": "Вольск"
  }
},
{
  "model": "home.city",
  "pk": 183,
  "fields": {
    "cityName": "Воркута"
  }
},
{
  "model": "home.city",
  "pk": 184,
  "fields": {
    "cityName": "Воронеж"
  }
},
{
  "model": "home.city",
  "pk": 185,
  "fields": {
    "cityName": "Ворсма"
  }
},
{
  "model": "home.city",
  "pk": 186,
  "fields": {
    "cityName": "Воскресенск"
  }
},
{
  "model": "home.city",
  "pk": 187,
  "fields": {
    "cityName": "Воткинск"
  }
},
{
  "model": "home.city",
  "pk": 188,
  "fields": {
    "cityName": "Всеволожск"
  }
},
{
  "model": "home.city",
  "pk": 189,
  "fields": {
    "cityName": "Вуктыл"
  }
},
{
  "model": "home.city",
  "pk": 190,
  "fields": {
    "cityName": "Выборг"
  }
},
{
  "model": "home.city",
  "pk": 191,
  "fields": {
    "cityName": "Выкса"
  }
},
{
  "model": "home.city",
  "pk": 192,
  "fields": {
    "cityName": "Высоковск"
  }
},
{
  "model": "home.city",
  "pk": 193,
  "fields": {
    "cityName": "Высоцк"
  }
},
{
  "model": "home.city",
  "pk": 194,
  "fields": {
    "cityName": "Вытегра"
  }
},
{
  "model": "home.city",
  "pk": 195,
  "fields": {
    "cityName": "Вышний Волочёк"
  }
},
{
  "model": "home.city",
  "pk": 196,
  "fields": {
    "cityName": "Вяземский"
  }
},
{
  "model": "home.city",
  "pk": 197,
  "fields": {
    "cityName": "Вязники"
  }
},
{
  "model": "home.city",
  "pk": 198,
  "fields": {
    "cityName": "Вязьма"
  }
},
{
  "model": "home.city",
  "pk": 199,
  "fields": {
    "cityName": "Вятские Поляны"
  }
},
{
  "model": "home.city",
  "pk": 200,
  "fields": {
    "cityName": "Гаврилов Посад"
  }
},
{
  "model": "home.city",
  "pk": 201,
  "fields": {
    "cityName": "Гаврилов-Ям"
  }
},
{
  "model": "home.city",
  "pk": 202,
  "fields": {
    "cityName": "Гагарин"
  }
},
{
  "model": "home.city",
  "pk": 203,
  "fields": {
    "cityName": "Гаджиево"
  }
},
{
  "model": "home.city",
  "pk": 204,
  "fields": {
    "cityName": "Гай"
  }
},
{
  "model": "home.city",
  "pk": 205,
  "fields": {
    "cityName": "Галич"
  }
},
{
  "model": "home.city",
  "pk": 206,
  "fields": {
    "cityName": "Гатчина"
  }
},
{
  "model": "home.city",
  "pk": 207,
  "fields": {
    "cityName": "Гвардейск"
  }
},
{
  "model": "home.city",
  "pk": 208,
  "fields": {
    "cityName": "Гдов"
  }
},
{
  "model": "home.city",
  "pk": 209,
  "fields": {
    "cityName": "Геленджик"
  }
},
{
  "model": "home.city",
  "pk": 210,
  "fields": {
    "cityName": "Георгиевск"
  }
},
{
  "model": "home.city",
  "pk": 211,
  "fields": {
    "cityName": "Глазов"
  }
},
{
  "model": "home.city",
  "pk": 212,
  "fields": {
    "cityName": "Голицыно"
  }
},
{
  "model": "home.city",
  "pk": 213,
  "fields": {
    "cityName": "Горбатов"
  }
},
{
  "model": "home.city",
  "pk": 214,
  "fields": {
    "cityName": "Горно-Алтайск"
  }
},
{
  "model": "home.city",
  "pk": 215,
  "fields": {
    "cityName": "Горнозаводск"
  }
},
{
  "model": "home.city",
  "pk": 216,
  "fields": {
    "cityName": "Горняк"
  }
},
{
  "model": "home.city",
  "pk": 217,
  "fields": {
    "cityName": "Городец"
  }
},
{
  "model": "home.city",
  "pk": 218,
  "fields": {
    "cityName": "Городище"
  }
},
{
  "model": "home.city",
  "pk": 219,
  "fields": {
    "cityName": "Городовиковск"
  }
},
{
  "model": "home.city",
  "pk": 220,
  "fields": {
    "cityName": "Гороховец"
  }
},
{
  "model": "home.city",
  "pk": 221,
  "fields": {
    "cityName": "Горячий Ключ"
  }
},
{
  "model": "home.city",
  "pk": 222,
  "fields": {
    "cityName": "Грайворон"
  }
},
{
  "model": "home.city",
  "pk": 223,
  "fields": {
    "cityName": "Гремячинск"
  }
},
{
  "model": "home.city",
  "pk": 224,
  "fields": {
    "cityName": "Грозный"
  }
},
{
  "model": "home.city",
  "pk": 225,
  "fields": {
    "cityName": "Грязи"
  }
},
{
  "model": "home.city",
  "pk": 226,
  "fields": {
    "cityName": "Грязовец"
  }
},
{
  "model": "home.city",
  "pk": 227,
  "fields": {
    "cityName": "Губаха"
  }
},
{
  "model": "home.city",
  "pk": 228,
  "fields": {
    "cityName": "Губкин"
  }
},
{
  "model": "home.city",
  "pk": 229,
  "fields": {
    "cityName": "Губкинский"
  }
},
{
  "model": "home.city",
  "pk": 230,
  "fields": {
    "cityName": "Гудермес"
  }
},
{
  "model": "home.city",
  "pk": 231,
  "fields": {
    "cityName": "Гуково"
  }
},
{
  "model": "home.city",
  "pk": 232,
  "fields": {
    "cityName": "Гулькевичи"
  }
},
{
  "model": "home.city",
  "pk": 233,
  "fields": {
    "cityName": "Гурьевск"
  }
},
{
  "model": "home.city",
  "pk": 234,
  "fields": {
    "cityName": "Гурьевск"
  }
},
{
  "model": "home.city",
  "pk": 235,
  "fields": {
    "cityName": "Гусев"
  }
},
{
  "model": "home.city",
  "pk": 236,
  "fields": {
    "cityName": "Гусиноозёрск"
  }
},
{
  "model": "home.city",
  "pk": 237,
  "fields": {
    "cityName": "Гусь-Хрустальный"
  }
},
{
  "model": "home.city",
  "pk": 238,
  "fields": {
    "cityName": "Давлеканово"
  }
},
{
  "model": "home.city",
  "pk": 239,
  "fields": {
    "cityName": "Дагестанские Огни"
  }
},
{
  "model": "home.city",
  "pk": 240,
  "fields": {
    "cityName": "Далматово"
  }
},
{
  "model": "home.city",
  "pk": 241,
  "fields": {
    "cityName": "Дальнегорск"
  }
},
{
  "model": "home.city",
  "pk": 242,
  "fields": {
    "cityName": "Дальнереченск"
  }
},
{
  "model": "home.city",
  "pk": 243,
  "fields": {
    "cityName": "Данилов"
  }
},
{
  "model": "home.city",
  "pk": 244,
  "fields": {
    "cityName": "Данков"
  }
},
{
  "model": "home.city",
  "pk": 245,
  "fields": {
    "cityName": "Дегтярск"
  }
},
{
  "model": "home.city",
  "pk": 246,
  "fields": {
    "cityName": "Дедовск"
  }
},
{
  "model": "home.city",
  "pk": 247,
  "fields": {
    "cityName": "Демидов"
  }
},
{
  "model": "home.city",
  "pk": 248,
  "fields": {
    "cityName": "Дербент"
  }
},
{
  "model": "home.city",
  "pk": 249,
  "fields": {
    "cityName": "Десногорск"
  }
},
{
  "model": "home.city",
  "pk": 250,
  "fields": {
    "cityName": "Джанкой"
  }
},
{
  "model": "home.city",
  "pk": 251,
  "fields": {
    "cityName": "Дзержинск"
  }
},
{
  "model": "home.city",
  "pk": 252,
  "fields": {
    "cityName": "Дзержинский"
  }
},
{
  "model": "home.city",
  "pk": 253,
  "fields": {
    "cityName": "Дивногорск"
  }
},
{
  "model": "home.city",
  "pk": 254,
  "fields": {
    "cityName": "Дигора"
  }
},
{
  "model": "home.city",
  "pk": 255,
  "fields": {
    "cityName": "Димитровград"
  }
},
{
  "model": "home.city",
  "pk": 256,
  "fields": {
    "cityName": "Дмитриев"
  }
},
{
  "model": "home.city",
  "pk": 257,
  "fields": {
    "cityName": "Дмитров"
  }
},
{
  "model": "home.city",
  "pk": 258,
  "fields": {
    "cityName": "Дмитровск"
  }
},
{
  "model": "home.city",
  "pk": 259,
  "fields": {
    "cityName": "Дно"
  }
},
{
  "model": "home.city",
  "pk": 260,
  "fields": {
    "cityName": "Добрянка"
  }
},
{
  "model": "home.city",
  "pk": 261,
  "fields": {
    "cityName": "Долгопрудный"
  }
},
{
  "model": "home.city",
  "pk": 262,
  "fields": {
    "cityName": "Долинск"
  }
},
{
  "model": "home.city",
  "pk": 263,
  "fields": {
    "cityName": "Домодедово"
  }
},
{
  "model": "home.city",
  "pk": 264,
  "fields": {
    "cityName": "Донецк"
  }
},
{
  "model": "home.city",
  "pk": 265,
  "fields": {
    "cityName": "Донской"
  }
},
{
  "model": "home.city",
  "pk": 266,
  "fields": {
    "cityName": "Дорогобуж"
  }
},
{
  "model": "home.city",
  "pk": 267,
  "fields": {
    "cityName": "Дрезна"
  }
},
{
  "model": "home.city",
  "pk": 268,
  "fields": {
    "cityName": "Дубна"
  }
},
{
  "model": "home.city",
  "pk": 269,
  "fields": {
    "cityName": "Дубовка"
  }
},
{
  "model": "home.city",
  "pk": 270,
  "fields": {
    "cityName": "Дудинка"
  }
},
{
  "model": "home.city",
  "pk": 271,
  "fields": {
    "cityName": "Духовщина"
  }
},
{
  "model": "home.city",
  "pk": 272,
  "fields": {
    "cityName": "Дюртюли"
  }
},
{
  "model": "home.city",
  "pk": 273,
  "fields": {
    "cityName": "Дятьково"
  }
},
{
  "model": "home.city",
  "pk": 274,
  "fields": {
    "cityName": "Евпатория"
  }
},
{
  "model": "home.city",
  "pk": 275,
  "fields": {
    "cityName": "Егорьевск"
  }
},
{
  "model": "home.city",
  "pk": 276,
  "fields": {
    "cityName": "Ейск"
  }
},
{
  "model": "home.city",
  "pk": 277,
  "fields": {
    "cityName": "Екатеринбург"
  }
},
{
  "model": "home.city",
  "pk": 278,
  "fields": {
    "cityName": "Елабуга"
  }
},
{
  "model": "home.city",
  "pk": 279,
  "fields": {
    "cityName": "Елец"
  }
},
{
  "model": "home.city",
  "pk": 280,
  "fields": {
    "cityName": "Елизово"
  }
},
{
  "model": "home.city",
  "pk": 281,
  "fields": {
    "cityName": "Ельня"
  }
},
{
  "model": "home.city",
  "pk": 282,
  "fields": {
    "cityName": "Еманжелинск"
  }
},
{
  "model": "home.city",
  "pk": 283,
  "fields": {
    "cityName": "Емва"
  }
},
{
  "model": "home.city",
  "pk": 284,
  "fields": {
    "cityName": "Енисейск"
  }
},
{
  "model": "home.city",
  "pk": 285,
  "fields": {
    "cityName": "Ермолино"
  }
},
{
  "model": "home.city",
  "pk": 286,
  "fields": {
    "cityName": "Ершов"
  }
},
{
  "model": "home.city",
  "pk": 287,
  "fields": {
    "cityName": "Ессентуки"
  }
},
{
  "model": "home.city",
  "pk": 288,
  "fields": {
    "cityName": "Ефремов"
  }
},
{
  "model": "home.city",
  "pk": 289,
  "fields": {
    "cityName": "Железноводск"
  }
},
{
  "model": "home.city",
  "pk": 290,
  "fields": {
    "cityName": "Железногорск"
  }
},
{
  "model": "home.city",
  "pk": 291,
  "fields": {
    "cityName": "Железногорск"
  }
},
{
  "model": "home.city",
  "pk": 292,
  "fields": {
    "cityName": "Железногорск-Илимский"
  }
},
{
  "model": "home.city",
  "pk": 293,
  "fields": {
    "cityName": "Жердевка"
  }
},
{
  "model": "home.city",
  "pk": 294,
  "fields": {
    "cityName": "Жигулёвск"
  }
},
{
  "model": "home.city",
  "pk": 295,
  "fields": {
    "cityName": "Жиздра"
  }
},
{
  "model": "home.city",
  "pk": 296,
  "fields": {
    "cityName": "Жирновск"
  }
},
{
  "model": "home.city",
  "pk": 297,
  "fields": {
    "cityName": "Жуков"
  }
},
{
  "model": "home.city",
  "pk": 298,
  "fields": {
    "cityName": "Жуковка"
  }
},
{
  "model": "home.city",
  "pk": 299,
  "fields": {
    "cityName": "Жуковский"
  }
},
{
  "model": "home.city",
  "pk": 300,
  "fields": {
    "cityName": "Завитинск"
  }
},
{
  "model": "home.city",
  "pk": 301,
  "fields": {
    "cityName": "Заводоуковск"
  }
},
{
  "model": "home.city",
  "pk": 302,
  "fields": {
    "cityName": "Заволжск"
  }
},
{
  "model": "home.city",
  "pk": 303,
  "fields": {
    "cityName": "Заволжье"
  }
},
{
  "model": "home.city",
  "pk": 304,
  "fields": {
    "cityName": "Задонск"
  }
},
{
  "model": "home.city",
  "pk": 305,
  "fields": {
    "cityName": "Заинск"
  }
},
{
  "model": "home.city",
  "pk": 306,
  "fields": {
    "cityName": "Закаменск"
  }
},
{
  "model": "home.city",
  "pk": 307,
  "fields": {
    "cityName": "Заозёрный"
  }
},
{
  "model": "home.city",
  "pk": 308,
  "fields": {
    "cityName": "Заозёрск"
  }
},
{
  "model": "home.city",
  "pk": 309,
  "fields": {
    "cityName": "Западная Двина"
  }
},
{
  "model": "home.city",
  "pk": 310,
  "fields": {
    "cityName": "Заполярный"
  }
},
{
  "model": "home.city",
  "pk": 311,
  "fields": {
    "cityName": "Зарайск"
  }
},
{
  "model": "home.city",
  "pk": 312,
  "fields": {
    "cityName": "Заречный"
  }
},
{
  "model": "home.city",
  "pk": 313,
  "fields": {
    "cityName": "Заречный"
  }
},
{
  "model": "home.city",
  "pk": 314,
  "fields": {
    "cityName": "Заринск"
  }
},
{
  "model": "home.city",
  "pk": 315,
  "fields": {
    "cityName": "Звенигово"
  }
},
{
  "model": "home.city",
  "pk": 316,
  "fields": {
    "cityName": "Звенигород"
  }
},
{
  "model": "home.city",
  "pk": 317,
  "fields": {
    "cityName": "Зверево"
  }
},
{
  "model": "home.city",
  "pk": 318,
  "fields": {
    "cityName": "Зеленогорск"
  }
},
{
  "model": "home.city",
  "pk": 319,
  "fields": {
    "cityName": "Зеленоградск"
  }
},
{
  "model": "home.city",
  "pk": 320,
  "fields": {
    "cityName": "Зеленодольск"
  }
},
{
  "model": "home.city",
  "pk": 321,
  "fields": {
    "cityName": "Зеленокумск"
  }
},
{
  "model": "home.city",
  "pk": 322,
  "fields": {
    "cityName": "Зерноград"
  }
},
{
  "model": "home.city",
  "pk": 323,
  "fields": {
    "cityName": "Зея"
  }
},
{
  "model": "home.city",
  "pk": 324,
  "fields": {
    "cityName": "Зима"
  }
},
{
  "model": "home.city",
  "pk": 325,
  "fields": {
    "cityName": "Златоуст"
  }
},
{
  "model": "home.city",
  "pk": 326,
  "fields": {
    "cityName": "Злынка"
  }
},
{
  "model": "home.city",
  "pk": 327,
  "fields": {
    "cityName": "Змеиногорск"
  }
},
{
  "model": "home.city",
  "pk": 328,
  "fields": {
    "cityName": "Знаменск"
  }
},
{
  "model": "home.city",
  "pk": 329,
  "fields": {
    "cityName": "Зубцов"
  }
},
{
  "model": "home.city",
  "pk": 330,
  "fields": {
    "cityName": "Зуевка"
  }
},
{
  "model": "home.city",
  "pk": 331,
  "fields": {
    "cityName": "Ивангород"
  }
},
{
  "model": "home.city",
  "pk": 332,
  "fields": {
    "cityName": "Иваново"
  }
},
{
  "model": "home.city",
  "pk": 333,
  "fields": {
    "cityName": "Ивантеевка"
  }
},
{
  "model": "home.city",
  "pk": 334,
  "fields": {
    "cityName": "Ивдель"
  }
},
{
  "model": "home.city",
  "pk": 335,
  "fields": {
    "cityName": "Игарка"
  }
},
{
  "model": "home.city",
  "pk": 336,
  "fields": {
    "cityName": "Ижевск"
  }
},
{
  "model": "home.city",
  "pk": 337,
  "fields": {
    "cityName": "Избербаш"
  }
},
{
  "model": "home.city",
  "pk": 338,
  "fields": {
    "cityName": "Изобильный"
  }
},
{
  "model": "home.city",
  "pk": 339,
  "fields": {
    "cityName": "Иланский"
  }
},
{
  "model": "home.city",
  "pk": 340,
  "fields": {
    "cityName": "Инза"
  }
},
{
  "model": "home.city",
  "pk": 341,
  "fields": {
    "cityName": "Иннополис"
  }
},
{
  "model": "home.city",
  "pk": 342,
  "fields": {
    "cityName": "Инсар"
  }
},
{
  "model": "home.city",
  "pk": 343,
  "fields": {
    "cityName": "Инта"
  }
},
{
  "model": "home.city",
  "pk": 344,
  "fields": {
    "cityName": "Ипатово"
  }
},
{
  "model": "home.city",
  "pk": 345,
  "fields": {
    "cityName": "Ирбит"
  }
},
{
  "model": "home.city",
  "pk": 346,
  "fields": {
    "cityName": "Иркутск"
  }
},
{
  "model": "home.city",
  "pk": 347,
  "fields": {
    "cityName": "Исилькуль"
  }
},
{
  "model": "home.city",
  "pk": 348,
  "fields": {
    "cityName": "Искитим"
  }
},
{
  "model": "home.city",
  "pk": 349,
  "fields": {
    "cityName": "Истра"
  }
},
{
  "model": "home.city",
  "pk": 350,
  "fields": {
    "cityName": "Ишим"
  }
},
{
  "model": "home.city",
  "pk": 351,
  "fields": {
    "cityName": "Ишимбай"
  }
},
{
  "model": "home.city",
  "pk": 352,
  "fields": {
    "cityName": "Йошкар-Ола"
  }
},
{
  "model": "home.city",
  "pk": 353,
  "fields": {
    "cityName": "Кадников"
  }
},
{
  "model": "home.city",
  "pk": 354,
  "fields": {
    "cityName": "Казань"
  }
},
{
  "model": "home.city",
  "pk": 355,
  "fields": {
    "cityName": "Калач"
  }
},
{
  "model": "home.city",
  "pk": 356,
  "fields": {
    "cityName": "Калач-на-Дону"
  }
},
{
  "model": "home.city",
  "pk": 357,
  "fields": {
    "cityName": "Калачинск"
  }
},
{
  "model": "home.city",
  "pk": 358,
  "fields": {
    "cityName": "Калининград"
  }
},
{
  "model": "home.city",
  "pk": 359,
  "fields": {
    "cityName": "Калининск"
  }
},
{
  "model": "home.city",
  "pk": 360,
  "fields": {
    "cityName": "Калтан"
  }
},
{
  "model": "home.city",
  "pk": 361,
  "fields": {
    "cityName": "Калуга"
  }
},
{
  "model": "home.city",
  "pk": 362,
  "fields": {
    "cityName": "Калязин"
  }
},
{
  "model": "home.city",
  "pk": 363,
  "fields": {
    "cityName": "Камбарка"
  }
},
{
  "model": "home.city",
  "pk": 364,
  "fields": {
    "cityName": "Каменка"
  }
},
{
  "model": "home.city",
  "pk": 365,
  "fields": {
    "cityName": "Каменногорск"
  }
},
{
  "model": "home.city",
  "pk": 366,
  "fields": {
    "cityName": "Каменск-Уральский"
  }
},
{
  "model": "home.city",
  "pk": 367,
  "fields": {
    "cityName": "Каменск-Шахтинский"
  }
},
{
  "model": "home.city",
  "pk": 368,
  "fields": {
    "cityName": "Камень-на-Оби"
  }
},
{
  "model": "home.city",
  "pk": 369,
  "fields": {
    "cityName": "Камешково"
  }
},
{
  "model": "home.city",
  "pk": 370,
  "fields": {
    "cityName": "Камызяк"
  }
},
{
  "model": "home.city",
  "pk": 371,
  "fields": {
    "cityName": "Камышин"
  }
},
{
  "model": "home.city",
  "pk": 372,
  "fields": {
    "cityName": "Камышлов"
  }
},
{
  "model": "home.city",
  "pk": 373,
  "fields": {
    "cityName": "Канаш"
  }
},
{
  "model": "home.city",
  "pk": 374,
  "fields": {
    "cityName": "Кандалакша"
  }
},
{
  "model": "home.city",
  "pk": 375,
  "fields": {
    "cityName": "Канск"
  }
},
{
  "model": "home.city",
  "pk": 376,
  "fields": {
    "cityName": "Карабаново"
  }
},
{
  "model": "home.city",
  "pk": 377,
  "fields": {
    "cityName": "Карабаш"
  }
},
{
  "model": "home.city",
  "pk": 378,
  "fields": {
    "cityName": "Карабулак"
  }
},
{
  "model": "home.city",
  "pk": 379,
  "fields": {
    "cityName": "Карасук"
  }
},
{
  "model": "home.city",
  "pk": 380,
  "fields": {
    "cityName": "Карачаевск"
  }
},
{
  "model": "home.city",
  "pk": 381,
  "fields": {
    "cityName": "Карачев"
  }
},
{
  "model": "home.city",
  "pk": 382,
  "fields": {
    "cityName": "Каргат"
  }
},
{
  "model": "home.city",
  "pk": 383,
  "fields": {
    "cityName": "Каргополь"
  }
},
{
  "model": "home.city",
  "pk": 384,
  "fields": {
    "cityName": "Карпинск"
  }
},
{
  "model": "home.city",
  "pk": 385,
  "fields": {
    "cityName": "Карталы"
  }
},
{
  "model": "home.city",
  "pk": 386,
  "fields": {
    "cityName": "Касимов"
  }
},
{
  "model": "home.city",
  "pk": 387,
  "fields": {
    "cityName": "Касли"
  }
},
{
  "model": "home.city",
  "pk": 388,
  "fields": {
    "cityName": "Каспийск"
  }
},
{
  "model": "home.city",
  "pk": 389,
  "fields": {
    "cityName": "Катав-Ивановск"
  }
},
{
  "model": "home.city",
  "pk": 390,
  "fields": {
    "cityName": "Катайск"
  }
},
{
  "model": "home.city",
  "pk": 391,
  "fields": {
    "cityName": "Качканар"
  }
},
{
  "model": "home.city",
  "pk": 392,
  "fields": {
    "cityName": "Кашин"
  }
},
{
  "model": "home.city",
  "pk": 393,
  "fields": {
    "cityName": "Кашира"
  }
},
{
  "model": "home.city",
  "pk": 394,
  "fields": {
    "cityName": "Кедровый"
  }
},
{
  "model": "home.city",
  "pk": 395,
  "fields": {
    "cityName": "Кемерово"
  }
},
{
  "model": "home.city",
  "pk": 396,
  "fields": {
    "cityName": "Кемь"
  }
},
{
  "model": "home.city",
  "pk": 397,
  "fields": {
    "cityName": "Керчь"
  }
},
{
  "model": "home.city",
  "pk": 398,
  "fields": {
    "cityName": "Кизел"
  }
},
{
  "model": "home.city",
  "pk": 399,
  "fields": {
    "cityName": "Кизилюрт"
  }
},
{
  "model": "home.city",
  "pk": 400,
  "fields": {
    "cityName": "Кизляр"
  }
},
{
  "model": "home.city",
  "pk": 401,
  "fields": {
    "cityName": "Кимовск"
  }
},
{
  "model": "home.city",
  "pk": 402,
  "fields": {
    "cityName": "Кимры"
  }
},
{
  "model": "home.city",
  "pk": 403,
  "fields": {
    "cityName": "Кингисепп"
  }
},
{
  "model": "home.city",
  "pk": 404,
  "fields": {
    "cityName": "Кинель"
  }
},
{
  "model": "home.city",
  "pk": 405,
  "fields": {
    "cityName": "Кинешма"
  }
},
{
  "model": "home.city",
  "pk": 406,
  "fields": {
    "cityName": "Киреевск"
  }
},
{
  "model": "home.city",
  "pk": 407,
  "fields": {
    "cityName": "Киренск"
  }
},
{
  "model": "home.city",
  "pk": 408,
  "fields": {
    "cityName": "Киржач"
  }
},
{
  "model": "home.city",
  "pk": 409,
  "fields": {
    "cityName": "Кириллов"
  }
},
{
  "model": "home.city",
  "pk": 410,
  "fields": {
    "cityName": "Кириши"
  }
},
{
  "model": "home.city",
  "pk": 411,
  "fields": {
    "cityName": "Киров"
  }
},
{
  "model": "home.city",
  "pk": 412,
  "fields": {
    "cityName": "Киров"
  }
},
{
  "model": "home.city",
  "pk": 413,
  "fields": {
    "cityName": "Кировград"
  }
},
{
  "model": "home.city",
  "pk": 414,
  "fields": {
    "cityName": "Кирово-Чепецк"
  }
},
{
  "model": "home.city",
  "pk": 415,
  "fields": {
    "cityName": "Кировск"
  }
},
{
  "model": "home.city",
  "pk": 416,
  "fields": {
    "cityName": "Кировск"
  }
},
{
  "model": "home.city",
  "pk": 417,
  "fields": {
    "cityName": "Кирс"
  }
},
{
  "model": "home.city",
  "pk": 418,
  "fields": {
    "cityName": "Кирсанов"
  }
},
{
  "model": "home.city",
  "pk": 419,
  "fields": {
    "cityName": "Киселёвск"
  }
},
{
  "model": "home.city",
  "pk": 420,
  "fields": {
    "cityName": "Кисловодск"
  }
},
{
  "model": "home.city",
  "pk": 421,
  "fields": {
    "cityName": "Клин"
  }
},
{
  "model": "home.city",
  "pk": 422,
  "fields": {
    "cityName": "Клинцы"
  }
},
{
  "model": "home.city",
  "pk": 423,
  "fields": {
    "cityName": "Княгинино"
  }
},
{
  "model": "home.city",
  "pk": 424,
  "fields": {
    "cityName": "Ковдор"
  }
},
{
  "model": "home.city",
  "pk": 425,
  "fields": {
    "cityName": "Ковров"
  }
},
{
  "model": "home.city",
  "pk": 426,
  "fields": {
    "cityName": "Ковылкино"
  }
},
{
  "model": "home.city",
  "pk": 427,
  "fields": {
    "cityName": "Когалым"
  }
},
{
  "model": "home.city",
  "pk": 428,
  "fields": {
    "cityName": "Кодинск"
  }
},
{
  "model": "home.city",
  "pk": 429,
  "fields": {
    "cityName": "Козельск"
  }
},
{
  "model": "home.city",
  "pk": 430,
  "fields": {
    "cityName": "Козловка"
  }
},
{
  "model": "home.city",
  "pk": 431,
  "fields": {
    "cityName": "Козьмодемьянск"
  }
},
{
  "model": "home.city",
  "pk": 432,
  "fields": {
    "cityName": "Кола"
  }
},
{
  "model": "home.city",
  "pk": 433,
  "fields": {
    "cityName": "Кологрив"
  }
},
{
  "model": "home.city",
  "pk": 434,
  "fields": {
    "cityName": "Коломна"
  }
},
{
  "model": "home.city",
  "pk": 435,
  "fields": {
    "cityName": "Колпашево"
  }
},
{
  "model": "home.city",
  "pk": 436,
  "fields": {
    "cityName": "Кольчугино"
  }
},
{
  "model": "home.city",
  "pk": 437,
  "fields": {
    "cityName": "Коммунар"
  }
},
{
  "model": "home.city",
  "pk": 438,
  "fields": {
    "cityName": "Комсомольск"
  }
},
{
  "model": "home.city",
  "pk": 439,
  "fields": {
    "cityName": "Комсомольск-на-Амуре"
  }
},
{
  "model": "home.city",
  "pk": 440,
  "fields": {
    "cityName": "Конаково"
  }
},
{
  "model": "home.city",
  "pk": 441,
  "fields": {
    "cityName": "Кондопога"
  }
},
{
  "model": "home.city",
  "pk": 442,
  "fields": {
    "cityName": "Кондрово"
  }
},
{
  "model": "home.city",
  "pk": 443,
  "fields": {
    "cityName": "Константиновск"
  }
},
{
  "model": "home.city",
  "pk": 444,
  "fields": {
    "cityName": "Копейск"
  }
},
{
  "model": "home.city",
  "pk": 445,
  "fields": {
    "cityName": "Кораблино"
  }
},
{
  "model": "home.city",
  "pk": 446,
  "fields": {
    "cityName": "Кореновск"
  }
},
{
  "model": "home.city",
  "pk": 447,
  "fields": {
    "cityName": "Коркино"
  }
},
{
  "model": "home.city",
  "pk": 448,
  "fields": {
    "cityName": "Королёв"
  }
},
{
  "model": "home.city",
  "pk": 449,
  "fields": {
    "cityName": "Короча"
  }
},
{
  "model": "home.city",
  "pk": 450,
  "fields": {
    "cityName": "Корсаков"
  }
},
{
  "model": "home.city",
  "pk": 451,
  "fields": {
    "cityName": "Коряжма"
  }
},
{
  "model": "home.city",
  "pk": 452,
  "fields": {
    "cityName": "Костерёво"
  }
},
{
  "model": "home.city",
  "pk": 453,
  "fields": {
    "cityName": "Костомукша"
  }
},
{
  "model": "home.city",
  "pk": 454,
  "fields": {
    "cityName": "Кострома"
  }
},
{
  "model": "home.city",
  "pk": 455,
  "fields": {
    "cityName": "Котельники"
  }
},
{
  "model": "home.city",
  "pk": 456,
  "fields": {
    "cityName": "Котельниково"
  }
},
{
  "model": "home.city",
  "pk": 457,
  "fields": {
    "cityName": "Котельнич"
  }
},
{
  "model": "home.city",
  "pk": 458,
  "fields": {
    "cityName": "Котлас"
  }
},
{
  "model": "home.city",
  "pk": 459,
  "fields": {
    "cityName": "Котово"
  }
},
{
  "model": "home.city",
  "pk": 460,
  "fields": {
    "cityName": "Котовск"
  }
},
{
  "model": "home.city",
  "pk": 461,
  "fields": {
    "cityName": "Кохма"
  }
},
{
  "model": "home.city",
  "pk": 462,
  "fields": {
    "cityName": "Красавино"
  }
},
{
  "model": "home.city",
  "pk": 463,
  "fields": {
    "cityName": "Красноармейск"
  }
},
{
  "model": "home.city",
  "pk": 464,
  "fields": {
    "cityName": "Красноармейск"
  }
},
{
  "model": "home.city",
  "pk": 465,
  "fields": {
    "cityName": "Красновишерск"
  }
},
{
  "model": "home.city",
  "pk": 466,
  "fields": {
    "cityName": "Красногорск"
  }
},
{
  "model": "home.city",
  "pk": 467,
  "fields": {
    "cityName": "Краснодар"
  }
},
{
  "model": "home.city",
  "pk": 468,
  "fields": {
    "cityName": "Краснозаводск"
  }
},
{
  "model": "home.city",
  "pk": 469,
  "fields": {
    "cityName": "Краснознаменск"
  }
},
{
  "model": "home.city",
  "pk": 470,
  "fields": {
    "cityName": "Краснознаменск"
  }
},
{
  "model": "home.city",
  "pk": 471,
  "fields": {
    "cityName": "Краснокаменск"
  }
},
{
  "model": "home.city",
  "pk": 472,
  "fields": {
    "cityName": "Краснокамск"
  }
},
{
  "model": "home.city",
  "pk": 473,
  "fields": {
    "cityName": "Красноперекопск"
  }
},
{
  "model": "home.city",
  "pk": 474,
  "fields": {
    "cityName": "Краснослободск"
  }
},
{
  "model": "home.city",
  "pk": 475,
  "fields": {
    "cityName": "Краснослободск"
  }
},
{
  "model": "home.city",
  "pk": 476,
  "fields": {
    "cityName": "Краснотурьинск"
  }
},
{
  "model": "home.city",
  "pk": 477,
  "fields": {
    "cityName": "Красноуральск"
  }
},
{
  "model": "home.city",
  "pk": 478,
  "fields": {
    "cityName": "Красноуфимск"
  }
},
{
  "model": "home.city",
  "pk": 479,
  "fields": {
    "cityName": "Красноярск"
  }
},
{
  "model": "home.city",
  "pk": 480,
  "fields": {
    "cityName": "Красный Кут"
  }
},
{
  "model": "home.city",
  "pk": 481,
  "fields": {
    "cityName": "Красный Сулин"
  }
},
{
  "model": "home.city",
  "pk": 482,
  "fields": {
    "cityName": "Красный Холм"
  }
},
{
  "model": "home.city",
  "pk": 483,
  "fields": {
    "cityName": "Кремёнки"
  }
},
{
  "model": "home.city",
  "pk": 484,
  "fields": {
    "cityName": "Кропоткин"
  }
},
{
  "model": "home.city",
  "pk": 485,
  "fields": {
    "cityName": "Крымск"
  }
},
{
  "model": "home.city",
  "pk": 486,
  "fields": {
    "cityName": "Кстово"
  }
},
{
  "model": "home.city",
  "pk": 487,
  "fields": {
    "cityName": "Кубинка"
  }
},
{
  "model": "home.city",
  "pk": 488,
  "fields": {
    "cityName": "Кувандык"
  }
},
{
  "model": "home.city",
  "pk": 489,
  "fields": {
    "cityName": "Кувшиново"
  }
},
{
  "model": "home.city",
  "pk": 490,
  "fields": {
    "cityName": "Кудрово"
  }
},
{
  "model": "home.city",
  "pk": 491,
  "fields": {
    "cityName": "Кудымкар"
  }
},
{
  "model": "home.city",
  "pk": 492,
  "fields": {
    "cityName": "Кузнецк"
  }
},
{
  "model": "home.city",
  "pk": 493,
  "fields": {
    "cityName": "Куйбышев"
  }
},
{
  "model": "home.city",
  "pk": 494,
  "fields": {
    "cityName": "Кукмор"
  }
},
{
  "model": "home.city",
  "pk": 495,
  "fields": {
    "cityName": "Кулебаки"
  }
},
{
  "model": "home.city",
  "pk": 496,
  "fields": {
    "cityName": "Кумертау"
  }
},
{
  "model": "home.city",
  "pk": 497,
  "fields": {
    "cityName": "Кунгур"
  }
},
{
  "model": "home.city",
  "pk": 498,
  "fields": {
    "cityName": "Купино"
  }
},
{
  "model": "home.city",
  "pk": 499,
  "fields": {
    "cityName": "Курган"
  }
},
{
  "model": "home.city",
  "pk": 500,
  "fields": {
    "cityName": "Курганинск"
  }
},
{
  "model": "home.city",
  "pk": 501,
  "fields": {
    "cityName": "Курильск"
  }
},
{
  "model": "home.city",
  "pk": 502,
  "fields": {
    "cityName": "Курлово"
  }
},
{
  "model": "home.city",
  "pk": 503,
  "fields": {
    "cityName": "Куровское"
  }
},
{
  "model": "home.city",
  "pk": 504,
  "fields": {
    "cityName": "Курск"
  }
},
{
  "model": "home.city",
  "pk": 505,
  "fields": {
    "cityName": "Куртамыш"
  }
},
{
  "model": "home.city",
  "pk": 506,
  "fields": {
    "cityName": "Курчалой"
  }
},
{
  "model": "home.city",
  "pk": 507,
  "fields": {
    "cityName": "Курчатов"
  }
},
{
  "model": "home.city",
  "pk": 508,
  "fields": {
    "cityName": "Куса"
  }
},
{
  "model": "home.city",
  "pk": 509,
  "fields": {
    "cityName": "Кушва"
  }
},
{
  "model": "home.city",
  "pk": 510,
  "fields": {
    "cityName": "Кызыл"
  }
},
{
  "model": "home.city",
  "pk": 511,
  "fields": {
    "cityName": "Кыштым"
  }
},
{
  "model": "home.city",
  "pk": 512,
  "fields": {
    "cityName": "Кяхта"
  }
},
{
  "model": "home.city",
  "pk": 513,
  "fields": {
    "cityName": "Лабинск"
  }
},
{
  "model": "home.city",
  "pk": 514,
  "fields": {
    "cityName": "Лабытнанги"
  }
},
{
  "model": "home.city",
  "pk": 515,
  "fields": {
    "cityName": "Лагань"
  }
},
{
  "model": "home.city",
  "pk": 516,
  "fields": {
    "cityName": "Ладушкин"
  }
},
{
  "model": "home.city",
  "pk": 517,
  "fields": {
    "cityName": "Лаишево"
  }
},
{
  "model": "home.city",
  "pk": 518,
  "fields": {
    "cityName": "Лакинск"
  }
},
{
  "model": "home.city",
  "pk": 519,
  "fields": {
    "cityName": "Лангепас"
  }
},
{
  "model": "home.city",
  "pk": 520,
  "fields": {
    "cityName": "Лахденпохья"
  }
},
{
  "model": "home.city",
  "pk": 521,
  "fields": {
    "cityName": "Лебедянь"
  }
},
{
  "model": "home.city",
  "pk": 522,
  "fields": {
    "cityName": "Лениногорск"
  }
},
{
  "model": "home.city",
  "pk": 523,
  "fields": {
    "cityName": "Ленинск"
  }
},
{
  "model": "home.city",
  "pk": 524,
  "fields": {
    "cityName": "Ленинск-Кузнецкий"
  }
},
{
  "model": "home.city",
  "pk": 525,
  "fields": {
    "cityName": "Ленск"
  }
},
{
  "model": "home.city",
  "pk": 526,
  "fields": {
    "cityName": "Лермонтов"
  }
},
{
  "model": "home.city",
  "pk": 527,
  "fields": {
    "cityName": "Лесной"
  }
},
{
  "model": "home.city",
  "pk": 528,
  "fields": {
    "cityName": "Лесозаводск"
  }
},
{
  "model": "home.city",
  "pk": 529,
  "fields": {
    "cityName": "Лесосибирск"
  }
},
{
  "model": "home.city",
  "pk": 530,
  "fields": {
    "cityName": "Ливны"
  }
},
{
  "model": "home.city",
  "pk": 531,
  "fields": {
    "cityName": "Ликино-Дулёво"
  }
},
{
  "model": "home.city",
  "pk": 532,
  "fields": {
    "cityName": "Липецк"
  }
},
{
  "model": "home.city",
  "pk": 533,
  "fields": {
    "cityName": "Липки"
  }
},
{
  "model": "home.city",
  "pk": 534,
  "fields": {
    "cityName": "Лиски"
  }
},
{
  "model": "home.city",
  "pk": 535,
  "fields": {
    "cityName": "Лихославль"
  }
},
{
  "model": "home.city",
  "pk": 536,
  "fields": {
    "cityName": "Лобня"
  }
},
{
  "model": "home.city",
  "pk": 537,
  "fields": {
    "cityName": "Лодейное Поле"
  }
},
{
  "model": "home.city",
  "pk": 538,
  "fields": {
    "cityName": "Лосино-Петровский"
  }
},
{
  "model": "home.city",
  "pk": 539,
  "fields": {
    "cityName": "Луга"
  }
},
{
  "model": "home.city",
  "pk": 540,
  "fields": {
    "cityName": "Луза"
  }
},
{
  "model": "home.city",
  "pk": 541,
  "fields": {
    "cityName": "Лукоянов"
  }
},
{
  "model": "home.city",
  "pk": 542,
  "fields": {
    "cityName": "Луховицы"
  }
},
{
  "model": "home.city",
  "pk": 543,
  "fields": {
    "cityName": "Лысково"
  }
},
{
  "model": "home.city",
  "pk": 544,
  "fields": {
    "cityName": "Лысьва"
  }
},
{
  "model": "home.city",
  "pk": 545,
  "fields": {
    "cityName": "Лыткарино"
  }
},
{
  "model": "home.city",
  "pk": 546,
  "fields": {
    "cityName": "Льгов"
  }
},
{
  "model": "home.city",
  "pk": 547,
  "fields": {
    "cityName": "Любань"
  }
},
{
  "model": "home.city",
  "pk": 548,
  "fields": {
    "cityName": "Люберцы"
  }
},
{
  "model": "home.city",
  "pk": 549,
  "fields": {
    "cityName": "Любим"
  }
},
{
  "model": "home.city",
  "pk": 550,
  "fields": {
    "cityName": "Людиново"
  }
},
{
  "model": "home.city",
  "pk": 551,
  "fields": {
    "cityName": "Лянтор"
  }
},
{
  "model": "home.city",
  "pk": 552,
  "fields": {
    "cityName": "Магадан"
  }
},
{
  "model": "home.city",
  "pk": 553,
  "fields": {
    "cityName": "Магас"
  }
},
{
  "model": "home.city",
  "pk": 554,
  "fields": {
    "cityName": "Магнитогорск"
  }
},
{
  "model": "home.city",
  "pk": 555,
  "fields": {
    "cityName": "Майкоп"
  }
},
{
  "model": "home.city",
  "pk": 556,
  "fields": {
    "cityName": "Майский"
  }
},
{
  "model": "home.city",
  "pk": 557,
  "fields": {
    "cityName": "Макаров"
  }
},
{
  "model": "home.city",
  "pk": 558,
  "fields": {
    "cityName": "Макарьев"
  }
},
{
  "model": "home.city",
  "pk": 559,
  "fields": {
    "cityName": "Макушино"
  }
},
{
  "model": "home.city",
  "pk": 560,
  "fields": {
    "cityName": "Малая Вишера"
  }
},
{
  "model": "home.city",
  "pk": 561,
  "fields": {
    "cityName": "Малгобек"
  }
},
{
  "model": "home.city",
  "pk": 562,
  "fields": {
    "cityName": "Малмыж"
  }
},
{
  "model": "home.city",
  "pk": 563,
  "fields": {
    "cityName": "Малоархангельск"
  }
},
{
  "model": "home.city",
  "pk": 564,
  "fields": {
    "cityName": "Малоярославец"
  }
},
{
  "model": "home.city",
  "pk": 565,
  "fields": {
    "cityName": "Мамадыш"
  }
},
{
  "model": "home.city",
  "pk": 566,
  "fields": {
    "cityName": "Мамоново"
  }
},
{
  "model": "home.city",
  "pk": 567,
  "fields": {
    "cityName": "Мантурово"
  }
},
{
  "model": "home.city",
  "pk": 568,
  "fields": {
    "cityName": "Мариинск"
  }
},
{
  "model": "home.city",
  "pk": 569,
  "fields": {
    "cityName": "Мариинский Посад"
  }
},
{
  "model": "home.city",
  "pk": 570,
  "fields": {
    "cityName": "Маркс"
  }
},
{
  "model": "home.city",
  "pk": 571,
  "fields": {
    "cityName": "Махачкала"
  }
},
{
  "model": "home.city",
  "pk": 572,
  "fields": {
    "cityName": "Мглин"
  }
},
{
  "model": "home.city",
  "pk": 573,
  "fields": {
    "cityName": "Мегион"
  }
},
{
  "model": "home.city",
  "pk": 574,
  "fields": {
    "cityName": "Медвежьегорск"
  }
},
{
  "model": "home.city",
  "pk": 575,
  "fields": {
    "cityName": "Медногорск"
  }
},
{
  "model": "home.city",
  "pk": 576,
  "fields": {
    "cityName": "Медынь"
  }
},
{
  "model": "home.city",
  "pk": 577,
  "fields": {
    "cityName": "Межгорье"
  }
},
{
  "model": "home.city",
  "pk": 578,
  "fields": {
    "cityName": "Междуреченск"
  }
},
{
  "model": "home.city",
  "pk": 579,
  "fields": {
    "cityName": "Мезень"
  }
},
{
  "model": "home.city",
  "pk": 580,
  "fields": {
    "cityName": "Меленки"
  }
},
{
  "model": "home.city",
  "pk": 581,
  "fields": {
    "cityName": "Мелеуз"
  }
},
{
  "model": "home.city",
  "pk": 582,
  "fields": {
    "cityName": "Менделеевск"
  }
},
{
  "model": "home.city",
  "pk": 583,
  "fields": {
    "cityName": "Мензелинск"
  }
},
{
  "model": "home.city",
  "pk": 584,
  "fields": {
    "cityName": "Мещовск"
  }
},
{
  "model": "home.city",
  "pk": 585,
  "fields": {
    "cityName": "Миасс"
  }
},
{
  "model": "home.city",
  "pk": 586,
  "fields": {
    "cityName": "Микунь"
  }
},
{
  "model": "home.city",
  "pk": 587,
  "fields": {
    "cityName": "Миллерово"
  }
},
{
  "model": "home.city",
  "pk": 588,
  "fields": {
    "cityName": "Минеральные Воды"
  }
},
{
  "model": "home.city",
  "pk": 589,
  "fields": {
    "cityName": "Минусинск"
  }
},
{
  "model": "home.city",
  "pk": 590,
  "fields": {
    "cityName": "Миньяр"
  }
},
{
  "model": "home.city",
  "pk": 591,
  "fields": {
    "cityName": "Мирный"
  }
},
{
  "model": "home.city",
  "pk": 592,
  "fields": {
    "cityName": "Мирный"
  }
},
{
  "model": "home.city",
  "pk": 593,
  "fields": {
    "cityName": "Михайлов"
  }
},
{
  "model": "home.city",
  "pk": 594,
  "fields": {
    "cityName": "Михайловка"
  }
},
{
  "model": "home.city",
  "pk": 595,
  "fields": {
    "cityName": "Михайловск"
  }
},
{
  "model": "home.city",
  "pk": 596,
  "fields": {
    "cityName": "Михайловск"
  }
},
{
  "model": "home.city",
  "pk": 597,
  "fields": {
    "cityName": "Мичуринск"
  }
},
{
  "model": "home.city",
  "pk": 598,
  "fields": {
    "cityName": "Могоча"
  }
},
{
  "model": "home.city",
  "pk": 599,
  "fields": {
    "cityName": "Можайск"
  }
},
{
  "model": "home.city",
  "pk": 600,
  "fields": {
    "cityName": "Можга"
  }
},
{
  "model": "home.city",
  "pk": 601,
  "fields": {
    "cityName": "Моздок"
  }
},
{
  "model": "home.city",
  "pk": 602,
  "fields": {
    "cityName": "Мончегорск"
  }
},
{
  "model": "home.city",
  "pk": 603,
  "fields": {
    "cityName": "Морозовск"
  }
},
{
  "model": "home.city",
  "pk": 604,
  "fields": {
    "cityName": "Моршанск"
  }
},
{
  "model": "home.city",
  "pk": 605,
  "fields": {
    "cityName": "Мосальск"
  }
},
{
  "model": "home.city",
  "pk": 606,
  "fields": {
    "cityName": "Москва"
  }
},
{
  "model": "home.city",
  "pk": 607,
  "fields": {
    "cityName": "Муравленко"
  }
},
{
  "model": "home.city",
  "pk": 608,
  "fields": {
    "cityName": "Мураши"
  }
},
{
  "model": "home.city",
  "pk": 609,
  "fields": {
    "cityName": "Мурино"
  }
},
{
  "model": "home.city",
  "pk": 610,
  "fields": {
    "cityName": "Мурманск"
  }
},
{
  "model": "home.city",
  "pk": 611,
  "fields": {
    "cityName": "Муром"
  }
},
{
  "model": "home.city",
  "pk": 612,
  "fields": {
    "cityName": "Мценск"
  }
},
{
  "model": "home.city",
  "pk": 613,
  "fields": {
    "cityName": "Мыски"
  }
},
{
  "model": "home.city",
  "pk": 614,
  "fields": {
    "cityName": "Мытищи"
  }
},
{
  "model": "home.city",
  "pk": 615,
  "fields": {
    "cityName": "Мышкин"
  }
},
{
  "model": "home.city",
  "pk": 616,
  "fields": {
    "cityName": "Набережные Челны"
  }
},
{
  "model": "home.city",
  "pk": 617,
  "fields": {
    "cityName": "Навашино"
  }
},
{
  "model": "home.city",
  "pk": 618,
  "fields": {
    "cityName": "Наволоки"
  }
},
{
  "model": "home.city",
  "pk": 619,
  "fields": {
    "cityName": "Надым"
  }
},
{
  "model": "home.city",
  "pk": 620,
  "fields": {
    "cityName": "Назарово"
  }
},
{
  "model": "home.city",
  "pk": 621,
  "fields": {
    "cityName": "Назрань"
  }
},
{
  "model": "home.city",
  "pk": 622,
  "fields": {
    "cityName": "Называевск"
  }
},
{
  "model": "home.city",
  "pk": 623,
  "fields": {
    "cityName": "Нальчик"
  }
},
{
  "model": "home.city",
  "pk": 624,
  "fields": {
    "cityName": "Нариманов"
  }
},
{
  "model": "home.city",
  "pk": 625,
  "fields": {
    "cityName": "Наро-Фоминск"
  }
},
{
  "model": "home.city",
  "pk": 626,
  "fields": {
    "cityName": "Нарткала"
  }
},
{
  "model": "home.city",
  "pk": 627,
  "fields": {
    "cityName": "Нарьян-Мар"
  }
},
{
  "model": "home.city",
  "pk": 628,
  "fields": {
    "cityName": "Находка"
  }
},
{
  "model": "home.city",
  "pk": 629,
  "fields": {
    "cityName": "Невель"
  }
},
{
  "model": "home.city",
  "pk": 630,
  "fields": {
    "cityName": "Невельск"
  }
},
{
  "model": "home.city",
  "pk": 631,
  "fields": {
    "cityName": "Невинномысск"
  }
},
{
  "model": "home.city",
  "pk": 632,
  "fields": {
    "cityName": "Невьянск"
  }
},
{
  "model": "home.city",
  "pk": 633,
  "fields": {
    "cityName": "Нелидово"
  }
},
{
  "model": "home.city",
  "pk": 634,
  "fields": {
    "cityName": "Неман"
  }
},
{
  "model": "home.city",
  "pk": 635,
  "fields": {
    "cityName": "Нерехта"
  }
},
{
  "model": "home.city",
  "pk": 636,
  "fields": {
    "cityName": "Нерчинск"
  }
},
{
  "model": "home.city",
  "pk": 637,
  "fields": {
    "cityName": "Нерюнгри"
  }
},
{
  "model": "home.city",
  "pk": 638,
  "fields": {
    "cityName": "Нестеров"
  }
},
{
  "model": "home.city",
  "pk": 639,
  "fields": {
    "cityName": "Нефтегорск"
  }
},
{
  "model": "home.city",
  "pk": 640,
  "fields": {
    "cityName": "Нефтекамск"
  }
},
{
  "model": "home.city",
  "pk": 641,
  "fields": {
    "cityName": "Нефтекумск"
  }
},
{
  "model": "home.city",
  "pk": 642,
  "fields": {
    "cityName": "Нефтеюганск"
  }
},
{
  "model": "home.city",
  "pk": 643,
  "fields": {
    "cityName": "Нея"
  }
},
{
  "model": "home.city",
  "pk": 644,
  "fields": {
    "cityName": "Нижневартовск"
  }
},
{
  "model": "home.city",
  "pk": 645,
  "fields": {
    "cityName": "Нижнекамск"
  }
},
{
  "model": "home.city",
  "pk": 646,
  "fields": {
    "cityName": "Нижнеудинск"
  }
},
{
  "model": "home.city",
  "pk": 647,
  "fields": {
    "cityName": "Нижние Серги"
  }
},
{
  "model": "home.city",
  "pk": 648,
  "fields": {
    "cityName": "Нижний Ломов"
  }
},
{
  "model": "home.city",
  "pk": 649,
  "fields": {
    "cityName": "Нижний Новгород"
  }
},
{
  "model": "home.city",
  "pk": 650,
  "fields": {
    "cityName": "Нижний Тагил"
  }
},
{
  "model": "home.city",
  "pk": 651,
  "fields": {
    "cityName": "Нижняя Салда"
  }
},
{
  "model": "home.city",
  "pk": 652,
  "fields": {
    "cityName": "Нижняя Тура"
  }
},
{
  "model": "home.city",
  "pk": 653,
  "fields": {
    "cityName": "Николаевск"
  }
},
{
  "model": "home.city",
  "pk": 654,
  "fields": {
    "cityName": "Николаевск-на-Амуре"
  }
},
{
  "model": "home.city",
  "pk": 655,
  "fields": {
    "cityName": "Никольск"
  }
},
{
  "model": "home.city",
  "pk": 656,
  "fields": {
    "cityName": "Никольск"
  }
},
{
  "model": "home.city",
  "pk": 657,
  "fields": {
    "cityName": "Никольское"
  }
},
{
  "model": "home.city",
  "pk": 658,
  "fields": {
    "cityName": "Новая Ладога"
  }
},
{
  "model": "home.city",
  "pk": 659,
  "fields": {
    "cityName": "Новая Ляля"
  }
},
{
  "model": "home.city",
  "pk": 660,
  "fields": {
    "cityName": "Новоалександровск"
  }
},
{
  "model": "home.city",
  "pk": 661,
  "fields": {
    "cityName": "Новоалтайск"
  }
},
{
  "model": "home.city",
  "pk": 662,
  "fields": {
    "cityName": "Новоаннинский"
  }
},
{
  "model": "home.city",
  "pk": 663,
  "fields": {
    "cityName": "Нововоронеж"
  }
},
{
  "model": "home.city",
  "pk": 664,
  "fields": {
    "cityName": "Новодвинск"
  }
},
{
  "model": "home.city",
  "pk": 665,
  "fields": {
    "cityName": "Новозыбков"
  }
},
{
  "model": "home.city",
  "pk": 666,
  "fields": {
    "cityName": "Новокубанск"
  }
},
{
  "model": "home.city",
  "pk": 667,
  "fields": {
    "cityName": "Новокузнецк"
  }
},
{
  "model": "home.city",
  "pk": 668,
  "fields": {
    "cityName": "Новокуйбышевск"
  }
},
{
  "model": "home.city",
  "pk": 669,
  "fields": {
    "cityName": "Новомичуринск"
  }
},
{
  "model": "home.city",
  "pk": 670,
  "fields": {
    "cityName": "Новомосковск"
  }
},
{
  "model": "home.city",
  "pk": 671,
  "fields": {
    "cityName": "Новопавловск"
  }
},
{
  "model": "home.city",
  "pk": 672,
  "fields": {
    "cityName": "Новоржев"
  }
},
{
  "model": "home.city",
  "pk": 673,
  "fields": {
    "cityName": "Новороссийск"
  }
},
{
  "model": "home.city",
  "pk": 674,
  "fields": {
    "cityName": "Новосибирск"
  }
},
{
  "model": "home.city",
  "pk": 675,
  "fields": {
    "cityName": "Новосиль"
  }
},
{
  "model": "home.city",
  "pk": 676,
  "fields": {
    "cityName": "Новосокольники"
  }
},
{
  "model": "home.city",
  "pk": 677,
  "fields": {
    "cityName": "Новотроицк"
  }
},
{
  "model": "home.city",
  "pk": 678,
  "fields": {
    "cityName": "Новоузенск"
  }
},
{
  "model": "home.city",
  "pk": 679,
  "fields": {
    "cityName": "Новоульяновск"
  }
},
{
  "model": "home.city",
  "pk": 680,
  "fields": {
    "cityName": "Новоуральск"
  }
},
{
  "model": "home.city",
  "pk": 681,
  "fields": {
    "cityName": "Новохопёрск"
  }
},
{
  "model": "home.city",
  "pk": 682,
  "fields": {
    "cityName": "Новочебоксарск"
  }
},
{
  "model": "home.city",
  "pk": 683,
  "fields": {
    "cityName": "Новочеркасск"
  }
},
{
  "model": "home.city",
  "pk": 684,
  "fields": {
    "cityName": "Новошахтинск"
  }
},
{
  "model": "home.city",
  "pk": 685,
  "fields": {
    "cityName": "Новый Оскол"
  }
},
{
  "model": "home.city",
  "pk": 686,
  "fields": {
    "cityName": "Новый Уренгой"
  }
},
{
  "model": "home.city",
  "pk": 687,
  "fields": {
    "cityName": "Ногинск"
  }
},
{
  "model": "home.city",
  "pk": 688,
  "fields": {
    "cityName": "Нолинск"
  }
},
{
  "model": "home.city",
  "pk": 689,
  "fields": {
    "cityName": "Норильск"
  }
},
{
  "model": "home.city",
  "pk": 690,
  "fields": {
    "cityName": "Ноябрьск"
  }
},
{
  "model": "home.city",
  "pk": 691,
  "fields": {
    "cityName": "Нурлат"
  }
},
{
  "model": "home.city",
  "pk": 692,
  "fields": {
    "cityName": "Нытва"
  }
},
{
  "model": "home.city",
  "pk": 693,
  "fields": {
    "cityName": "Нюрба"
  }
},
{
  "model": "home.city",
  "pk": 694,
  "fields": {
    "cityName": "Нягань"
  }
},
{
  "model": "home.city",
  "pk": 695,
  "fields": {
    "cityName": "Нязепетровск"
  }
},
{
  "model": "home.city",
  "pk": 696,
  "fields": {
    "cityName": "Няндома"
  }
},
{
  "model": "home.city",
  "pk": 697,
  "fields": {
    "cityName": "Облучье"
  }
},
{
  "model": "home.city",
  "pk": 698,
  "fields": {
    "cityName": "Обнинск"
  }
},
{
  "model": "home.city",
  "pk": 699,
  "fields": {
    "cityName": "Обоянь"
  }
},
{
  "model": "home.city",
  "pk": 700,
  "fields": {
    "cityName": "Обь"
  }
},
{
  "model": "home.city",
  "pk": 701,
  "fields": {
    "cityName": "Одинцово"
  }
},
{
  "model": "home.city",
  "pk": 702,
  "fields": {
    "cityName": "Озёрск"
  }
},
{
  "model": "home.city",
  "pk": 703,
  "fields": {
    "cityName": "Озёрск"
  }
},
{
  "model": "home.city",
  "pk": 704,
  "fields": {
    "cityName": "Озёры"
  }
},
{
  "model": "home.city",
  "pk": 705,
  "fields": {
    "cityName": "Октябрьск"
  }
},
{
  "model": "home.city",
  "pk": 706,
  "fields": {
    "cityName": "Октябрьский"
  }
},
{
  "model": "home.city",
  "pk": 707,
  "fields": {
    "cityName": "Окуловка"
  }
},
{
  "model": "home.city",
  "pk": 708,
  "fields": {
    "cityName": "Олёкминск"
  }
},
{
  "model": "home.city",
  "pk": 709,
  "fields": {
    "cityName": "Оленегорск"
  }
},
{
  "model": "home.city",
  "pk": 710,
  "fields": {
    "cityName": "Олонец"
  }
},
{
  "model": "home.city",
  "pk": 711,
  "fields": {
    "cityName": "Омск"
  }
},
{
  "model": "home.city",
  "pk": 712,
  "fields": {
    "cityName": "Омутнинск"
  }
},
{
  "model": "home.city",
  "pk": 713,
  "fields": {
    "cityName": "Онега"
  }
},
{
  "model": "home.city",
  "pk": 714,
  "fields": {
    "cityName": "Опочка"
  }
},
{
  "model": "home.city",
  "pk": 715,
  "fields": {
    "cityName": "Орёл"
  }
},
{
  "model": "home.city",
  "pk": 716,
  "fields": {
    "cityName": "Оренбург"
  }
},
{
  "model": "home.city",
  "pk": 717,
  "fields": {
    "cityName": "Орехово-Зуево"
  }
},
{
  "model": "home.city",
  "pk": 718,
  "fields": {
    "cityName": "Орлов"
  }
},
{
  "model": "home.city",
  "pk": 719,
  "fields": {
    "cityName": "Орск"
  }
},
{
  "model": "home.city",
  "pk": 720,
  "fields": {
    "cityName": "Оса"
  }
},
{
  "model": "home.city",
  "pk": 721,
  "fields": {
    "cityName": "Осинники"
  }
},
{
  "model": "home.city",
  "pk": 722,
  "fields": {
    "cityName": "Осташков"
  }
},
{
  "model": "home.city",
  "pk": 723,
  "fields": {
    "cityName": "Остров"
  }
},
{
  "model": "home.city",
  "pk": 724,
  "fields": {
    "cityName": "Островной"
  }
},
{
  "model": "home.city",
  "pk": 725,
  "fields": {
    "cityName": "Острогожск"
  }
},
{
  "model": "home.city",
  "pk": 726,
  "fields": {
    "cityName": "Отрадное"
  }
},
{
  "model": "home.city",
  "pk": 727,
  "fields": {
    "cityName": "Отрадный"
  }
},
{
  "model": "home.city",
  "pk": 728,
  "fields": {
    "cityName": "Оха"
  }
},
{
  "model": "home.city",
  "pk": 729,
  "fields": {
    "cityName": "Оханск"
  }
},
{
  "model": "home.city",
  "pk": 730,
  "fields": {
    "cityName": "Очёр"
  }
},
{
  "model": "home.city",
  "pk": 731,
  "fields": {
    "cityName": "Павлово"
  }
},
{
  "model": "home.city",
  "pk": 732,
  "fields": {
    "cityName": "Павловск"
  }
},
{
  "model": "home.city",
  "pk": 733,
  "fields": {
    "cityName": "Павловский Посад"
  }
},
{
  "model": "home.city",
  "pk": 734,
  "fields": {
    "cityName": "Палласовка"
  }
},
{
  "model": "home.city",
  "pk": 735,
  "fields": {
    "cityName": "Партизанск"
  }
},
{
  "model": "home.city",
  "pk": 736,
  "fields": {
    "cityName": "Певек"
  }
},
{
  "model": "home.city",
  "pk": 737,
  "fields": {
    "cityName": "Пенза"
  }
},
{
  "model": "home.city",
  "pk": 738,
  "fields": {
    "cityName": "Первомайск"
  }
},
{
  "model": "home.city",
  "pk": 739,
  "fields": {
    "cityName": "Первоуральск"
  }
},
{
  "model": "home.city",
  "pk": 740,
  "fields": {
    "cityName": "Перевоз"
  }
},
{
  "model": "home.city",
  "pk": 741,
  "fields": {
    "cityName": "Пересвет"
  }
},
{
  "model": "home.city",
  "pk": 742,
  "fields": {
    "cityName": "Переславль-Залесский"
  }
},
{
  "model": "home.city",
  "pk": 743,
  "fields": {
    "cityName": "Пермь"
  }
},
{
  "model": "home.city",
  "pk": 744,
  "fields": {
    "cityName": "Пестово"
  }
},
{
  "model": "home.city",
  "pk": 745,
  "fields": {
    "cityName": "Петров Вал"
  }
},
{
  "model": "home.city",
  "pk": 746,
  "fields": {
    "cityName": "Петровск"
  }
},
{
  "model": "home.city",
  "pk": 747,
  "fields": {
    "cityName": "Петровск-Забайкальский"
  }
},
{
  "model": "home.city",
  "pk": 748,
  "fields": {
    "cityName": "Петрозаводск"
  }
},
{
  "model": "home.city",
  "pk": 749,
  "fields": {
    "cityName": "Петропавловск-Камчатский"
  }
},
{
  "model": "home.city",
  "pk": 750,
  "fields": {
    "cityName": "Петухово"
  }
},
{
  "model": "home.city",
  "pk": 751,
  "fields": {
    "cityName": "Петушки"
  }
},
{
  "model": "home.city",
  "pk": 752,
  "fields": {
    "cityName": "Печора"
  }
},
{
  "model": "home.city",
  "pk": 753,
  "fields": {
    "cityName": "Печоры"
  }
},
{
  "model": "home.city",
  "pk": 754,
  "fields": {
    "cityName": "Пикалёво"
  }
},
{
  "model": "home.city",
  "pk": 755,
  "fields": {
    "cityName": "Пионерский"
  }
},
{
  "model": "home.city",
  "pk": 756,
  "fields": {
    "cityName": "Питкяранта"
  }
},
{
  "model": "home.city",
  "pk": 757,
  "fields": {
    "cityName": "Плавск"
  }
},
{
  "model": "home.city",
  "pk": 758,
  "fields": {
    "cityName": "Пласт"
  }
},
{
  "model": "home.city",
  "pk": 759,
  "fields": {
    "cityName": "Плёс"
  }
},
{
  "model": "home.city",
  "pk": 760,
  "fields": {
    "cityName": "Поворино"
  }
},
{
  "model": "home.city",
  "pk": 761,
  "fields": {
    "cityName": "Подольск"
  }
},
{
  "model": "home.city",
  "pk": 762,
  "fields": {
    "cityName": "Подпорожье"
  }
},
{
  "model": "home.city",
  "pk": 763,
  "fields": {
    "cityName": "Покачи"
  }
},
{
  "model": "home.city",
  "pk": 764,
  "fields": {
    "cityName": "Покров"
  }
},
{
  "model": "home.city",
  "pk": 765,
  "fields": {
    "cityName": "Покровск"
  }
},
{
  "model": "home.city",
  "pk": 766,
  "fields": {
    "cityName": "Полевской"
  }
},
{
  "model": "home.city",
  "pk": 767,
  "fields": {
    "cityName": "Полесск"
  }
},
{
  "model": "home.city",
  "pk": 768,
  "fields": {
    "cityName": "Полысаево"
  }
},
{
  "model": "home.city",
  "pk": 769,
  "fields": {
    "cityName": "Полярные Зори"
  }
},
{
  "model": "home.city",
  "pk": 770,
  "fields": {
    "cityName": "Полярный"
  }
},
{
  "model": "home.city",
  "pk": 771,
  "fields": {
    "cityName": "Поронайск"
  }
},
{
  "model": "home.city",
  "pk": 772,
  "fields": {
    "cityName": "Порхов"
  }
},
{
  "model": "home.city",
  "pk": 773,
  "fields": {
    "cityName": "Похвистнево"
  }
},
{
  "model": "home.city",
  "pk": 774,
  "fields": {
    "cityName": "Почеп"
  }
},
{
  "model": "home.city",
  "pk": 775,
  "fields": {
    "cityName": "Починок"
  }
},
{
  "model": "home.city",
  "pk": 776,
  "fields": {
    "cityName": "Пошехонье"
  }
},
{
  "model": "home.city",
  "pk": 777,
  "fields": {
    "cityName": "Правдинск"
  }
},
{
  "model": "home.city",
  "pk": 778,
  "fields": {
    "cityName": "Приволжск"
  }
},
{
  "model": "home.city",
  "pk": 779,
  "fields": {
    "cityName": "Приморск"
  }
},
{
  "model": "home.city",
  "pk": 780,
  "fields": {
    "cityName": "Приморск"
  }
},
{
  "model": "home.city",
  "pk": 781,
  "fields": {
    "cityName": "Приморско-Ахтарск"
  }
},
{
  "model": "home.city",
  "pk": 782,
  "fields": {
    "cityName": "Приозерск"
  }
},
{
  "model": "home.city",
  "pk": 783,
  "fields": {
    "cityName": "Прокопьевск"
  }
},
{
  "model": "home.city",
  "pk": 784,
  "fields": {
    "cityName": "Пролетарск"
  }
},
{
  "model": "home.city",
  "pk": 785,
  "fields": {
    "cityName": "Протвино"
  }
},
{
  "model": "home.city",
  "pk": 786,
  "fields": {
    "cityName": "Прохладный"
  }
},
{
  "model": "home.city",
  "pk": 787,
  "fields": {
    "cityName": "Псков"
  }
},
{
  "model": "home.city",
  "pk": 788,
  "fields": {
    "cityName": "Пугачёв"
  }
},
{
  "model": "home.city",
  "pk": 789,
  "fields": {
    "cityName": "Пудож"
  }
},
{
  "model": "home.city",
  "pk": 790,
  "fields": {
    "cityName": "Пустошка"
  }
},
{
  "model": "home.city",
  "pk": 791,
  "fields": {
    "cityName": "Пучеж"
  }
},
{
  "model": "home.city",
  "pk": 792,
  "fields": {
    "cityName": "Пушкино"
  }
},
{
  "model": "home.city",
  "pk": 793,
  "fields": {
    "cityName": "Пущино"
  }
},
{
  "model": "home.city",
  "pk": 794,
  "fields": {
    "cityName": "Пыталово"
  }
},
{
  "model": "home.city",
  "pk": 795,
  "fields": {
    "cityName": "Пыть-Ях"
  }
},
{
  "model": "home.city",
  "pk": 796,
  "fields": {
    "cityName": "Пятигорск"
  }
},
{
  "model": "home.city",
  "pk": 797,
  "fields": {
    "cityName": "Радужный"
  }
},
{
  "model": "home.city",
  "pk": 798,
  "fields": {
    "cityName": "Радужный"
  }
},
{
  "model": "home.city",
  "pk": 799,
  "fields": {
    "cityName": "Райчихинск"
  }
},
{
  "model": "home.city",
  "pk": 800,
  "fields": {
    "cityName": "Раменское"
  }
},
{
  "model": "home.city",
  "pk": 801,
  "fields": {
    "cityName": "Рассказово"
  }
},
{
  "model": "home.city",
  "pk": 802,
  "fields": {
    "cityName": "Ревда"
  }
},
{
  "model": "home.city",
  "pk": 803,
  "fields": {
    "cityName": "Реж"
  }
},
{
  "model": "home.city",
  "pk": 804,
  "fields": {
    "cityName": "Реутов"
  }
},
{
  "model": "home.city",
  "pk": 805,
  "fields": {
    "cityName": "Ржев"
  }
},
{
  "model": "home.city",
  "pk": 806,
  "fields": {
    "cityName": "Родники"
  }
},
{
  "model": "home.city",
  "pk": 807,
  "fields": {
    "cityName": "Рославль"
  }
},
{
  "model": "home.city",
  "pk": 808,
  "fields": {
    "cityName": "Россошь"
  }
},
{
  "model": "home.city",
  "pk": 809,
  "fields": {
    "cityName": "Ростов-на-Дону"
  }
},
{
  "model": "home.city",
  "pk": 810,
  "fields": {
    "cityName": "Ростов"
  }
},
{
  "model": "home.city",
  "pk": 811,
  "fields": {
    "cityName": "Рошаль"
  }
},
{
  "model": "home.city",
  "pk": 812,
  "fields": {
    "cityName": "Ртищево"
  }
},
{
  "model": "home.city",
  "pk": 813,
  "fields": {
    "cityName": "Рубцовск"
  }
},
{
  "model": "home.city",
  "pk": 814,
  "fields": {
    "cityName": "Рудня"
  }
},
{
  "model": "home.city",
  "pk": 815,
  "fields": {
    "cityName": "Руза"
  }
},
{
  "model": "home.city",
  "pk": 816,
  "fields": {
    "cityName": "Рузаевка"
  }
},
{
  "model": "home.city",
  "pk": 817,
  "fields": {
    "cityName": "Рыбинск"
  }
},
{
  "model": "home.city",
  "pk": 818,
  "fields": {
    "cityName": "Рыбное"
  }
},
{
  "model": "home.city",
  "pk": 819,
  "fields": {
    "cityName": "Рыльск"
  }
},
{
  "model": "home.city",
  "pk": 820,
  "fields": {
    "cityName": "Ряжск"
  }
},
{
  "model": "home.city",
  "pk": 821,
  "fields": {
    "cityName": "Рязань"
  }
},
{
  "model": "home.city",
  "pk": 822,
  "fields": {
    "cityName": "Саки"
  }
},
{
  "model": "home.city",
  "pk": 823,
  "fields": {
    "cityName": "Салават"
  }
},
{
  "model": "home.city",
  "pk": 824,
  "fields": {
    "cityName": "Салаир"
  }
},
{
  "model": "home.city",
  "pk": 825,
  "fields": {
    "cityName": "Салехард"
  }
},
{
  "model": "home.city",
  "pk": 826,
  "fields": {
    "cityName": "Сальск"
  }
},
{
  "model": "home.city",
  "pk": 827,
  "fields": {
    "cityName": "Самара"
  }
},
{
  "model": "home.city",
  "pk": 828,
  "fields": {
    "cityName": "Санкт-Петербург"
  }
},
{
  "model": "home.city",
  "pk": 829,
  "fields": {
    "cityName": "Саранск"
  }
},
{
  "model": "home.city",
  "pk": 830,
  "fields": {
    "cityName": "Сарапул"
  }
},
{
  "model": "home.city",
  "pk": 831,
  "fields": {
    "cityName": "Саратов"
  }
},
{
  "model": "home.city",
  "pk": 832,
  "fields": {
    "cityName": "Саров"
  }
},
{
  "model": "home.city",
  "pk": 833,
  "fields": {
    "cityName": "Сасово"
  }
},
{
  "model": "home.city",
  "pk": 834,
  "fields": {
    "cityName": "Сатка"
  }
},
{
  "model": "home.city",
  "pk": 835,
  "fields": {
    "cityName": "Сафоново"
  }
},
{
  "model": "home.city",
  "pk": 836,
  "fields": {
    "cityName": "Саяногорск"
  }
},
{
  "model": "home.city",
  "pk": 837,
  "fields": {
    "cityName": "Саянск"
  }
},
{
  "model": "home.city",
  "pk": 838,
  "fields": {
    "cityName": "Светлогорск"
  }
},
{
  "model": "home.city",
  "pk": 839,
  "fields": {
    "cityName": "Светлоград"
  }
},
{
  "model": "home.city",
  "pk": 840,
  "fields": {
    "cityName": "Светлый"
  }
},
{
  "model": "home.city",
  "pk": 841,
  "fields": {
    "cityName": "Светогорск"
  }
},
{
  "model": "home.city",
  "pk": 842,
  "fields": {
    "cityName": "Свирск"
  }
},
{
  "model": "home.city",
  "pk": 843,
  "fields": {
    "cityName": "Свободный"
  }
},
{
  "model": "home.city",
  "pk": 844,
  "fields": {
    "cityName": "Себеж"
  }
},
{
  "model": "home.city",
  "pk": 845,
  "fields": {
    "cityName": "Севастополь"
  }
},
{
  "model": "home.city",
  "pk": 846,
  "fields": {
    "cityName": "Северо-Курильск"
  }
},
{
  "model": "home.city",
  "pk": 847,
  "fields": {
    "cityName": "Северобайкальск"
  }
},
{
  "model": "home.city",
  "pk": 848,
  "fields": {
    "cityName": "Северодвинск"
  }
},
{
  "model": "home.city",
  "pk": 849,
  "fields": {
    "cityName": "Североморск"
  }
},
{
  "model": "home.city",
  "pk": 850,
  "fields": {
    "cityName": "Североуральск"
  }
},
{
  "model": "home.city",
  "pk": 851,
  "fields": {
    "cityName": "Северск"
  }
},
{
  "model": "home.city",
  "pk": 852,
  "fields": {
    "cityName": "Севск"
  }
},
{
  "model": "home.city",
  "pk": 853,
  "fields": {
    "cityName": "Сегежа"
  }
},
{
  "model": "home.city",
  "pk": 854,
  "fields": {
    "cityName": "Сельцо"
  }
},
{
  "model": "home.city",
  "pk": 855,
  "fields": {
    "cityName": "Семёнов"
  }
},
{
  "model": "home.city",
  "pk": 856,
  "fields": {
    "cityName": "Семикаракорск"
  }
},
{
  "model": "home.city",
  "pk": 857,
  "fields": {
    "cityName": "Семилуки"
  }
},
{
  "model": "home.city",
  "pk": 858,
  "fields": {
    "cityName": "Сенгилей"
  }
},
{
  "model": "home.city",
  "pk": 859,
  "fields": {
    "cityName": "Серафимович"
  }
},
{
  "model": "home.city",
  "pk": 860,
  "fields": {
    "cityName": "Сергач"
  }
},
{
  "model": "home.city",
  "pk": 861,
  "fields": {
    "cityName": "Сергиев Посад"
  }
},
{
  "model": "home.city",
  "pk": 862,
  "fields": {
    "cityName": "Сердобск"
  }
},
{
  "model": "home.city",
  "pk": 863,
  "fields": {
    "cityName": "Серов"
  }
},
{
  "model": "home.city",
  "pk": 864,
  "fields": {
    "cityName": "Серпухов"
  }
},
{
  "model": "home.city",
  "pk": 865,
  "fields": {
    "cityName": "Сертолово"
  }
},
{
  "model": "home.city",
  "pk": 866,
  "fields": {
    "cityName": "Сибай"
  }
},
{
  "model": "home.city",
  "pk": 867,
  "fields": {
    "cityName": "Сим"
  }
},
{
  "model": "home.city",
  "pk": 868,
  "fields": {
    "cityName": "Симферополь"
  }
},
{
  "model": "home.city",
  "pk": 869,
  "fields": {
    "cityName": "Сковородино"
  }
},
{
  "model": "home.city",
  "pk": 870,
  "fields": {
    "cityName": "Скопин"
  }
},
{
  "model": "home.city",
  "pk": 871,
  "fields": {
    "cityName": "Славгород"
  }
},
{
  "model": "home.city",
  "pk": 872,
  "fields": {
    "cityName": "Славск"
  }
},
{
  "model": "home.city",
  "pk": 873,
  "fields": {
    "cityName": "Славянск-на-Кубани"
  }
},
{
  "model": "home.city",
  "pk": 874,
  "fields": {
    "cityName": "Сланцы"
  }
},
{
  "model": "home.city",
  "pk": 875,
  "fields": {
    "cityName": "Слободской"
  }
},
{
  "model": "home.city",
  "pk": 876,
  "fields": {
    "cityName": "Слюдянка"
  }
},
{
  "model": "home.city",
  "pk": 877,
  "fields": {
    "cityName": "Смоленск"
  }
},
{
  "model": "home.city",
  "pk": 878,
  "fields": {
    "cityName": "Снежинск"
  }
},
{
  "model": "home.city",
  "pk": 879,
  "fields": {
    "cityName": "Снежногорск"
  }
},
{
  "model": "home.city",
  "pk": 880,
  "fields": {
    "cityName": "Собинка"
  }
},
{
  "model": "home.city",
  "pk": 881,
  "fields": {
    "cityName": "Советск"
  }
},
{
  "model": "home.city",
  "pk": 882,
  "fields": {
    "cityName": "Советск"
  }
},
{
  "model": "home.city",
  "pk": 883,
  "fields": {
    "cityName": "Советск"
  }
},
{
  "model": "home.city",
  "pk": 884,
  "fields": {
    "cityName": "Советская Гавань"
  }
},
{
  "model": "home.city",
  "pk": 885,
  "fields": {
    "cityName": "Советский"
  }
},
{
  "model": "home.city",
  "pk": 886,
  "fields": {
    "cityName": "Сокол"
  }
},
{
  "model": "home.city",
  "pk": 887,
  "fields": {
    "cityName": "Солигалич"
  }
},
{
  "model": "home.city",
  "pk": 888,
  "fields": {
    "cityName": "Соликамск"
  }
},
{
  "model": "home.city",
  "pk": 889,
  "fields": {
    "cityName": "Солнечногорск"
  }
},
{
  "model": "home.city",
  "pk": 890,
  "fields": {
    "cityName": "Соль-Илецк"
  }
},
{
  "model": "home.city",
  "pk": 891,
  "fields": {
    "cityName": "Сольвычегодск"
  }
},
{
  "model": "home.city",
  "pk": 892,
  "fields": {
    "cityName": "Сольцы"
  }
},
{
  "model": "home.city",
  "pk": 893,
  "fields": {
    "cityName": "Сорочинск"
  }
},
{
  "model": "home.city",
  "pk": 894,
  "fields": {
    "cityName": "Сорск"
  }
},
{
  "model": "home.city",
  "pk": 895,
  "fields": {
    "cityName": "Сортавала"
  }
},
{
  "model": "home.city",
  "pk": 896,
  "fields": {
    "cityName": "Сосенский"
  }
},
{
  "model": "home.city",
  "pk": 897,
  "fields": {
    "cityName": "Сосновка"
  }
},
{
  "model": "home.city",
  "pk": 898,
  "fields": {
    "cityName": "Сосновоборск"
  }
},
{
  "model": "home.city",
  "pk": 899,
  "fields": {
    "cityName": "Сосновый Бор"
  }
},
{
  "model": "home.city",
  "pk": 900,
  "fields": {
    "cityName": "Сосногорск"
  }
},
{
  "model": "home.city",
  "pk": 901,
  "fields": {
    "cityName": "Сочи"
  }
},
{
  "model": "home.city",
  "pk": 902,
  "fields": {
    "cityName": "Спас-Деменск"
  }
},
{
  "model": "home.city",
  "pk": 903,
  "fields": {
    "cityName": "Спас-Клепики"
  }
},
{
  "model": "home.city",
  "pk": 904,
  "fields": {
    "cityName": "Спасск"
  }
},
{
  "model": "home.city",
  "pk": 905,
  "fields": {
    "cityName": "Спасск-Дальний"
  }
},
{
  "model": "home.city",
  "pk": 906,
  "fields": {
    "cityName": "Спасск-Рязанский"
  }
},
{
  "model": "home.city",
  "pk": 907,
  "fields": {
    "cityName": "Среднеколымск"
  }
},
{
  "model": "home.city",
  "pk": 908,
  "fields": {
    "cityName": "Среднеуральск"
  }
},
{
  "model": "home.city",
  "pk": 909,
  "fields": {
    "cityName": "Сретенск"
  }
},
{
  "model": "home.city",
  "pk": 910,
  "fields": {
    "cityName": "Ставрополь"
  }
},
{
  "model": "home.city",
  "pk": 911,
  "fields": {
    "cityName": "Старая Купавна"
  }
},
{
  "model": "home.city",
  "pk": 912,
  "fields": {
    "cityName": "Старая Русса"
  }
},
{
  "model": "home.city",
  "pk": 913,
  "fields": {
    "cityName": "Старица"
  }
},
{
  "model": "home.city",
  "pk": 914,
  "fields": {
    "cityName": "Стародуб"
  }
},
{
  "model": "home.city",
  "pk": 915,
  "fields": {
    "cityName": "Старый Крым"
  }
},
{
  "model": "home.city",
  "pk": 916,
  "fields": {
    "cityName": "Старый Оскол"
  }
},
{
  "model": "home.city",
  "pk": 917,
  "fields": {
    "cityName": "Стерлитамак"
  }
},
{
  "model": "home.city",
  "pk": 918,
  "fields": {
    "cityName": "Стрежевой"
  }
},
{
  "model": "home.city",
  "pk": 919,
  "fields": {
    "cityName": "Строитель"
  }
},
{
  "model": "home.city",
  "pk": 920,
  "fields": {
    "cityName": "Струнино"
  }
},
{
  "model": "home.city",
  "pk": 921,
  "fields": {
    "cityName": "Ступино"
  }
},
{
  "model": "home.city",
  "pk": 922,
  "fields": {
    "cityName": "Суворов"
  }
},
{
  "model": "home.city",
  "pk": 923,
  "fields": {
    "cityName": "Судак"
  }
},
{
  "model": "home.city",
  "pk": 924,
  "fields": {
    "cityName": "Суджа"
  }
},
{
  "model": "home.city",
  "pk": 925,
  "fields": {
    "cityName": "Судогда"
  }
},
{
  "model": "home.city",
  "pk": 926,
  "fields": {
    "cityName": "Суздаль"
  }
},
{
  "model": "home.city",
  "pk": 927,
  "fields": {
    "cityName": "Сунжа"
  }
},
{
  "model": "home.city",
  "pk": 928,
  "fields": {
    "cityName": "Суоярви"
  }
},
{
  "model": "home.city",
  "pk": 929,
  "fields": {
    "cityName": "Сураж"
  }
},
{
  "model": "home.city",
  "pk": 930,
  "fields": {
    "cityName": "Сургут"
  }
},
{
  "model": "home.city",
  "pk": 931,
  "fields": {
    "cityName": "Суровикино"
  }
},
{
  "model": "home.city",
  "pk": 932,
  "fields": {
    "cityName": "Сурск"
  }
},
{
  "model": "home.city",
  "pk": 933,
  "fields": {
    "cityName": "Сусуман"
  }
},
{
  "model": "home.city",
  "pk": 934,
  "fields": {
    "cityName": "Сухиничи"
  }
},
{
  "model": "home.city",
  "pk": 935,
  "fields": {
    "cityName": "Сухой Лог"
  }
},
{
  "model": "home.city",
  "pk": 936,
  "fields": {
    "cityName": "Сызрань"
  }
},
{
  "model": "home.city",
  "pk": 937,
  "fields": {
    "cityName": "Сыктывкар"
  }
},
{
  "model": "home.city",
  "pk": 938,
  "fields": {
    "cityName": "Сысерть"
  }
},
{
  "model": "home.city",
  "pk": 939,
  "fields": {
    "cityName": "Сычёвка"
  }
},
{
  "model": "home.city",
  "pk": 940,
  "fields": {
    "cityName": "Сясьстрой"
  }
},
{
  "model": "home.city",
  "pk": 941,
  "fields": {
    "cityName": "Тавда"
  }
},
{
  "model": "home.city",
  "pk": 942,
  "fields": {
    "cityName": "Таганрог"
  }
},
{
  "model": "home.city",
  "pk": 943,
  "fields": {
    "cityName": "Тайга"
  }
},
{
  "model": "home.city",
  "pk": 944,
  "fields": {
    "cityName": "Тайшет"
  }
},
{
  "model": "home.city",
  "pk": 945,
  "fields": {
    "cityName": "Талдом"
  }
},
{
  "model": "home.city",
  "pk": 946,
  "fields": {
    "cityName": "Талица"
  }
},
{
  "model": "home.city",
  "pk": 947,
  "fields": {
    "cityName": "Тамбов"
  }
},
{
  "model": "home.city",
  "pk": 948,
  "fields": {
    "cityName": "Тара"
  }
},
{
  "model": "home.city",
  "pk": 949,
  "fields": {
    "cityName": "Тарко-Сале"
  }
},
{
  "model": "home.city",
  "pk": 950,
  "fields": {
    "cityName": "Таруса"
  }
},
{
  "model": "home.city",
  "pk": 951,
  "fields": {
    "cityName": "Татарск"
  }
},
{
  "model": "home.city",
  "pk": 952,
  "fields": {
    "cityName": "Таштагол"
  }
},
{
  "model": "home.city",
  "pk": 953,
  "fields": {
    "cityName": "Тверь"
  }
},
{
  "model": "home.city",
  "pk": 954,
  "fields": {
    "cityName": "Теберда"
  }
},
{
  "model": "home.city",
  "pk": 955,
  "fields": {
    "cityName": "Тейково"
  }
},
{
  "model": "home.city",
  "pk": 956,
  "fields": {
    "cityName": "Темников"
  }
},
{
  "model": "home.city",
  "pk": 957,
  "fields": {
    "cityName": "Темрюк"
  }
},
{
  "model": "home.city",
  "pk": 958,
  "fields": {
    "cityName": "Терек"
  }
},
{
  "model": "home.city",
  "pk": 959,
  "fields": {
    "cityName": "Тетюши"
  }
},
{
  "model": "home.city",
  "pk": 960,
  "fields": {
    "cityName": "Тимашёвск"
  }
},
{
  "model": "home.city",
  "pk": 961,
  "fields": {
    "cityName": "Тихвин"
  }
},
{
  "model": "home.city",
  "pk": 962,
  "fields": {
    "cityName": "Тихорецк"
  }
},
{
  "model": "home.city",
  "pk": 963,
  "fields": {
    "cityName": "Тобольск"
  }
},
{
  "model": "home.city",
  "pk": 964,
  "fields": {
    "cityName": "Тогучин"
  }
},
{
  "model": "home.city",
  "pk": 965,
  "fields": {
    "cityName": "Тольятти"
  }
},
{
  "model": "home.city",
  "pk": 966,
  "fields": {
    "cityName": "Томари"
  }
},
{
  "model": "home.city",
  "pk": 967,
  "fields": {
    "cityName": "Томмот"
  }
},
{
  "model": "home.city",
  "pk": 968,
  "fields": {
    "cityName": "Томск"
  }
},
{
  "model": "home.city",
  "pk": 969,
  "fields": {
    "cityName": "Топки"
  }
},
{
  "model": "home.city",
  "pk": 970,
  "fields": {
    "cityName": "Торжок"
  }
},
{
  "model": "home.city",
  "pk": 971,
  "fields": {
    "cityName": "Торопец"
  }
},
{
  "model": "home.city",
  "pk": 972,
  "fields": {
    "cityName": "Тосно"
  }
},
{
  "model": "home.city",
  "pk": 973,
  "fields": {
    "cityName": "Тотьма"
  }
},
{
  "model": "home.city",
  "pk": 974,
  "fields": {
    "cityName": "Трёхгорный"
  }
},
{
  "model": "home.city",
  "pk": 975,
  "fields": {
    "cityName": "Троицк"
  }
},
{
  "model": "home.city",
  "pk": 976,
  "fields": {
    "cityName": "Трубчевск"
  }
},
{
  "model": "home.city",
  "pk": 977,
  "fields": {
    "cityName": "Туапсе"
  }
},
{
  "model": "home.city",
  "pk": 978,
  "fields": {
    "cityName": "Туймазы"
  }
},
{
  "model": "home.city",
  "pk": 979,
  "fields": {
    "cityName": "Тула"
  }
},
{
  "model": "home.city",
  "pk": 980,
  "fields": {
    "cityName": "Тулун"
  }
},
{
  "model": "home.city",
  "pk": 981,
  "fields": {
    "cityName": "Туран"
  }
},
{
  "model": "home.city",
  "pk": 982,
  "fields": {
    "cityName": "Туринск"
  }
},
{
  "model": "home.city",
  "pk": 983,
  "fields": {
    "cityName": "Тутаев"
  }
},
{
  "model": "home.city",
  "pk": 984,
  "fields": {
    "cityName": "Тында"
  }
},
{
  "model": "home.city",
  "pk": 985,
  "fields": {
    "cityName": "Тырныауз"
  }
},
{
  "model": "home.city",
  "pk": 986,
  "fields": {
    "cityName": "Тюкалинск"
  }
},
{
  "model": "home.city",
  "pk": 987,
  "fields": {
    "cityName": "Тюмень"
  }
},
{
  "model": "home.city",
  "pk": 988,
  "fields": {
    "cityName": "Уварово"
  }
},
{
  "model": "home.city",
  "pk": 989,
  "fields": {
    "cityName": "Углегорск"
  }
},
{
  "model": "home.city",
  "pk": 990,
  "fields": {
    "cityName": "Углич"
  }
},
{
  "model": "home.city",
  "pk": 991,
  "fields": {
    "cityName": "Удачный"
  }
},
{
  "model": "home.city",
  "pk": 992,
  "fields": {
    "cityName": "Удомля"
  }
},
{
  "model": "home.city",
  "pk": 993,
  "fields": {
    "cityName": "Ужур"
  }
},
{
  "model": "home.city",
  "pk": 994,
  "fields": {
    "cityName": "Узловая"
  }
},
{
  "model": "home.city",
  "pk": 995,
  "fields": {
    "cityName": "Улан-Удэ"
  }
},
{
  "model": "home.city",
  "pk": 996,
  "fields": {
    "cityName": "Ульяновск"
  }
},
{
  "model": "home.city",
  "pk": 997,
  "fields": {
    "cityName": "Унеча"
  }
},
{
  "model": "home.city",
  "pk": 998,
  "fields": {
    "cityName": "Урай"
  }
},
{
  "model": "home.city",
  "pk": 999,
  "fields": {
    "cityName": "Урень"
  }
},
{
  "model": "home.city",
  "pk": 1000,
  "fields": {
    "cityName": "Уржум"
  }
},
{
  "model": "home.city",
  "pk": 1001,
  "fields": {
    "cityName": "Урус-Мартан"
  }
},
{
  "model": "home.city",
  "pk": 1002,
  "fields": {
    "cityName": "Урюпинск"
  }
},
{
  "model": "home.city",
  "pk": 1003,
  "fields": {
    "cityName": "Усинск"
  }
},
{
  "model": "home.city",
  "pk": 1004,
  "fields": {
    "cityName": "Усмань"
  }
},
{
  "model": "home.city",
  "pk": 1005,
  "fields": {
    "cityName": "Усолье-Сибирское"
  }
},
{
  "model": "home.city",
  "pk": 1006,
  "fields": {
    "cityName": "Усолье"
  }
},
{
  "model": "home.city",
  "pk": 1007,
  "fields": {
    "cityName": "Уссурийск"
  }
},
{
  "model": "home.city",
  "pk": 1008,
  "fields": {
    "cityName": "Усть-Джегута"
  }
},
{
  "model": "home.city",
  "pk": 1009,
  "fields": {
    "cityName": "Усть-Илимск"
  }
},
{
  "model": "home.city",
  "pk": 1010,
  "fields": {
    "cityName": "Усть-Катав"
  }
},
{
  "model": "home.city",
  "pk": 1011,
  "fields": {
    "cityName": "Усть-Кут"
  }
},
{
  "model": "home.city",
  "pk": 1012,
  "fields": {
    "cityName": "Усть-Лабинск"
  }
},
{
  "model": "home.city",
  "pk": 1013,
  "fields": {
    "cityName": "Устюжна"
  }
},
{
  "model": "home.city",
  "pk": 1014,
  "fields": {
    "cityName": "Уфа"
  }
},
{
  "model": "home.city",
  "pk": 1015,
  "fields": {
    "cityName": "Ухта"
  }
},
{
  "model": "home.city",
  "pk": 1016,
  "fields": {
    "cityName": "Учалы"
  }
},
{
  "model": "home.city",
  "pk": 1017,
  "fields": {
    "cityName": "Уяр"
  }
},
{
  "model": "home.city",
  "pk": 1018,
  "fields": {
    "cityName": "Фатеж"
  }
},
{
  "model": "home.city",
  "pk": 1019,
  "fields": {
    "cityName": "Феодосия"
  }
},
{
  "model": "home.city",
  "pk": 1020,
  "fields": {
    "cityName": "Фокино"
  }
},
{
  "model": "home.city",
  "pk": 1021,
  "fields": {
    "cityName": "Фокино"
  }
},
{
  "model": "home.city",
  "pk": 1022,
  "fields": {
    "cityName": "Фролово"
  }
},
{
  "model": "home.city",
  "pk": 1023,
  "fields": {
    "cityName": "Фрязино"
  }
},
{
  "model": "home.city",
  "pk": 1024,
  "fields": {
    "cityName": "Фурманов"
  }
},
{
  "model": "home.city",
  "pk": 1025,
  "fields": {
    "cityName": "Хабаровск"
  }
},
{
  "model": "home.city",
  "pk": 1026,
  "fields": {
    "cityName": "Хадыженск"
  }
},
{
  "model": "home.city",
  "pk": 1027,
  "fields": {
    "cityName": "Ханты-Мансийск"
  }
},
{
  "model": "home.city",
  "pk": 1028,
  "fields": {
    "cityName": "Харабали"
  }
},
{
  "model": "home.city",
  "pk": 1029,
  "fields": {
    "cityName": "Харовск"
  }
},
{
  "model": "home.city",
  "pk": 1030,
  "fields": {
    "cityName": "Хасавюрт"
  }
},
{
  "model": "home.city",
  "pk": 1031,
  "fields": {
    "cityName": "Хвалынск"
  }
},
{
  "model": "home.city",
  "pk": 1032,
  "fields": {
    "cityName": "Хилок"
  }
},
{
  "model": "home.city",
  "pk": 1033,
  "fields": {
    "cityName": "Химки"
  }
},
{
  "model": "home.city",
  "pk": 1034,
  "fields": {
    "cityName": "Холм"
  }
},
{
  "model": "home.city",
  "pk": 1035,
  "fields": {
    "cityName": "Холмск"
  }
},
{
  "model": "home.city",
  "pk": 1036,
  "fields": {
    "cityName": "Хотьково"
  }
},
{
  "model": "home.city",
  "pk": 1037,
  "fields": {
    "cityName": "Цивильск"
  }
},
{
  "model": "home.city",
  "pk": 1038,
  "fields": {
    "cityName": "Цимлянск"
  }
},
{
  "model": "home.city",
  "pk": 1039,
  "fields": {
    "cityName": "Циолковский"
  }
},
{
  "model": "home.city",
  "pk": 1040,
  "fields": {
    "cityName": "Чадан"
  }
},
{
  "model": "home.city",
  "pk": 1041,
  "fields": {
    "cityName": "Чайковский"
  }
},
{
  "model": "home.city",
  "pk": 1042,
  "fields": {
    "cityName": "Чапаевск"
  }
},
{
  "model": "home.city",
  "pk": 1043,
  "fields": {
    "cityName": "Чаплыгин"
  }
},
{
  "model": "home.city",
  "pk": 1044,
  "fields": {
    "cityName": "Чебаркуль"
  }
},
{
  "model": "home.city",
  "pk": 1045,
  "fields": {
    "cityName": "Чебоксары"
  }
},
{
  "model": "home.city",
  "pk": 1046,
  "fields": {
    "cityName": "Чегем"
  }
},
{
  "model": "home.city",
  "pk": 1047,
  "fields": {
    "cityName": "Чекалин"
  }
},
{
  "model": "home.city",
  "pk": 1048,
  "fields": {
    "cityName": "Челябинск"
  }
},
{
  "model": "home.city",
  "pk": 1049,
  "fields": {
    "cityName": "Чердынь"
  }
},
{
  "model": "home.city",
  "pk": 1050,
  "fields": {
    "cityName": "Черемхово"
  }
},
{
  "model": "home.city",
  "pk": 1051,
  "fields": {
    "cityName": "Черепаново"
  }
},
{
  "model": "home.city",
  "pk": 1052,
  "fields": {
    "cityName": "Череповец"
  }
},
{
  "model": "home.city",
  "pk": 1053,
  "fields": {
    "cityName": "Черкесск"
  }
},
{
  "model": "home.city",
  "pk": 1054,
  "fields": {
    "cityName": "Чёрмоз"
  }
},
{
  "model": "home.city",
  "pk": 1055,
  "fields": {
    "cityName": "Черноголовка"
  }
},
{
  "model": "home.city",
  "pk": 1056,
  "fields": {
    "cityName": "Черногорск"
  }
},
{
  "model": "home.city",
  "pk": 1057,
  "fields": {
    "cityName": "Чернушка"
  }
},
{
  "model": "home.city",
  "pk": 1058,
  "fields": {
    "cityName": "Черняховск"
  }
},
{
  "model": "home.city",
  "pk": 1059,
  "fields": {
    "cityName": "Чехов"
  }
},
{
  "model": "home.city",
  "pk": 1060,
  "fields": {
    "cityName": "Чистополь"
  }
},
{
  "model": "home.city",
  "pk": 1061,
  "fields": {
    "cityName": "Чита"
  }
},
{
  "model": "home.city",
  "pk": 1062,
  "fields": {
    "cityName": "Чкаловск"
  }
},
{
  "model": "home.city",
  "pk": 1063,
  "fields": {
    "cityName": "Чудово"
  }
},
{
  "model": "home.city",
  "pk": 1064,
  "fields": {
    "cityName": "Чулым"
  }
},
{
  "model": "home.city",
  "pk": 1065,
  "fields": {
    "cityName": "Чусовой"
  }
},
{
  "model": "home.city",
  "pk": 1066,
  "fields": {
    "cityName": "Чухлома"
  }
},
{
  "model": "home.city",
  "pk": 1067,
  "fields": {
    "cityName": "Шагонар"
  }
},
{
  "model": "home.city",
  "pk": 1068,
  "fields": {
    "cityName": "Шадринск"
  }
},
{
  "model": "home.city",
  "pk": 1069,
  "fields": {
    "cityName": "Шали"
  }
},
{
  "model": "home.city",
  "pk": 1070,
  "fields": {
    "cityName": "Шарыпово"
  }
},
{
  "model": "home.city",
  "pk": 1071,
  "fields": {
    "cityName": "Шарья"
  }
},
{
  "model": "home.city",
  "pk": 1072,
  "fields": {
    "cityName": "Шатура"
  }
},
{
  "model": "home.city",
  "pk": 1073,
  "fields": {
    "cityName": "Шахты"
  }
},
{
  "model": "home.city",
  "pk": 1074,
  "fields": {
    "cityName": "Шахунья"
  }
},
{
  "model": "home.city",
  "pk": 1075,
  "fields": {
    "cityName": "Шацк"
  }
},
{
  "model": "home.city",
  "pk": 1076,
  "fields": {
    "cityName": "Шебекино"
  }
},
{
  "model": "home.city",
  "pk": 1077,
  "fields": {
    "cityName": "Шелехов"
  }
},
{
  "model": "home.city",
  "pk": 1078,
  "fields": {
    "cityName": "Шенкурск"
  }
},
{
  "model": "home.city",
  "pk": 1079,
  "fields": {
    "cityName": "Шилка"
  }
},
{
  "model": "home.city",
  "pk": 1080,
  "fields": {
    "cityName": "Шимановск"
  }
},
{
  "model": "home.city",
  "pk": 1081,
  "fields": {
    "cityName": "Шиханы"
  }
},
{
  "model": "home.city",
  "pk": 1082,
  "fields": {
    "cityName": "Шлиссельбург"
  }
},
{
  "model": "home.city",
  "pk": 1083,
  "fields": {
    "cityName": "Шумерля"
  }
},
{
  "model": "home.city",
  "pk": 1084,
  "fields": {
    "cityName": "Шумиха"
  }
},
{
  "model": "home.city",
  "pk": 1085,
  "fields": {
    "cityName": "Шуя"
  }
},
{
  "model": "home.city",
  "pk": 1086,
  "fields": {
    "cityName": "Щёкино"
  }
},
{
  "model": "home.city",
  "pk": 1087,
  "fields": {
    "cityName": "Щёлкино"
  }
},
{
  "model": "home.city",
  "pk": 1088,
  "fields": {
    "cityName": "Щёлково"
  }
},
{
  "model": "home.city",
  "pk": 1089,
  "fields": {
    "cityName": "Щигры"
  }
},
{
  "model": "home.city",
  "pk": 1090,
  "fields": {
    "cityName": "Щучье"
  }
},
{
  "model": "home.city",
  "pk": 1091,
  "fields": {
    "cityName": "Электрогорск"
  }
},
{
  "model": "home.city",
  "pk": 1092,
  "fields": {
    "cityName": "Электросталь"
  }
},
{
  "model": "home.city",
  "pk": 1093,
  "fields": {
    "cityName": "Электроугли"
  }
},
{
  "model": "home.city",
  "pk": 1094,
  "fields": {
    "cityName": "Элиста"
  }
},
{
  "model": "home.city",
  "pk": 1095,
  "fields": {
    "cityName": "Энгельс"
  }
},
{
  "model": "home.city",
  "pk": 1096,
  "fields": {
    "cityName": "Эртиль"
  }
},
{
  "model": "home.city",
  "pk": 1097,
  "fields": {
    "cityName": "Югорск"
  }
},
{
  "model": "home.city",
  "pk": 1098,
  "fields": {
    "cityName": "Южа"
  }
},
{
  "model": "home.city",
  "pk": 1099,
  "fields": {
    "cityName": "Южно-Сахалинск"
  }
},
{
  "model": "home.city",
  "pk": 1100,
  "fields": {
    "cityName": "Южно-Сухокумск"
  }
},
{
  "model": "home.city",
  "pk": 1101,
  "fields": {
    "cityName": "Южноуральск"
  }
},
{
  "model": "home.city",
  "pk": 1102,
  "fields": {
    "cityName": "Юрга"
  }
},
{
  "model": "home.city",
  "pk": 1103,
  "fields": {
    "cityName": "Юрьев-Польский"
  }
},
{
  "model": "home.city",
  "pk": 1104,
  "fields": {
    "cityName": "Юрьевец"
  }
},
{
  "model": "home.city",
  "pk": 1105,
  "fields": {
    "cityName": "Юрюзань"
  }
},
{
  "model": "home.city",
  "pk": 1106,
  "fields": {
    "cityName": "Юхнов"
  }
},
{
  "model": "home.city",
  "pk": 1107,
  "fields": {
    "cityName": "Ядрин"
  }
},
{
  "model": "home.city",
  "pk": 1108,
  "fields": {
    "cityName": "Якутск"
  }
},
{
  "model": "home.city",
  "pk": 1109,
  "fields": {
    "cityName": "Ялта"
  }
},
{
  "model": "home.city",
  "pk": 1110,
  "fields": {
    "cityName": "Ялуторовск"
  }
},
{
  "model": "home.city",
  "pk": 1111,
  "fields": {
    "cityName": "Янаул"
  }
},
{
  "model": "home.city",
  "pk": 1112,
  "fields": {
    "cityName": "Яранск"
  }
},
{
  "model": "home.city",
  "pk": 1113,
  "fields": {
    "cityName": "Яровое"
  }
},
{
  "model": "home.city",
  "pk": 1114,
  "fields": {
    "cityName": "Ярославль"
  }
},
{
  "model": "home.city",
  "pk": 1115,
  "fields": {
    "cityName": "Ярцево"
  }
},
{
  "model": "home.city",
  "pk": 1116,
  "fields": {
    "cityName": "Ясногорск"
  }
},
{
  "model": "home.city",
  "pk": 1117,
  "fields": {
    "cityName": "Ясный"
  }
},
{
  "model": "home.city",
  "pk": 1118,
  "fields": {
    "cityName": "Яхрома"
  }
},
{
  "model": "home.lesson",
  "pk": 1,
  "fields": {
    "lessonName": "Алгебра"
  }
},
{
  "model": "home.lesson",
  "pk": 2,
  "fields": {
    "lessonName": "Геометрия"
  }
},
{
  "model": "home.lesson",
  "pk": 3,
  "fields": {
    "lessonName": "Вероятность и статистика"
  }
},
{
  "model": "home.lesson",
  "pk": 4,
  "fields": {
    "lessonName": "Информатика"
  }
},
{
  "model": "home.lesson",
  "pk": 5,
  "fields": {
    "lessonName": "География"
  }
},
{
  "model": "home.lesson",
  "pk": 6,
  "fields": {
    "lessonName": "Биология"
  }
},
{
  "model": "home.lesson",
  "pk": 7,
  "fields": {
    "lessonName": "Физика"
  }
},
{
  "model": "home.lesson",
  "pk": 8,
  "fields": {
    "lessonName": "Химия"
  }
},
{
  "model": "home.lesson",
  "pk": 9,
  "fields": {
    "lessonName": "ОБЖ"
  }
},
{
  "model": "home.lesson",
  "pk": 10,
  "fields": {
    "lessonName": "История"
  }
},
{
  "model": "home.lesson",
  "pk": 11,
  "fields": {
    "lessonName": "Обществознание"
  }
},
{
  "model": "home.lesson",
  "pk": 12,
  "fields": {
    "lessonName": "Русский язык"
  }
},
{
  "model": "home.lesson",
  "pk": 13,
  "fields": {
    "lessonName": "Литература"
  }
},
{
  "model": "home.lesson",
  "pk": 14,
  "fields": {
    "lessonName": "Иностранный язык (Анлийский)"
  }
},
{
  "model": "home.lesson",
  "pk": 15,
  "fields": {
    "lessonName": "Иностранный язык (немецкий)"
  }
},
{
  "model": "home.lesson",
  "pk": 16,
  "fields": {
    "lessonName": "Технология"
  }
},
{
  "model": "home.lesson",
  "pk": 17,
  "fields": {
    "lessonName": "Физическая культура"
  }
},
{
  "model": "home.lesson",
  "pk": 18,
  "fields": {
    "lessonName": "Изобразительное искусство"
  }
},
{
  "model": "home.studentprofile",
  "pk": 2,
  "fields": {
    "user": 3,
    "about": "Привет! Меня зовут Герман Петров. Я живу в прекрасном городе Абакане и учусь восьмом классе. Я увлекаюсь изучением новых технологий и программированием. В свободное время люблю заниматься спортом и читать книги. Моя цель - стать успешным программистом и внести свой вклад в развитие современных технологий. Я верю, что упорство и стремление к саморазвитию помогут мне достичь поставленных целей. Буду рад поделиться своими знаниями и узнать что-то новое от других людей.",
    "city": 2,
    "school": null,
    "classNumber": 8,
    "sex": true,
    "lesson": null,
    "SNILS": null,
    "startYear": "2001-05-13",
    "photo": "student_profile/user-YNFa6TGc/photo_2024-05-15_02-06-26_ao7yHSl.jpg"
  }
},
{
  "model": "home.olimpiad",
  "pk": 1,
  "fields": {
    "name": "Олимпиада РАНХиГС по иностранному языку",
    "link": "",
    "info": "",
    "difficultyLevel": 10,
    "difficultyLevelMinObr": 2
  }
},
{
  "model": "home.olimpiad",
  "pk": 2,
  "fields": {
    "name": "Олимпиада школьников \"Высшая проба\" обществознание",
    "link": "",
    "info": "",
    "difficultyLevel": 9,
    "difficultyLevelMinObr": 1
  }
},
{
  "model": "home.olimpiad",
  "pk": 3,
  "fields": {
    "name": "\"Высшая проба\" социология",
    "link": "",
    "info": "",
    "difficultyLevel": 9,
    "difficultyLevelMinObr": 1
  }
},
{
  "model": "home.olimpiad",
  "pk": 4,
  "fields": {
    "name": "Всероссийская олимпиада школьников, Региональный этап, химия",
    "link": "",
    "info": "",
    "difficultyLevel": 8,
    "difficultyLevelMinObr": null
  }
},
{
  "model": "home.olimpiad",
  "pk": 5,
  "fields": {
    "name": "Олимпиада школьников \"Высшая проба\", химия",
    "link": "",
    "info": "",
    "difficultyLevel": 7,
    "difficultyLevelMinObr": 2
  }
},
{
  "model": "home.olimpiad",
  "pk": 6,
  "fields": {
    "name": "Олимпиада школьников \"Ломоносов\", химия",
    "link": "",
    "info": "",
    "difficultyLevel": 8,
    "difficultyLevelMinObr": 1
  }
},
{
  "model": "home.olimpiad",
  "pk": 7,
  "fields": {
    "name": "Олимпиада школьников СПбГУ, химия",
    "link": "",
    "info": "",
    "difficultyLevel": 7,
    "difficultyLevelMinObr": 1
  }
},
{
  "model": "home.olimpiad",
  "pk": 8,
  "fields": {
    "name": "Всероссийская Сеченовская олимпиада школьников, химия",
    "link": "",
    "info": "",
    "difficultyLevel": 10,
    "difficultyLevelMinObr": 2
  }
},
{
  "model": "home.olimpiad",
  "pk": 9,
  "fields": {
    "name": "Олимпиада \"Газпром\", химия",
    "link": "",
    "info": "Добрая олимпиада, к которой быстро готовиться на основе школьных знаний. Нужно изучить химию в промышленности",
    "difficultyLevel": 5,
    "difficultyLevelMinObr": 3
  }
},
{
  "model": "home.olimpiad",
  "pk": 10,
  "fields": {
    "name": "СПбГУ обществознание",
    "link": "",
    "info": "",
    "difficultyLevel": 6,
    "difficultyLevelMinObr": 1
  }
},
{
  "model": "home.olimpiad",
  "pk": 11,
  "fields": {
    "name": "\" Покори Воробьёвы горы\" обществознание",
    "link": "",
    "info": "Как в отборочном, так и в заключительном  этапе самым важным блоком является написание эссе по заданной теме",
    "difficultyLevel": 7,
    "difficultyLevelMinObr": 1
  }
},
{
  "model": "home.olimpiad",
  "pk": 12,
  "fields": {
    "name": "\"Толстовская олимпиада\" обществознание",
    "link": "",
    "info": "",
    "difficultyLevel": 9,
    "difficultyLevelMinObr": 3
  }
},
{
  "model": "home.olimpiad",
  "pk": 13,
  "fields": {
    "name": "РАНХиГС обществознание",
    "link": "",
    "info": "Оригинальные задания с ориентиром на мировые произведения кинематографа, книг, креативные кейсы для решения. Можно решать в течение длительного периода",
    "difficultyLevel": 5,
    "difficultyLevelMinObr": 2
  }
},
{
  "model": "home.olimpiad",
  "pk": 14,
  "fields": {
    "name": "Всесибирская открытая олимпиада школьников, химия",
    "link": "",
    "info": "Много текста в заданиях, решения объемные, задачи креативные, с подвохом, требуют вузовских знаний",
    "difficultyLevel": 8,
    "difficultyLevelMinObr": 1
  }
},
{
  "model": "home.olimpiad",
  "pk": 15,
  "fields": {
    "name": "Открытая химическая олимпиада, химия",
    "link": "",
    "info": "Олимпиада, к которой нужно усердно готовиться и изучить много физической химии и тонкости механизмов органических реакций, но после этого пишется легко",
    "difficultyLevel": 5,
    "difficultyLevelMinObr": 2
  }
},
{
  "model": "home.olimpiad",
  "pk": 16,
  "fields": {
    "name": "Олимпиада школьников \"Высокие технологии и материалы будущего\", химия",
    "link": "",
    "info": "Оригинальные, креативные задания, имеющие несколько подходов к решению. Требуются дополнительные знания в кристаллохимии, физической химии и химии в промышленности. Нужно уметь пользоваться математическими и физическими  формулами для решения химических задач",
    "difficultyLevel": 6,
    "difficultyLevelMinObr": 1
  }
},
{
  "model": "home.olimpiad",
  "pk": 17,
  "fields": {
    "name": "Международная олимпиада УрФУ для школьников \"Изумруд\", химия",
    "link": "",
    "info": "Задания школьного уровня, некоторые задания требуют дополнительных знаний. Также нужно знать химию в промышленности, вледеть математическим и физическим видением формул в задачах",
    "difficultyLevel": 5,
    "difficultyLevelMinObr": 3
  }
},
{
  "model": "home.olimpiad",
  "pk": 18,
  "fields": {
    "name": "Межрегиональная олимпиада школьников «Будущие исследователи - будущее науки», химия",
    "link": "",
    "info": "",
    "difficultyLevel": 5,
    "difficultyLevelMinObr": 2
  }
},
{
  "model": "home.olimpiad",
  "pk": 19,
  "fields": {
    "name": "Московская олимпиада школьников, химия",
    "link": "",
    "info": "",
    "difficultyLevel": 5,
    "difficultyLevelMinObr": 1
  }
},
{
  "model": "home.olimpiad",
  "pk": 20,
  "fields": {
    "name": "Олимпиада школьников «Гранит науки», химия",
    "link": "",
    "info": "Можно подготовиться к олимпиаде с базовыми школьными знаниями по химии",
    "difficultyLevel": 5,
    "difficultyLevelMinObr": 3
  }
},
{
  "model": "home.olimpiad",
  "pk": 21,
  "fields": {
    "name": "Пироговская олимпиада для школьников по химии и биологии, химия",
    "link": "",
    "info": "",
    "difficultyLevel": 5,
    "difficultyLevelMinObr": 3
  }
},
{
  "model": "home.olimpiad",
  "pk": 22,
  "fields": {
    "name": "Всероссийская олимпиада школьников, Региональный этап, биология",
    "link": "",
    "info": "",
    "difficultyLevel": 9,
    "difficultyLevelMinObr": null
  }
},
{
  "model": "home.olimpiad",
  "pk": 23,
  "fields": {
    "name": "Олимпиада школьников \"Высшая проба\", биология",
    "link": "",
    "info": "",
    "difficultyLevel": 8,
    "difficultyLevelMinObr": 1
  }
},
{
  "model": "home.olimpiad",
  "pk": 24,
  "fields": {
    "name": "Олимпиада школьников \"Ломоносов\", биология",
    "link": "",
    "info": "Красивая олимпиада с картинками, но жесткими критериями оценивания",
    "difficultyLevel": 7,
    "difficultyLevelMinObr": 1
  }
},
{
  "model": "home.olimpiad",
  "pk": 25,
  "fields": {
    "name": "Олимпиада школьников СПбГУ, биология",
    "link": "",
    "info": "",
    "difficultyLevel": 8,
    "difficultyLevelMinObr": 1
  }
},
{
  "model": "home.olimpiad",
  "pk": 26,
  "fields": {
    "name": "Всероссийская Сеченовская олимпиада школьников, биология",
    "link": "",
    "info": "",
    "difficultyLevel": 8,
    "difficultyLevelMinObr": 2
  }
},
{
  "model": "home.olimpiad",
  "pk": 27,
  "fields": {
    "name": "Всесибирская открытая олимпиада школьников, биология",
    "link": "",
    "info": "",
    "difficultyLevel": 8,
    "difficultyLevelMinObr": 2
  }
},
{
  "model": "home.olimpiad",
  "pk": 28,
  "fields": {
    "name": "Олимпиада школьников «Физтех», биолигия",
    "link": "",
    "info": "",
    "difficultyLevel": 9,
    "difficultyLevelMinObr": 2
  }
},
{
  "model": "home.olimpiad",
  "pk": 29,
  "fields": {
    "name": "Олимпиада школьников \"Высокие технологии и материалы будущего\", биология",
    "link": "",
    "info": "",
    "difficultyLevel": 6,
    "difficultyLevelMinObr": 1
  }
},
{
  "model": "home.olimpiad",
  "pk": 30,
  "fields": {
    "name": "Межрегиональная олимпиада школьников «Будущие исследователи - будущее науки», биология",
    "link": "",
    "info": "Хватает базы школы",
    "difficultyLevel": 5,
    "difficultyLevelMinObr": 2
  }
},
{
  "model": "home.olimpiad",
  "pk": 31,
  "fields": {
    "name": "Московская олимпиада школьников, биология",
    "link": "",
    "info": "",
    "difficultyLevel": 7,
    "difficultyLevelMinObr": 2
  }
},
{
  "model": "home.olimpiad",
  "pk": 32,
  "fields": {
    "name": "Турнир имени М.В. Ломоносова, биология",
    "link": "",
    "info": "",
    "difficultyLevel": 5,
    "difficultyLevelMinObr": 3
  }
},
{
  "model": "home.olimpiad",
  "pk": 33,
  "fields": {
    "name": "Пироговская олимпиада для школьников по химии и биологии, биология",
    "link": "",
    "info": "",
    "difficultyLevel": 7,
    "difficultyLevelMinObr": 2
  }
},
{
  "model": "home.olimpiad",
  "pk": 34,
  "fields": {
    "name": "Международная Менделеевская олимпиада школьников по химии, химия",
    "link": "",
    "info": "",
    "difficultyLevel": 10,
    "difficultyLevelMinObr": 1
  }
},
{
  "model": "home.olimpiad",
  "pk": 35,
  "fields": {
    "name": "Межрегиональные предметные олимпиады федерального государственного автономного образовательного учреждения высшего образования «Казанский (Приволжский) федеральный университет», химия",
    "link": "",
    "info": "",
    "difficultyLevel": 9,
    "difficultyLevelMinObr": 1
  }
},
{
  "model": "home.olimpiad",
  "pk": 36,
  "fields": {
    "name": "Олимпиада школьников по химии в ФГБОУ ВО ПСПбГМУ им. И. П. Павлова Минздрава России, химия",
    "link": "",
    "info": "",
    "difficultyLevel": 8,
    "difficultyLevelMinObr": 3
  }
},
{
  "model": "home.olimpiad",
  "pk": 37,
  "fields": {
    "name": "Открытая межвузовская олимпиада школьников Сибирского Федерального округа «Будущее Сибири», химия",
    "link": "",
    "info": "",
    "difficultyLevel": 6,
    "difficultyLevelMinObr": 1
  }
},
{
  "model": "home.olimpiad",
  "pk": 38,
  "fields": {
    "name": "Санкт- Петербургская олимпиада школьников, химия",
    "link": "",
    "info": "",
    "difficultyLevel": 8,
    "difficultyLevelMinObr": 1
  }
},
{
  "model": "home.olimpiad",
  "pk": 39,
  "fields": {
    "name": "Университетская олимпиада Школьников «Бельчонок», химия",
    "link": "",
    "info": "",
    "difficultyLevel": 7,
    "difficultyLevelMinObr": 2
  }
},
{
  "model": "home.olimpiad",
  "pk": 40,
  "fields": {
    "name": "Плехановская олимпиада школьников по английскому языку",
    "link": "",
    "info": "",
    "difficultyLevel": 8,
    "difficultyLevelMinObr": 2
  }
},
{
  "model": "home.olimpiad",
  "pk": 41,
  "fields": {
    "name": "Евразийская лингвистическая олимпиада, английский язык",
    "link": "",
    "info": "",
    "difficultyLevel": 10,
    "difficultyLevelMinObr": 1
  }
},
{
  "model": "home.olimpiad",
  "pk": 42,
  "fields": {
    "name": "Олимпиада школьников \"Учитель школы будущего\" по иностранным языкам",
    "link": "",
    "info": "",
    "difficultyLevel": 8,
    "difficultyLevelMinObr": 2
  }
},
{
  "model": "home.olimpiad",
  "pk": 43,
  "fields": {
    "name": "Олимпиада \"Покори Воробьевы горы\" по иностранным языкам",
    "link": "",
    "info": "",
    "difficultyLevel": 8,
    "difficultyLevelMinObr": 1
  }
},
{
  "model": "home.olimpiad",
  "pk": 44,
  "fields": {
    "name": "Олимпиада \"Высшая проба\" по иностранным языкам",
    "link": "",
    "info": "",
    "difficultyLevel": 10,
    "difficultyLevelMinObr": 1
  }
},
{
  "model": "home.olimpiad",
  "pk": 45,
  "fields": {
    "name": "\"Миссия выполнима! Твоё призвание финансист\" обществознание",
    "link": "",
    "info": "Требует достаточного уровня подготовки по истории, много личностей и их тезисов",
    "difficultyLevel": 8,
    "difficultyLevelMinObr": 3
  }
},
{
  "model": "home.olimpiad",
  "pk": 46,
  "fields": {
    "name": "МГИМО(У) МИД обществознание",
    "link": "",
    "info": "Эссе по выбранной теме, научная работа с соблюдением норм написания. Темы предлагаются на выбор сразу с несколькимми междисциплинарными профилями: исторический, международные отношения, правовой, экономико-георгафический",
    "difficultyLevel": 7,
    "difficultyLevelMinObr": 2
  }
},
{
  "model": "home.olimpiad",
  "pk": 47,
  "fields": {
    "name": "\"Ломоносов\" обществознание",
    "link": "",
    "info": "Написание доклада по выбранной теме с агрументацией",
    "difficultyLevel": 6,
    "difficultyLevelMinObr": 1
  }
},
{
  "model": "home.olimpiad",
  "pk": 48,
  "fields": {
    "name": "Московская олимпиада обществознание ",
    "link": "",
    "info": "",
    "difficultyLevel": 4,
    "difficultyLevelMinObr": 2
  }
},
{
  "model": "home.baseolimpiadlesson",
  "pk": 1,
  "fields": {
    "lesson": 14,
    "olimpiad": 1,
    "minAvgMarkFor3Years": 5,
    "interest": 5,
    "minAvgRezult": 0
  }
},
{
  "model": "home.baseolimpiadlesson",
  "pk": 2,
  "fields": {
    "lesson": 15,
    "olimpiad": 1,
    "minAvgMarkFor3Years": 5,
    "interest": 5,
    "minAvgRezult": 0
  }
},
{
  "model": "home.baseolimpiadlesson",
  "pk": 3,
  "fields": {
    "lesson": 11,
    "olimpiad": 2,
    "minAvgMarkFor3Years": 5,
    "interest": 5,
    "minAvgRezult": 5
  }
},
{
  "model": "home.baseolimpiadlesson",
  "pk": 4,
  "fields": {
    "lesson": 11,
    "olimpiad": 3,
    "minAvgMarkFor3Years": 5,
    "interest": 5,
    "minAvgRezult": 4
  }
},
{
  "model": "home.baseolimpiadlesson",
  "pk": 5,
  "fields": {
    "lesson": 8,
    "olimpiad": 4,
    "minAvgMarkFor3Years": 5,
    "interest": 4,
    "minAvgRezult": 4
  }
},
{
  "model": "home.baseolimpiadlesson",
  "pk": 6,
  "fields": {
    "lesson": 8,
    "olimpiad": 5,
    "minAvgMarkFor3Years": 5,
    "interest": 4,
    "minAvgRezult": 3
  }
},
{
  "model": "home.baseolimpiadlesson",
  "pk": 7,
  "fields": {
    "lesson": 8,
    "olimpiad": 6,
    "minAvgMarkFor3Years": 5,
    "interest": 5,
    "minAvgRezult": 4
  }
},
{
  "model": "home.baseolimpiadlesson",
  "pk": 8,
  "fields": {
    "lesson": 8,
    "olimpiad": 7,
    "minAvgMarkFor3Years": 5,
    "interest": 4,
    "minAvgRezult": 4
  }
},
{
  "model": "home.baseolimpiadlesson",
  "pk": 9,
  "fields": {
    "lesson": 8,
    "olimpiad": 8,
    "minAvgMarkFor3Years": 5,
    "interest": 5,
    "minAvgRezult": 5
  }
},
{
  "model": "home.baseolimpiadlesson",
  "pk": 10,
  "fields": {
    "lesson": 8,
    "olimpiad": 9,
    "minAvgMarkFor3Years": 5,
    "interest": 3,
    "minAvgRezult": 2
  }
},
{
  "model": "home.baseolimpiadlesson",
  "pk": 11,
  "fields": {
    "lesson": 11,
    "olimpiad": 10,
    "minAvgMarkFor3Years": 5,
    "interest": 4,
    "minAvgRezult": 4
  }
},
{
  "model": "home.baseolimpiadlesson",
  "pk": 12,
  "fields": {
    "lesson": 11,
    "olimpiad": 11,
    "minAvgMarkFor3Years": 5,
    "interest": 4,
    "minAvgRezult": 3
  }
},
{
  "model": "home.baseolimpiadlesson",
  "pk": 13,
  "fields": {
    "lesson": 11,
    "olimpiad": 12,
    "minAvgMarkFor3Years": 5,
    "interest": 5,
    "minAvgRezult": 4
  }
},
{
  "model": "home.baseolimpiadlesson",
  "pk": 14,
  "fields": {
    "lesson": 11,
    "olimpiad": 13,
    "minAvgMarkFor3Years": 4,
    "interest": 3,
    "minAvgRezult": 3
  }
},
{
  "model": "home.baseolimpiadlesson",
  "pk": 15,
  "fields": {
    "lesson": 8,
    "olimpiad": 14,
    "minAvgMarkFor3Years": 5,
    "interest": 5,
    "minAvgRezult": 4
  }
},
{
  "model": "home.baseolimpiadlesson",
  "pk": 16,
  "fields": {
    "lesson": 8,
    "olimpiad": 15,
    "minAvgMarkFor3Years": 5,
    "interest": 4,
    "minAvgRezult": 3
  }
},
{
  "model": "home.baseolimpiadlesson",
  "pk": 17,
  "fields": {
    "lesson": 8,
    "olimpiad": 16,
    "minAvgMarkFor3Years": 5,
    "interest": 5,
    "minAvgRezult": 4
  }
},
{
  "model": "home.baseolimpiadlesson",
  "pk": 18,
  "fields": {
    "lesson": 8,
    "olimpiad": 17,
    "minAvgMarkFor3Years": 5,
    "interest": 4,
    "minAvgRezult": 1
  }
},
{
  "model": "home.baseolimpiadlesson",
  "pk": 19,
  "fields": {
    "lesson": 8,
    "olimpiad": 18,
    "minAvgMarkFor3Years": 5,
    "interest": 4,
    "minAvgRezult": 3
  }
},
{
  "model": "home.baseolimpiadlesson",
  "pk": 20,
  "fields": {
    "lesson": 8,
    "olimpiad": 19,
    "minAvgMarkFor3Years": 5,
    "interest": 4,
    "minAvgRezult": 3
  }
},
{
  "model": "home.baseolimpiadlesson",
  "pk": 21,
  "fields": {
    "lesson": 8,
    "olimpiad": 20,
    "minAvgMarkFor3Years": 4,
    "interest": 3,
    "minAvgRezult": 1
  }
},
{
  "model": "home.baseolimpiadlesson",
  "pk": 22,
  "fields": {
    "lesson": 8,
    "olimpiad": 21,
    "minAvgMarkFor3Years": 5,
    "interest": 5,
    "minAvgRezult": 4
  }
},
{
  "model": "home.baseolimpiadlesson",
  "pk": 23,
  "fields": {
    "lesson": 6,
    "olimpiad": 22,
    "minAvgMarkFor3Years": 5,
    "interest": 5,
    "minAvgRezult": 5
  }
},
{
  "model": "home.baseolimpiadlesson",
  "pk": 24,
  "fields": {
    "lesson": 6,
    "olimpiad": 23,
    "minAvgMarkFor3Years": 5,
    "interest": 5,
    "minAvgRezult": 5
  }
},
{
  "model": "home.baseolimpiadlesson",
  "pk": 25,
  "fields": {
    "lesson": 6,
    "olimpiad": 24,
    "minAvgMarkFor3Years": 5,
    "interest": 4,
    "minAvgRezult": 4
  }
},
{
  "model": "home.baseolimpiadlesson",
  "pk": 26,
  "fields": {
    "lesson": 6,
    "olimpiad": 25,
    "minAvgMarkFor3Years": 5,
    "interest": 5,
    "minAvgRezult": 4
  }
},
{
  "model": "home.baseolimpiadlesson",
  "pk": 27,
  "fields": {
    "lesson": 6,
    "olimpiad": 26,
    "minAvgMarkFor3Years": 5,
    "interest": 5,
    "minAvgRezult": 5
  }
},
{
  "model": "home.baseolimpiadlesson",
  "pk": 28,
  "fields": {
    "lesson": 6,
    "olimpiad": 27,
    "minAvgMarkFor3Years": 5,
    "interest": 4,
    "minAvgRezult": 3
  }
},
{
  "model": "home.baseolimpiadlesson",
  "pk": 29,
  "fields": {
    "lesson": 6,
    "olimpiad": 28,
    "minAvgMarkFor3Years": 5,
    "interest": 4,
    "minAvgRezult": 3
  }
},
{
  "model": "home.baseolimpiadlesson",
  "pk": 30,
  "fields": {
    "lesson": 6,
    "olimpiad": 29,
    "minAvgMarkFor3Years": 5,
    "interest": 4,
    "minAvgRezult": 3
  }
},
{
  "model": "home.baseolimpiadlesson",
  "pk": 31,
  "fields": {
    "lesson": 6,
    "olimpiad": 30,
    "minAvgMarkFor3Years": 5,
    "interest": 3,
    "minAvgRezult": 1
  }
},
{
  "model": "home.baseolimpiadlesson",
  "pk": 32,
  "fields": {
    "lesson": 6,
    "olimpiad": 31,
    "minAvgMarkFor3Years": 5,
    "interest": 3,
    "minAvgRezult": 1
  }
},
{
  "model": "home.baseolimpiadlesson",
  "pk": 33,
  "fields": {
    "lesson": 6,
    "olimpiad": 32,
    "minAvgMarkFor3Years": 5,
    "interest": 4,
    "minAvgRezult": 1
  }
},
{
  "model": "home.baseolimpiadlesson",
  "pk": 34,
  "fields": {
    "lesson": 6,
    "olimpiad": 33,
    "minAvgMarkFor3Years": 5,
    "interest": 4,
    "minAvgRezult": 3
  }
},
{
  "model": "home.baseolimpiadlesson",
  "pk": 35,
  "fields": {
    "lesson": 8,
    "olimpiad": 34,
    "minAvgMarkFor3Years": 5,
    "interest": 5,
    "minAvgRezult": 5
  }
},
{
  "model": "home.baseolimpiadlesson",
  "pk": 36,
  "fields": {
    "lesson": 8,
    "olimpiad": 35,
    "minAvgMarkFor3Years": 5,
    "interest": 5,
    "minAvgRezult": 4
  }
},
{
  "model": "home.baseolimpiadlesson",
  "pk": 37,
  "fields": {
    "lesson": 8,
    "olimpiad": 36,
    "minAvgMarkFor3Years": 5,
    "interest": 5,
    "minAvgRezult": 5
  }
},
{
  "model": "home.baseolimpiadlesson",
  "pk": 38,
  "fields": {
    "lesson": 8,
    "olimpiad": 37,
    "minAvgMarkFor3Years": 5,
    "interest": 4,
    "minAvgRezult": 3
  }
},
{
  "model": "home.baseolimpiadlesson",
  "pk": 39,
  "fields": {
    "lesson": 8,
    "olimpiad": 38,
    "minAvgMarkFor3Years": 5,
    "interest": 5,
    "minAvgRezult": 3
  }
},
{
  "model": "home.baseolimpiadlesson",
  "pk": 40,
  "fields": {
    "lesson": 8,
    "olimpiad": 39,
    "minAvgMarkFor3Years": 5,
    "interest": 5,
    "minAvgRezult": 3
  }
},
{
  "model": "home.baseolimpiadlesson",
  "pk": 41,
  "fields": {
    "lesson": 14,
    "olimpiad": 40,
    "minAvgMarkFor3Years": 5,
    "interest": 5,
    "minAvgRezult": 3
  }
},
{
  "model": "home.baseolimpiadlesson",
  "pk": 42,
  "fields": {
    "lesson": 14,
    "olimpiad": 41,
    "minAvgMarkFor3Years": 5,
    "interest": 5,
    "minAvgRezult": 4
  }
},
{
  "model": "home.baseolimpiadlesson",
  "pk": 43,
  "fields": {
    "lesson": 14,
    "olimpiad": 42,
    "minAvgMarkFor3Years": 5,
    "interest": 5,
    "minAvgRezult": 3
  }
},
{
  "model": "home.baseolimpiadlesson",
  "pk": 44,
  "fields": {
    "lesson": 14,
    "olimpiad": 43,
    "minAvgMarkFor3Years": 5,
    "interest": 5,
    "minAvgRezult": 4
  }
},
{
  "model": "home.baseolimpiadlesson",
  "pk": 45,
  "fields": {
    "lesson": 14,
    "olimpiad": 44,
    "minAvgMarkFor3Years": 5,
    "interest": 5,
    "minAvgRezult": 4
  }
},
{
  "model": "home.baseolimpiadlesson",
  "pk": 46,
  "fields": {
    "lesson": 11,
    "olimpiad": 45,
    "minAvgMarkFor3Years": 5,
    "interest": 5,
    "minAvgRezult": 3
  }
},
{
  "model": "home.baseolimpiadlesson",
  "pk": 47,
  "fields": {
    "lesson": 11,
    "olimpiad": 46,
    "minAvgMarkFor3Years": 5,
    "interest": 4,
    "minAvgRezult": 3
  }
},
{
  "model": "home.baseolimpiadlesson",
  "pk": 48,
  "fields": {
    "lesson": 11,
    "olimpiad": 47,
    "minAvgMarkFor3Years": 4,
    "interest": 4,
    "minAvgRezult": 3
  }
},
{
  "model": "home.baseolimpiadlesson",
  "pk": 49,
  "fields": {
    "lesson": 11,
    "olimpiad": 48,
    "minAvgMarkFor3Years": 4,
    "interest": 4,
    "minAvgRezult": 3
  }
},
{
  "model": "home.additionalolimpiadlesson",
  "pk": 1,
  "fields": {
    "lesson": 13,
    "olimpiad": 1,
    "minAvgMarkFor3Years": 4,
    "interest": 4,
    "minAvgRezult": 3
  }
},
{
  "model": "home.additionalolimpiadlesson",
  "pk": 2,
  "fields": {
    "lesson": 5,
    "olimpiad": 1,
    "minAvgMarkFor3Years": 4,
    "interest": 3,
    "minAvgRezult": 1
  }
},
{
  "model": "home.additionalolimpiadlesson",
  "pk": 3,
  "fields": {
    "lesson": 10,
    "olimpiad": 1,
    "minAvgMarkFor3Years": 4,
    "interest": 3,
    "minAvgRezult": 1
  }
},
{
  "model": "home.additionalolimpiadlesson",
  "pk": 4,
  "fields": {
    "lesson": 10,
    "olimpiad": 2,
    "minAvgMarkFor3Years": 4,
    "interest": 4,
    "minAvgRezult": 4
  }
},
{
  "model": "home.additionalolimpiadlesson",
  "pk": 5,
  "fields": {
    "lesson": 13,
    "olimpiad": 2,
    "minAvgMarkFor3Years": 4,
    "interest": 3,
    "minAvgRezult": 1
  }
},
{
  "model": "home.additionalolimpiadlesson",
  "pk": 6,
  "fields": {
    "lesson": 5,
    "olimpiad": 2,
    "minAvgMarkFor3Years": 4,
    "interest": 3,
    "minAvgRezult": 1
  }
},
{
  "model": "home.additionalolimpiadlesson",
  "pk": 7,
  "fields": {
    "lesson": 10,
    "olimpiad": 3,
    "minAvgMarkFor3Years": 4,
    "interest": 4,
    "minAvgRezult": 3
  }
},
{
  "model": "home.additionalolimpiadlesson",
  "pk": 8,
  "fields": {
    "lesson": 1,
    "olimpiad": 4,
    "minAvgMarkFor3Years": 4,
    "interest": 1,
    "minAvgRezult": 1
  }
},
{
  "model": "home.additionalolimpiadlesson",
  "pk": 9,
  "fields": {
    "lesson": 7,
    "olimpiad": 4,
    "minAvgMarkFor3Years": 3,
    "interest": 1,
    "minAvgRezult": 1
  }
},
{
  "model": "home.additionalolimpiadlesson",
  "pk": 10,
  "fields": {
    "lesson": 6,
    "olimpiad": 4,
    "minAvgMarkFor3Years": 3,
    "interest": 1,
    "minAvgRezult": 1
  }
},
{
  "model": "home.additionalolimpiadlesson",
  "pk": 11,
  "fields": {
    "lesson": 1,
    "olimpiad": 5,
    "minAvgMarkFor3Years": 4,
    "interest": 1,
    "minAvgRezult": 1
  }
},
{
  "model": "home.additionalolimpiadlesson",
  "pk": 12,
  "fields": {
    "lesson": 7,
    "olimpiad": 5,
    "minAvgMarkFor3Years": 3,
    "interest": 1,
    "minAvgRezult": 1
  }
},
{
  "model": "home.additionalolimpiadlesson",
  "pk": 13,
  "fields": {
    "lesson": 6,
    "olimpiad": 5,
    "minAvgMarkFor3Years": 3,
    "interest": 1,
    "minAvgRezult": 1
  }
},
{
  "model": "home.additionalolimpiadlesson",
  "pk": 14,
  "fields": {
    "lesson": 1,
    "olimpiad": 6,
    "minAvgMarkFor3Years": 5,
    "interest": 1,
    "minAvgRezult": 1
  }
},
{
  "model": "home.additionalolimpiadlesson",
  "pk": 15,
  "fields": {
    "lesson": 7,
    "olimpiad": 6,
    "minAvgMarkFor3Years": 3,
    "interest": 1,
    "minAvgRezult": 1
  }
},
{
  "model": "home.additionalolimpiadlesson",
  "pk": 16,
  "fields": {
    "lesson": 1,
    "olimpiad": 7,
    "minAvgMarkFor3Years": 5,
    "interest": 4,
    "minAvgRezult": 1
  }
},
{
  "model": "home.additionalolimpiadlesson",
  "pk": 17,
  "fields": {
    "lesson": 6,
    "olimpiad": 7,
    "minAvgMarkFor3Years": 4,
    "interest": 2,
    "minAvgRezult": 1
  }
},
{
  "model": "home.additionalolimpiadlesson",
  "pk": 18,
  "fields": {
    "lesson": 5,
    "olimpiad": 7,
    "minAvgMarkFor3Years": 4,
    "interest": 2,
    "minAvgRezult": 1
  }
},
{
  "model": "home.additionalolimpiadlesson",
  "pk": 19,
  "fields": {
    "lesson": 1,
    "olimpiad": 8,
    "minAvgMarkFor3Years": 5,
    "interest": 4,
    "minAvgRezult": 1
  }
},
{
  "model": "home.additionalolimpiadlesson",
  "pk": 20,
  "fields": {
    "lesson": 6,
    "olimpiad": 8,
    "minAvgMarkFor3Years": 5,
    "interest": 4,
    "minAvgRezult": 1
  }
},
{
  "model": "home.additionalolimpiadlesson",
  "pk": 21,
  "fields": {
    "lesson": 7,
    "olimpiad": 8,
    "minAvgMarkFor3Years": 3,
    "interest": 1,
    "minAvgRezult": 1
  }
},
{
  "model": "home.additionalolimpiadlesson",
  "pk": 22,
  "fields": {
    "lesson": 1,
    "olimpiad": 9,
    "minAvgMarkFor3Years": 5,
    "interest": 3,
    "minAvgRezult": 1
  }
},
{
  "model": "home.additionalolimpiadlesson",
  "pk": 23,
  "fields": {
    "lesson": 10,
    "olimpiad": 10,
    "minAvgMarkFor3Years": 4,
    "interest": 3,
    "minAvgRezult": 2
  }
},
{
  "model": "home.additionalolimpiadlesson",
  "pk": 24,
  "fields": {
    "lesson": 10,
    "olimpiad": 11,
    "minAvgMarkFor3Years": 4,
    "interest": 4,
    "minAvgRezult": 2
  }
},
{
  "model": "home.additionalolimpiadlesson",
  "pk": 25,
  "fields": {
    "lesson": 13,
    "olimpiad": 11,
    "minAvgMarkFor3Years": 4,
    "interest": 3,
    "minAvgRezult": 2
  }
},
{
  "model": "home.additionalolimpiadlesson",
  "pk": 26,
  "fields": {
    "lesson": 10,
    "olimpiad": 12,
    "minAvgMarkFor3Years": 4,
    "interest": 4,
    "minAvgRezult": 3
  }
},
{
  "model": "home.additionalolimpiadlesson",
  "pk": 27,
  "fields": {
    "lesson": 10,
    "olimpiad": 13,
    "minAvgMarkFor3Years": 4,
    "interest": 3,
    "minAvgRezult": 2
  }
},
{
  "model": "home.additionalolimpiadlesson",
  "pk": 28,
  "fields": {
    "lesson": 13,
    "olimpiad": 13,
    "minAvgMarkFor3Years": 4,
    "interest": 3,
    "minAvgRezult": 1
  }
},
{
  "model": "home.additionalolimpiadlesson",
  "pk": 29,
  "fields": {
    "lesson": 1,
    "olimpiad": 14,
    "minAvgMarkFor3Years": 4,
    "interest": 3,
    "minAvgRezult": 1
  }
},
{
  "model": "home.additionalolimpiadlesson",
  "pk": 30,
  "fields": {
    "lesson": 6,
    "olimpiad": 14,
    "minAvgMarkFor3Years": 4,
    "interest": 4,
    "minAvgRezult": 1
  }
},
{
  "model": "home.additionalolimpiadlesson",
  "pk": 31,
  "fields": {
    "lesson": 1,
    "olimpiad": 15,
    "minAvgMarkFor3Years": 5,
    "interest": 4,
    "minAvgRezult": 1
  }
},
{
  "model": "home.additionalolimpiadlesson",
  "pk": 32,
  "fields": {
    "lesson": 7,
    "olimpiad": 15,
    "minAvgMarkFor3Years": 4,
    "interest": 2,
    "minAvgRezult": 1
  }
},
{
  "model": "home.additionalolimpiadlesson",
  "pk": 33,
  "fields": {
    "lesson": 2,
    "olimpiad": 16,
    "minAvgMarkFor3Years": 5,
    "interest": 3,
    "minAvgRezult": 1
  }
},
{
  "model": "home.additionalolimpiadlesson",
  "pk": 34,
  "fields": {
    "lesson": 7,
    "olimpiad": 16,
    "minAvgMarkFor3Years": 5,
    "interest": 3,
    "minAvgRezult": 1
  }
},
{
  "model": "home.additionalolimpiadlesson",
  "pk": 35,
  "fields": {
    "lesson": 6,
    "olimpiad": 16,
    "minAvgMarkFor3Years": 5,
    "interest": 3,
    "minAvgRezult": 1
  }
},
{
  "model": "home.additionalolimpiadlesson",
  "pk": 36,
  "fields": {
    "lesson": 1,
    "olimpiad": 17,
    "minAvgMarkFor3Years": 5,
    "interest": 3,
    "minAvgRezult": 1
  }
},
{
  "model": "home.additionalolimpiadlesson",
  "pk": 37,
  "fields": {
    "lesson": 7,
    "olimpiad": 17,
    "minAvgMarkFor3Years": 5,
    "interest": 3,
    "minAvgRezult": 1
  }
},
{
  "model": "home.additionalolimpiadlesson",
  "pk": 38,
  "fields": {
    "lesson": 1,
    "olimpiad": 18,
    "minAvgMarkFor3Years": 5,
    "interest": 3,
    "minAvgRezult": 1
  }
},
{
  "model": "home.additionalolimpiadlesson",
  "pk": 39,
  "fields": {
    "lesson": 7,
    "olimpiad": 18,
    "minAvgMarkFor3Years": 4,
    "interest": 3,
    "minAvgRezult": 1
  }
},
{
  "model": "home.additionalolimpiadlesson",
  "pk": 40,
  "fields": {
    "lesson": 1,
    "olimpiad": 19,
    "minAvgMarkFor3Years": 4,
    "interest": 3,
    "minAvgRezult": 1
  }
},
{
  "model": "home.additionalolimpiadlesson",
  "pk": 41,
  "fields": {
    "lesson": 7,
    "olimpiad": 19,
    "minAvgMarkFor3Years": 4,
    "interest": 3,
    "minAvgRezult": 1
  }
},
{
  "model": "home.additionalolimpiadlesson",
  "pk": 42,
  "fields": {
    "lesson": 1,
    "olimpiad": 20,
    "minAvgMarkFor3Years": 4,
    "interest": 2,
    "minAvgRezult": 1
  }
},
{
  "model": "home.additionalolimpiadlesson",
  "pk": 43,
  "fields": {
    "lesson": 1,
    "olimpiad": 21,
    "minAvgMarkFor3Years": 4,
    "interest": 2,
    "minAvgRezult": 1
  }
},
{
  "model": "home.additionalolimpiadlesson",
  "pk": 44,
  "fields": {
    "lesson": 8,
    "olimpiad": 22,
    "minAvgMarkFor3Years": 5,
    "interest": 5,
    "minAvgRezult": 4
  }
},
{
  "model": "home.additionalolimpiadlesson",
  "pk": 45,
  "fields": {
    "lesson": 7,
    "olimpiad": 22,
    "minAvgMarkFor3Years": 4,
    "interest": 2,
    "minAvgRezult": 1
  }
},
{
  "model": "home.additionalolimpiadlesson",
  "pk": 46,
  "fields": {
    "lesson": 1,
    "olimpiad": 22,
    "minAvgMarkFor3Years": 4,
    "interest": 2,
    "minAvgRezult": 1
  }
},
{
  "model": "home.additionalolimpiadlesson",
  "pk": 47,
  "fields": {
    "lesson": 8,
    "olimpiad": 23,
    "minAvgMarkFor3Years": 5,
    "interest": 5,
    "minAvgRezult": 3
  }
},
{
  "model": "home.additionalolimpiadlesson",
  "pk": 48,
  "fields": {
    "lesson": 1,
    "olimpiad": 23,
    "minAvgMarkFor3Years": 5,
    "interest": 3,
    "minAvgRezult": 1
  }
},
{
  "model": "home.additionalolimpiadlesson",
  "pk": 49,
  "fields": {
    "lesson": 1,
    "olimpiad": 24,
    "minAvgMarkFor3Years": 4,
    "interest": 2,
    "minAvgRezult": 1
  }
},
{
  "model": "home.additionalolimpiadlesson",
  "pk": 50,
  "fields": {
    "lesson": 8,
    "olimpiad": 25,
    "minAvgMarkFor3Years": 5,
    "interest": 4,
    "minAvgRezult": 1
  }
},
{
  "model": "home.additionalolimpiadlesson",
  "pk": 51,
  "fields": {
    "lesson": 7,
    "olimpiad": 25,
    "minAvgMarkFor3Years": 5,
    "interest": 3,
    "minAvgRezult": 1
  }
},
{
  "model": "home.additionalolimpiadlesson",
  "pk": 52,
  "fields": {
    "lesson": 1,
    "olimpiad": 25,
    "minAvgMarkFor3Years": 4,
    "interest": 2,
    "minAvgRezult": 1
  }
},
{
  "model": "home.additionalolimpiadlesson",
  "pk": 53,
  "fields": {
    "lesson": 7,
    "olimpiad": 26,
    "minAvgMarkFor3Years": 5,
    "interest": 4,
    "minAvgRezult": 1
  }
},
{
  "model": "home.additionalolimpiadlesson",
  "pk": 54,
  "fields": {
    "lesson": 1,
    "olimpiad": 26,
    "minAvgMarkFor3Years": 5,
    "interest": 3,
    "minAvgRezult": 1
  }
},
{
  "model": "home.additionalolimpiadlesson",
  "pk": 55,
  "fields": {
    "lesson": 4,
    "olimpiad": 26,
    "minAvgMarkFor3Years": 5,
    "interest": 3,
    "minAvgRezult": 1
  }
},
{
  "model": "home.additionalolimpiadlesson",
  "pk": 56,
  "fields": {
    "lesson": 1,
    "olimpiad": 27,
    "minAvgMarkFor3Years": 5,
    "interest": 4,
    "minAvgRezult": 1
  }
},
{
  "model": "home.additionalolimpiadlesson",
  "pk": 57,
  "fields": {
    "lesson": 7,
    "olimpiad": 28,
    "minAvgMarkFor3Years": 5,
    "interest": 3,
    "minAvgRezult": 1
  }
},
{
  "model": "home.additionalolimpiadlesson",
  "pk": 58,
  "fields": {
    "lesson": 1,
    "olimpiad": 28,
    "minAvgMarkFor3Years": 4,
    "interest": 2,
    "minAvgRezult": 1
  }
},
{
  "model": "home.additionalolimpiadlesson",
  "pk": 59,
  "fields": {
    "lesson": 1,
    "olimpiad": 29,
    "minAvgMarkFor3Years": 5,
    "interest": 3,
    "minAvgRezult": 1
  }
},
{
  "model": "home.additionalolimpiadlesson",
  "pk": 60,
  "fields": {
    "lesson": 7,
    "olimpiad": 29,
    "minAvgMarkFor3Years": 4,
    "interest": 2,
    "minAvgRezult": 1
  }
},
{
  "model": "home.additionalolimpiadlesson",
  "pk": 61,
  "fields": {
    "lesson": 1,
    "olimpiad": 30,
    "minAvgMarkFor3Years": 4,
    "interest": 2,
    "minAvgRezult": 1
  }
},
{
  "model": "home.additionalolimpiadlesson",
  "pk": 62,
  "fields": {
    "lesson": 7,
    "olimpiad": 30,
    "minAvgMarkFor3Years": 4,
    "interest": 2,
    "minAvgRezult": 1
  }
},
{
  "model": "home.additionalolimpiadlesson",
  "pk": 63,
  "fields": {
    "lesson": 1,
    "olimpiad": 31,
    "minAvgMarkFor3Years": 4,
    "interest": 2,
    "minAvgRezult": 1
  }
},
{
  "model": "home.additionalolimpiadlesson",
  "pk": 64,
  "fields": {
    "lesson": 7,
    "olimpiad": 32,
    "minAvgMarkFor3Years": 4,
    "interest": 3,
    "minAvgRezult": 1
  }
},
{
  "model": "home.additionalolimpiadlesson",
  "pk": 65,
  "fields": {
    "lesson": 8,
    "olimpiad": 32,
    "minAvgMarkFor3Years": 4,
    "interest": 3,
    "minAvgRezult": 1
  }
},
{
  "model": "home.additionalolimpiadlesson",
  "pk": 66,
  "fields": {
    "lesson": 8,
    "olimpiad": 33,
    "minAvgMarkFor3Years": 5,
    "interest": 2,
    "minAvgRezult": 1
  }
},
{
  "model": "home.additionalolimpiadlesson",
  "pk": 67,
  "fields": {
    "lesson": 1,
    "olimpiad": 33,
    "minAvgMarkFor3Years": 4,
    "interest": 2,
    "minAvgRezult": 1
  }
},
{
  "model": "home.additionalolimpiadlesson",
  "pk": 68,
  "fields": {
    "lesson": 1,
    "olimpiad": 34,
    "minAvgMarkFor3Years": 5,
    "interest": 5,
    "minAvgRezult": 4
  }
},
{
  "model": "home.additionalolimpiadlesson",
  "pk": 69,
  "fields": {
    "lesson": 6,
    "olimpiad": 34,
    "minAvgMarkFor3Years": 5,
    "interest": 5,
    "minAvgRezult": 4
  }
},
{
  "model": "home.additionalolimpiadlesson",
  "pk": 70,
  "fields": {
    "lesson": 7,
    "olimpiad": 34,
    "minAvgMarkFor3Years": 5,
    "interest": 5,
    "minAvgRezult": 4
  }
},
{
  "model": "home.additionalolimpiadlesson",
  "pk": 71,
  "fields": {
    "lesson": 1,
    "olimpiad": 35,
    "minAvgMarkFor3Years": 5,
    "interest": 4,
    "minAvgRezult": 3
  }
},
{
  "model": "home.additionalolimpiadlesson",
  "pk": 72,
  "fields": {
    "lesson": 6,
    "olimpiad": 35,
    "minAvgMarkFor3Years": 5,
    "interest": 3,
    "minAvgRezult": 1
  }
},
{
  "model": "home.additionalolimpiadlesson",
  "pk": 73,
  "fields": {
    "lesson": 7,
    "olimpiad": 35,
    "minAvgMarkFor3Years": 4,
    "interest": 3,
    "minAvgRezult": 1
  }
},
{
  "model": "home.additionalolimpiadlesson",
  "pk": 74,
  "fields": {
    "lesson": 7,
    "olimpiad": 36,
    "minAvgMarkFor3Years": 5,
    "interest": 3,
    "minAvgRezult": 1
  }
},
{
  "model": "home.additionalolimpiadlesson",
  "pk": 75,
  "fields": {
    "lesson": 1,
    "olimpiad": 36,
    "minAvgMarkFor3Years": 5,
    "interest": 2,
    "minAvgRezult": 1
  }
},
{
  "model": "home.additionalolimpiadlesson",
  "pk": 76,
  "fields": {
    "lesson": 7,
    "olimpiad": 37,
    "minAvgMarkFor3Years": 5,
    "interest": 3,
    "minAvgRezult": 1
  }
},
{
  "model": "home.additionalolimpiadlesson",
  "pk": 77,
  "fields": {
    "lesson": 1,
    "olimpiad": 37,
    "minAvgMarkFor3Years": 4,
    "interest": 2,
    "minAvgRezult": 1
  }
},
{
  "model": "home.additionalolimpiadlesson",
  "pk": 78,
  "fields": {
    "lesson": 6,
    "olimpiad": 38,
    "minAvgMarkFor3Years": 4,
    "interest": 3,
    "minAvgRezult": 1
  }
},
{
  "model": "home.additionalolimpiadlesson",
  "pk": 79,
  "fields": {
    "lesson": 7,
    "olimpiad": 38,
    "minAvgMarkFor3Years": 4,
    "interest": 3,
    "minAvgRezult": 1
  }
},
{
  "model": "home.additionalolimpiadlesson",
  "pk": 80,
  "fields": {
    "lesson": 7,
    "olimpiad": 39,
    "minAvgMarkFor3Years": 5,
    "interest": 3,
    "minAvgRezult": 1
  }
},
{
  "model": "home.additionalolimpiadlesson",
  "pk": 81,
  "fields": {
    "lesson": 1,
    "olimpiad": 39,
    "minAvgMarkFor3Years": 4,
    "interest": 3,
    "minAvgRezult": 1
  }
},
{
  "model": "home.additionalolimpiadlesson",
  "pk": 82,
  "fields": {
    "lesson": 5,
    "olimpiad": 40,
    "minAvgMarkFor3Years": 3,
    "interest": 2,
    "minAvgRezult": 1
  }
},
{
  "model": "home.additionalolimpiadlesson",
  "pk": 83,
  "fields": {
    "lesson": 13,
    "olimpiad": 40,
    "minAvgMarkFor3Years": 4,
    "interest": 2,
    "minAvgRezult": 1
  }
},
{
  "model": "home.additionalolimpiadlesson",
  "pk": 84,
  "fields": {
    "lesson": 13,
    "olimpiad": 41,
    "minAvgMarkFor3Years": 5,
    "interest": 4,
    "minAvgRezult": 3
  }
},
{
  "model": "home.additionalolimpiadlesson",
  "pk": 85,
  "fields": {
    "lesson": 5,
    "olimpiad": 41,
    "minAvgMarkFor3Years": 4,
    "interest": 3,
    "minAvgRezult": 1
  }
},
{
  "model": "home.additionalolimpiadlesson",
  "pk": 86,
  "fields": {
    "lesson": 13,
    "olimpiad": 42,
    "minAvgMarkFor3Years": 4,
    "interest": 2,
    "minAvgRezult": 1
  }
},
{
  "model": "home.additionalolimpiadlesson",
  "pk": 87,
  "fields": {
    "lesson": 5,
    "olimpiad": 42,
    "minAvgMarkFor3Years": 3,
    "interest": 2,
    "minAvgRezult": 1
  }
},
{
  "model": "home.additionalolimpiadlesson",
  "pk": 88,
  "fields": {
    "lesson": 13,
    "olimpiad": 43,
    "minAvgMarkFor3Years": 5,
    "interest": 4,
    "minAvgRezult": 3
  }
},
{
  "model": "home.additionalolimpiadlesson",
  "pk": 89,
  "fields": {
    "lesson": 5,
    "olimpiad": 43,
    "minAvgMarkFor3Years": 4,
    "interest": 3,
    "minAvgRezult": 1
  }
},
{
  "model": "home.additionalolimpiadlesson",
  "pk": 90,
  "fields": {
    "lesson": 10,
    "olimpiad": 44,
    "minAvgMarkFor3Years": 5,
    "interest": 4,
    "minAvgRezult": 3
  }
},
{
  "model": "home.additionalolimpiadlesson",
  "pk": 91,
  "fields": {
    "lesson": 13,
    "olimpiad": 44,
    "minAvgMarkFor3Years": 4,
    "interest": 3,
    "minAvgRezult": 2
  }
},
{
  "model": "home.additionalolimpiadlesson",
  "pk": 92,
  "fields": {
    "lesson": 11,
    "olimpiad": 44,
    "minAvgMarkFor3Years": 5,
    "interest": 3,
    "minAvgRezult": 3
  }
},
{
  "model": "home.additionalolimpiadlesson",
  "pk": 93,
  "fields": {
    "lesson": 10,
    "olimpiad": 45,
    "minAvgMarkFor3Years": 4,
    "interest": 4,
    "minAvgRezult": 3
  }
},
{
  "model": "home.additionalolimpiadlesson",
  "pk": 94,
  "fields": {
    "lesson": 10,
    "olimpiad": 46,
    "minAvgMarkFor3Years": 5,
    "interest": 4,
    "minAvgRezult": 3
  }
},
{
  "model": "home.additionalolimpiadlesson",
  "pk": 95,
  "fields": {
    "lesson": 5,
    "olimpiad": 46,
    "minAvgMarkFor3Years": 4,
    "interest": 3,
    "minAvgRezult": 2
  }
},
{
  "model": "home.additionalolimpiadlesson",
  "pk": 96,
  "fields": {
    "lesson": 12,
    "olimpiad": 46,
    "minAvgMarkFor3Years": 4,
    "interest": 3,
    "minAvgRezult": 2
  }
},
{
  "model": "home.additionalolimpiadlesson",
  "pk": 97,
  "fields": {
    "lesson": 10,
    "olimpiad": 47,
    "minAvgMarkFor3Years": 4,
    "interest": 4,
    "minAvgRezult": 3
  }
},
{
  "model": "home.additionalolimpiadlesson",
  "pk": 98,
  "fields": {
    "lesson": 12,
    "olimpiad": 47,
    "minAvgMarkFor3Years": 4,
    "interest": 3,
    "minAvgRezult": 3
  }
},
{
  "model": "home.additionalolimpiadlesson",
  "pk": 99,
  "fields": {
    "lesson": 1,
    "olimpiad": 48,
    "minAvgMarkFor3Years": 4,
    "interest": 2,
    "minAvgRezult": 2
  }
},
{
  "model": "home.additionalolimpiadlesson",
  "pk": 100,
  "fields": {
    "lesson": 10,
    "olimpiad": 48,
    "minAvgMarkFor3Years": 4,
    "interest": 3,
    "minAvgRezult": 3
  }
},
{
  "model": "home.additionalolimpiadlesson",
  "pk": 101,
  "fields": {
    "lesson": 18,
    "olimpiad": 48,
    "minAvgMarkFor3Years": 4,
    "interest": 3,
    "minAvgRezult": 1
  }
},
{
  "model": "home.softskill",
  "pk": 1,
  "fields": {
    "name": "Креативность"
  }
},
{
  "model": "home.softskill",
  "pk": 2,
  "fields": {
    "name": "Самоорганизация"
  }
},
{
  "model": "home.softskill",
  "pk": 3,
  "fields": {
    "name": "Критическое мышление"
  }
},
{
  "model": "home.softskill",
  "pk": 4,
  "fields": {
    "name": "Читательская грамотность"
  }
},
{
  "model": "home.softskill",
  "pk": 5,
  "fields": {
    "name": "Логическое мышление"
  }
},
{
  "model": "home.softskill",
  "pk": 6,
  "fields": {
    "name": "Эмоциональный интеллект"
  }
},
{
  "model": "home.softskill",
  "pk": 7,
  "fields": {
    "name": "Память"
  }
},
{
  "model": "home.olimpiadss",
  "pk": 1,
  "fields": {
    "ss": 1,
    "olimpiad": 1,
    "minRezult": 5
  }
},
{
  "model": "home.olimpiadss",
  "pk": 2,
  "fields": {
    "ss": 2,
    "olimpiad": 1,
    "minRezult": 5
  }
},
{
  "model": "home.olimpiadss",
  "pk": 3,
  "fields": {
    "ss": 3,
    "olimpiad": 1,
    "minRezult": 5
  }
},
{
  "model": "home.olimpiadss",
  "pk": 4,
  "fields": {
    "ss": 4,
    "olimpiad": 1,
    "minRezult": 5
  }
},
{
  "model": "home.olimpiadss",
  "pk": 5,
  "fields": {
    "ss": 5,
    "olimpiad": 1,
    "minRezult": 5
  }
},
{
  "model": "home.olimpiadss",
  "pk": 6,
  "fields": {
    "ss": 6,
    "olimpiad": 1,
    "minRezult": 4
  }
},
{
  "model": "home.olimpiadss",
  "pk": 7,
  "fields": {
    "ss": 7,
    "olimpiad": 1,
    "minRezult": 5
  }
},
{
  "model": "home.olimpiadss",
  "pk": 8,
  "fields": {
    "ss": 1,
    "olimpiad": 2,
    "minRezult": 4
  }
},
{
  "model": "home.olimpiadss",
  "pk": 9,
  "fields": {
    "ss": 2,
    "olimpiad": 2,
    "minRezult": 5
  }
},
{
  "model": "home.olimpiadss",
  "pk": 10,
  "fields": {
    "ss": 3,
    "olimpiad": 2,
    "minRezult": 5
  }
},
{
  "model": "home.olimpiadss",
  "pk": 11,
  "fields": {
    "ss": 4,
    "olimpiad": 2,
    "minRezult": 5
  }
},
{
  "model": "home.olimpiadss",
  "pk": 12,
  "fields": {
    "ss": 5,
    "olimpiad": 2,
    "minRezult": 5
  }
},
{
  "model": "home.olimpiadss",
  "pk": 13,
  "fields": {
    "ss": 6,
    "olimpiad": 2,
    "minRezult": 5
  }
},
{
  "model": "home.olimpiadss",
  "pk": 14,
  "fields": {
    "ss": 7,
    "olimpiad": 2,
    "minRezult": 5
  }
},
{
  "model": "home.olimpiadss",
  "pk": 15,
  "fields": {
    "ss": 1,
    "olimpiad": 3,
    "minRezult": 5
  }
},
{
  "model": "home.olimpiadss",
  "pk": 16,
  "fields": {
    "ss": 2,
    "olimpiad": 3,
    "minRezult": 5
  }
},
{
  "model": "home.olimpiadss",
  "pk": 17,
  "fields": {
    "ss": 3,
    "olimpiad": 3,
    "minRezult": 5
  }
},
{
  "model": "home.olimpiadss",
  "pk": 18,
  "fields": {
    "ss": 4,
    "olimpiad": 3,
    "minRezult": 5
  }
},
{
  "model": "home.olimpiadss",
  "pk": 19,
  "fields": {
    "ss": 5,
    "olimpiad": 3,
    "minRezult": 5
  }
},
{
  "model": "home.olimpiadss",
  "pk": 20,
  "fields": {
    "ss": 6,
    "olimpiad": 3,
    "minRezult": 5
  }
},
{
  "model": "home.olimpiadss",
  "pk": 21,
  "fields": {
    "ss": 7,
    "olimpiad": 3,
    "minRezult": 5
  }
},
{
  "model": "home.olimpiadss",
  "pk": 22,
  "fields": {
    "ss": 1,
    "olimpiad": 4,
    "minRezult": 5
  }
},
{
  "model": "home.olimpiadss",
  "pk": 23,
  "fields": {
    "ss": 2,
    "olimpiad": 4,
    "minRezult": 5
  }
},
{
  "model": "home.olimpiadss",
  "pk": 24,
  "fields": {
    "ss": 3,
    "olimpiad": 4,
    "minRezult": 5
  }
},
{
  "model": "home.olimpiadss",
  "pk": 25,
  "fields": {
    "ss": 4,
    "olimpiad": 4,
    "minRezult": 5
  }
},
{
  "model": "home.olimpiadss",
  "pk": 26,
  "fields": {
    "ss": 5,
    "olimpiad": 4,
    "minRezult": 5
  }
},
{
  "model": "home.olimpiadss",
  "pk": 27,
  "fields": {
    "ss": 6,
    "olimpiad": 4,
    "minRezult": 4
  }
},
{
  "model": "home.olimpiadss",
  "pk": 28,
  "fields": {
    "ss": 7,
    "olimpiad": 4,
    "minRezult": 5
  }
},
{
  "model": "home.olimpiadss",
  "pk": 29,
  "fields": {
    "ss": 1,
    "olimpiad": 5,
    "minRezult": 3
  }
},
{
  "model": "home.olimpiadss",
  "pk": 30,
  "fields": {
    "ss": 2,
    "olimpiad": 5,
    "minRezult": 5
  }
},
{
  "model": "home.olimpiadss",
  "pk": 31,
  "fields": {
    "ss": 3,
    "olimpiad": 5,
    "minRezult": 3
  }
},
{
  "model": "home.olimpiadss",
  "pk": 32,
  "fields": {
    "ss": 4,
    "olimpiad": 5,
    "minRezult": 5
  }
},
{
  "model": "home.olimpiadss",
  "pk": 33,
  "fields": {
    "ss": 5,
    "olimpiad": 5,
    "minRezult": 5
  }
},
{
  "model": "home.olimpiadss",
  "pk": 34,
  "fields": {
    "ss": 6,
    "olimpiad": 5,
    "minRezult": 5
  }
},
{
  "model": "home.olimpiadss",
  "pk": 35,
  "fields": {
    "ss": 7,
    "olimpiad": 5,
    "minRezult": 5
  }
},
{
  "model": "home.olimpiadss",
  "pk": 36,
  "fields": {
    "ss": 1,
    "olimpiad": 6,
    "minRezult": 3
  }
},
{
  "model": "home.olimpiadss",
  "pk": 37,
  "fields": {
    "ss": 2,
    "olimpiad": 6,
    "minRezult": 5
  }
},
{
  "model": "home.olimpiadss",
  "pk": 38,
  "fields": {
    "ss": 3,
    "olimpiad": 6,
    "minRezult": 3
  }
},
{
  "model": "home.olimpiadss",
  "pk": 39,
  "fields": {
    "ss": 4,
    "olimpiad": 6,
    "minRezult": 4
  }
},
{
  "model": "home.olimpiadss",
  "pk": 40,
  "fields": {
    "ss": 5,
    "olimpiad": 6,
    "minRezult": 5
  }
},
{
  "model": "home.olimpiadss",
  "pk": 41,
  "fields": {
    "ss": 6,
    "olimpiad": 6,
    "minRezult": 3
  }
},
{
  "model": "home.olimpiadss",
  "pk": 42,
  "fields": {
    "ss": 7,
    "olimpiad": 6,
    "minRezult": 5
  }
},
{
  "model": "home.olimpiadss",
  "pk": 43,
  "fields": {
    "ss": 1,
    "olimpiad": 7,
    "minRezult": 5
  }
},
{
  "model": "home.olimpiadss",
  "pk": 44,
  "fields": {
    "ss": 2,
    "olimpiad": 7,
    "minRezult": 3
  }
},
{
  "model": "home.olimpiadss",
  "pk": 45,
  "fields": {
    "ss": 3,
    "olimpiad": 7,
    "minRezult": 5
  }
},
{
  "model": "home.olimpiadss",
  "pk": 46,
  "fields": {
    "ss": 4,
    "olimpiad": 7,
    "minRezult": 4
  }
},
{
  "model": "home.olimpiadss",
  "pk": 47,
  "fields": {
    "ss": 5,
    "olimpiad": 7,
    "minRezult": 5
  }
},
{
  "model": "home.olimpiadss",
  "pk": 48,
  "fields": {
    "ss": 6,
    "olimpiad": 7,
    "minRezult": 3
  }
},
{
  "model": "home.olimpiadss",
  "pk": 49,
  "fields": {
    "ss": 7,
    "olimpiad": 7,
    "minRezult": 5
  }
},
{
  "model": "home.olimpiadss",
  "pk": 50,
  "fields": {
    "ss": 1,
    "olimpiad": 8,
    "minRezult": 5
  }
},
{
  "model": "home.olimpiadss",
  "pk": 51,
  "fields": {
    "ss": 2,
    "olimpiad": 8,
    "minRezult": 5
  }
},
{
  "model": "home.olimpiadss",
  "pk": 52,
  "fields": {
    "ss": 3,
    "olimpiad": 8,
    "minRezult": 5
  }
},
{
  "model": "home.olimpiadss",
  "pk": 53,
  "fields": {
    "ss": 4,
    "olimpiad": 8,
    "minRezult": 5
  }
},
{
  "model": "home.olimpiadss",
  "pk": 54,
  "fields": {
    "ss": 5,
    "olimpiad": 8,
    "minRezult": 5
  }
},
{
  "model": "home.olimpiadss",
  "pk": 55,
  "fields": {
    "ss": 6,
    "olimpiad": 8,
    "minRezult": 5
  }
},
{
  "model": "home.olimpiadss",
  "pk": 56,
  "fields": {
    "ss": 7,
    "olimpiad": 8,
    "minRezult": 5
  }
},
{
  "model": "home.olimpiadss",
  "pk": 57,
  "fields": {
    "ss": 1,
    "olimpiad": 9,
    "minRezult": 2
  }
},
{
  "model": "home.olimpiadss",
  "pk": 58,
  "fields": {
    "ss": 2,
    "olimpiad": 9,
    "minRezult": 3
  }
},
{
  "model": "home.olimpiadss",
  "pk": 59,
  "fields": {
    "ss": 3,
    "olimpiad": 9,
    "minRezult": 2
  }
},
{
  "model": "home.olimpiadss",
  "pk": 60,
  "fields": {
    "ss": 4,
    "olimpiad": 9,
    "minRezult": 4
  }
},
{
  "model": "home.olimpiadss",
  "pk": 61,
  "fields": {
    "ss": 5,
    "olimpiad": 9,
    "minRezult": 4
  }
},
{
  "model": "home.olimpiadss",
  "pk": 62,
  "fields": {
    "ss": 6,
    "olimpiad": 9,
    "minRezult": 2
  }
},
{
  "model": "home.olimpiadss",
  "pk": 63,
  "fields": {
    "ss": 7,
    "olimpiad": 9,
    "minRezult": 4
  }
},
{
  "model": "home.olimpiadss",
  "pk": 64,
  "fields": {
    "ss": 1,
    "olimpiad": 10,
    "minRezult": 4
  }
},
{
  "model": "home.olimpiadss",
  "pk": 65,
  "fields": {
    "ss": 2,
    "olimpiad": 10,
    "minRezult": 5
  }
},
{
  "model": "home.olimpiadss",
  "pk": 66,
  "fields": {
    "ss": 3,
    "olimpiad": 10,
    "minRezult": 5
  }
},
{
  "model": "home.olimpiadss",
  "pk": 67,
  "fields": {
    "ss": 4,
    "olimpiad": 10,
    "minRezult": 4
  }
},
{
  "model": "home.olimpiadss",
  "pk": 68,
  "fields": {
    "ss": 5,
    "olimpiad": 10,
    "minRezult": 4
  }
},
{
  "model": "home.olimpiadss",
  "pk": 69,
  "fields": {
    "ss": 6,
    "olimpiad": 10,
    "minRezult": 4
  }
},
{
  "model": "home.olimpiadss",
  "pk": 70,
  "fields": {
    "ss": 7,
    "olimpiad": 10,
    "minRezult": 4
  }
},
{
  "model": "home.olimpiadss",
  "pk": 71,
  "fields": {
    "ss": 1,
    "olimpiad": 11,
    "minRezult": 5
  }
},
{
  "model": "home.olimpiadss",
  "pk": 72,
  "fields": {
    "ss": 2,
    "olimpiad": 11,
    "minRezult": 5
  }
},
{
  "model": "home.olimpiadss",
  "pk": 73,
  "fields": {
    "ss": 3,
    "olimpiad": 11,
    "minRezult": 5
  }
},
{
  "model": "home.olimpiadss",
  "pk": 74,
  "fields": {
    "ss": 4,
    "olimpiad": 11,
    "minRezult": 5
  }
},
{
  "model": "home.olimpiadss",
  "pk": 75,
  "fields": {
    "ss": 5,
    "olimpiad": 11,
    "minRezult": 5
  }
},
{
  "model": "home.olimpiadss",
  "pk": 76,
  "fields": {
    "ss": 6,
    "olimpiad": 11,
    "minRezult": 4
  }
},
{
  "model": "home.olimpiadss",
  "pk": 77,
  "fields": {
    "ss": 7,
    "olimpiad": 11,
    "minRezult": 4
  }
},
{
  "model": "home.olimpiadss",
  "pk": 78,
  "fields": {
    "ss": 1,
    "olimpiad": 12,
    "minRezult": 3
  }
},
{
  "model": "home.olimpiadss",
  "pk": 79,
  "fields": {
    "ss": 2,
    "olimpiad": 12,
    "minRezult": 5
  }
},
{
  "model": "home.olimpiadss",
  "pk": 80,
  "fields": {
    "ss": 3,
    "olimpiad": 12,
    "minRezult": 5
  }
},
{
  "model": "home.olimpiadss",
  "pk": 81,
  "fields": {
    "ss": 4,
    "olimpiad": 12,
    "minRezult": 4
  }
},
{
  "model": "home.olimpiadss",
  "pk": 82,
  "fields": {
    "ss": 5,
    "olimpiad": 12,
    "minRezult": 4
  }
},
{
  "model": "home.olimpiadss",
  "pk": 83,
  "fields": {
    "ss": 6,
    "olimpiad": 12,
    "minRezult": 4
  }
},
{
  "model": "home.olimpiadss",
  "pk": 84,
  "fields": {
    "ss": 7,
    "olimpiad": 12,
    "minRezult": 4
  }
},
{
  "model": "home.olimpiadss",
  "pk": 85,
  "fields": {
    "ss": 1,
    "olimpiad": 13,
    "minRezult": 5
  }
},
{
  "model": "home.olimpiadss",
  "pk": 86,
  "fields": {
    "ss": 2,
    "olimpiad": 13,
    "minRezult": 4
  }
},
{
  "model": "home.olimpiadss",
  "pk": 87,
  "fields": {
    "ss": 3,
    "olimpiad": 13,
    "minRezult": 5
  }
},
{
  "model": "home.olimpiadss",
  "pk": 88,
  "fields": {
    "ss": 4,
    "olimpiad": 13,
    "minRezult": 5
  }
},
{
  "model": "home.olimpiadss",
  "pk": 89,
  "fields": {
    "ss": 5,
    "olimpiad": 13,
    "minRezult": 4
  }
},
{
  "model": "home.olimpiadss",
  "pk": 90,
  "fields": {
    "ss": 6,
    "olimpiad": 13,
    "minRezult": 3
  }
},
{
  "model": "home.olimpiadss",
  "pk": 91,
  "fields": {
    "ss": 7,
    "olimpiad": 13,
    "minRezult": 4
  }
},
{
  "model": "home.olimpiadss",
  "pk": 92,
  "fields": {
    "ss": 1,
    "olimpiad": 14,
    "minRezult": 5
  }
},
{
  "model": "home.olimpiadss",
  "pk": 93,
  "fields": {
    "ss": 2,
    "olimpiad": 14,
    "minRezult": 5
  }
},
{
  "model": "home.olimpiadss",
  "pk": 94,
  "fields": {
    "ss": 3,
    "olimpiad": 14,
    "minRezult": 5
  }
},
{
  "model": "home.olimpiadss",
  "pk": 95,
  "fields": {
    "ss": 4,
    "olimpiad": 14,
    "minRezult": 5
  }
},
{
  "model": "home.olimpiadss",
  "pk": 96,
  "fields": {
    "ss": 5,
    "olimpiad": 14,
    "minRezult": 5
  }
},
{
  "model": "home.olimpiadss",
  "pk": 97,
  "fields": {
    "ss": 6,
    "olimpiad": 14,
    "minRezult": 5
  }
},
{
  "model": "home.olimpiadss",
  "pk": 98,
  "fields": {
    "ss": 7,
    "olimpiad": 14,
    "minRezult": 5
  }
},
{
  "model": "home.olimpiadss",
  "pk": 99,
  "fields": {
    "ss": 1,
    "olimpiad": 15,
    "minRezult": 5
  }
},
{
  "model": "home.olimpiadss",
  "pk": 100,
  "fields": {
    "ss": 2,
    "olimpiad": 15,
    "minRezult": 4
  }
},
{
  "model": "home.olimpiadss",
  "pk": 101,
  "fields": {
    "ss": 3,
    "olimpiad": 15,
    "minRezult": 3
  }
},
{
  "model": "home.olimpiadss",
  "pk": 102,
  "fields": {
    "ss": 4,
    "olimpiad": 15,
    "minRezult": 4
  }
},
{
  "model": "home.olimpiadss",
  "pk": 103,
  "fields": {
    "ss": 5,
    "olimpiad": 15,
    "minRezult": 5
  }
},
{
  "model": "home.olimpiadss",
  "pk": 104,
  "fields": {
    "ss": 6,
    "olimpiad": 15,
    "minRezult": 3
  }
},
{
  "model": "home.olimpiadss",
  "pk": 105,
  "fields": {
    "ss": 7,
    "olimpiad": 15,
    "minRezult": 4
  }
},
{
  "model": "home.olimpiadss",
  "pk": 106,
  "fields": {
    "ss": 1,
    "olimpiad": 16,
    "minRezult": 5
  }
},
{
  "model": "home.olimpiadss",
  "pk": 107,
  "fields": {
    "ss": 2,
    "olimpiad": 16,
    "minRezult": 3
  }
},
{
  "model": "home.olimpiadss",
  "pk": 108,
  "fields": {
    "ss": 3,
    "olimpiad": 16,
    "minRezult": 5
  }
},
{
  "model": "home.olimpiadss",
  "pk": 109,
  "fields": {
    "ss": 4,
    "olimpiad": 16,
    "minRezult": 5
  }
},
{
  "model": "home.olimpiadss",
  "pk": 110,
  "fields": {
    "ss": 5,
    "olimpiad": 16,
    "minRezult": 5
  }
},
{
  "model": "home.olimpiadss",
  "pk": 111,
  "fields": {
    "ss": 6,
    "olimpiad": 16,
    "minRezult": 4
  }
},
{
  "model": "home.olimpiadss",
  "pk": 112,
  "fields": {
    "ss": 7,
    "olimpiad": 16,
    "minRezult": 5
  }
},
{
  "model": "home.olimpiadss",
  "pk": 113,
  "fields": {
    "ss": 1,
    "olimpiad": 17,
    "minRezult": 4
  }
},
{
  "model": "home.olimpiadss",
  "pk": 114,
  "fields": {
    "ss": 2,
    "olimpiad": 17,
    "minRezult": 4
  }
},
{
  "model": "home.olimpiadss",
  "pk": 115,
  "fields": {
    "ss": 3,
    "olimpiad": 17,
    "minRezult": 3
  }
},
{
  "model": "home.olimpiadss",
  "pk": 116,
  "fields": {
    "ss": 4,
    "olimpiad": 17,
    "minRezult": 4
  }
},
{
  "model": "home.olimpiadss",
  "pk": 117,
  "fields": {
    "ss": 5,
    "olimpiad": 17,
    "minRezult": 5
  }
},
{
  "model": "home.olimpiadss",
  "pk": 118,
  "fields": {
    "ss": 6,
    "olimpiad": 17,
    "minRezult": 3
  }
},
{
  "model": "home.olimpiadss",
  "pk": 119,
  "fields": {
    "ss": 7,
    "olimpiad": 17,
    "minRezult": 4
  }
},
{
  "model": "home.olimpiadss",
  "pk": 120,
  "fields": {
    "ss": 1,
    "olimpiad": 18,
    "minRezult": 5
  }
},
{
  "model": "home.olimpiadss",
  "pk": 121,
  "fields": {
    "ss": 2,
    "olimpiad": 18,
    "minRezult": 4
  }
},
{
  "model": "home.olimpiadss",
  "pk": 122,
  "fields": {
    "ss": 3,
    "olimpiad": 18,
    "minRezult": 3
  }
},
{
  "model": "home.olimpiadss",
  "pk": 123,
  "fields": {
    "ss": 4,
    "olimpiad": 18,
    "minRezult": 5
  }
},
{
  "model": "home.olimpiadss",
  "pk": 124,
  "fields": {
    "ss": 5,
    "olimpiad": 18,
    "minRezult": 5
  }
},
{
  "model": "home.olimpiadss",
  "pk": 125,
  "fields": {
    "ss": 6,
    "olimpiad": 18,
    "minRezult": 3
  }
},
{
  "model": "home.olimpiadss",
  "pk": 126,
  "fields": {
    "ss": 7,
    "olimpiad": 18,
    "minRezult": 5
  }
},
{
  "model": "home.olimpiadss",
  "pk": 127,
  "fields": {
    "ss": 1,
    "olimpiad": 19,
    "minRezult": 5
  }
},
{
  "model": "home.olimpiadss",
  "pk": 128,
  "fields": {
    "ss": 2,
    "olimpiad": 19,
    "minRezult": 4
  }
},
{
  "model": "home.olimpiadss",
  "pk": 129,
  "fields": {
    "ss": 3,
    "olimpiad": 19,
    "minRezult": 5
  }
},
{
  "model": "home.olimpiadss",
  "pk": 130,
  "fields": {
    "ss": 4,
    "olimpiad": 19,
    "minRezult": 5
  }
},
{
  "model": "home.olimpiadss",
  "pk": 131,
  "fields": {
    "ss": 5,
    "olimpiad": 19,
    "minRezult": 5
  }
},
{
  "model": "home.olimpiadss",
  "pk": 132,
  "fields": {
    "ss": 6,
    "olimpiad": 19,
    "minRezult": 3
  }
},
{
  "model": "home.olimpiadss",
  "pk": 133,
  "fields": {
    "ss": 7,
    "olimpiad": 19,
    "minRezult": 5
  }
},
{
  "model": "home.olimpiadss",
  "pk": 134,
  "fields": {
    "ss": 1,
    "olimpiad": 20,
    "minRezult": 3
  }
},
{
  "model": "home.olimpiadss",
  "pk": 135,
  "fields": {
    "ss": 2,
    "olimpiad": 20,
    "minRezult": 3
  }
},
{
  "model": "home.olimpiadss",
  "pk": 136,
  "fields": {
    "ss": 3,
    "olimpiad": 20,
    "minRezult": 3
  }
},
{
  "model": "home.olimpiadss",
  "pk": 137,
  "fields": {
    "ss": 4,
    "olimpiad": 20,
    "minRezult": 3
  }
},
{
  "model": "home.olimpiadss",
  "pk": 138,
  "fields": {
    "ss": 5,
    "olimpiad": 20,
    "minRezult": 4
  }
},
{
  "model": "home.olimpiadss",
  "pk": 139,
  "fields": {
    "ss": 6,
    "olimpiad": 20,
    "minRezult": 2
  }
},
{
  "model": "home.olimpiadss",
  "pk": 140,
  "fields": {
    "ss": 7,
    "olimpiad": 20,
    "minRezult": 4
  }
},
{
  "model": "home.olimpiadss",
  "pk": 141,
  "fields": {
    "ss": 1,
    "olimpiad": 21,
    "minRezult": 5
  }
},
{
  "model": "home.olimpiadss",
  "pk": 142,
  "fields": {
    "ss": 2,
    "olimpiad": 21,
    "minRezult": 4
  }
},
{
  "model": "home.olimpiadss",
  "pk": 143,
  "fields": {
    "ss": 3,
    "olimpiad": 21,
    "minRezult": 5
  }
},
{
  "model": "home.olimpiadss",
  "pk": 144,
  "fields": {
    "ss": 4,
    "olimpiad": 21,
    "minRezult": 5
  }
},
{
  "model": "home.olimpiadss",
  "pk": 145,
  "fields": {
    "ss": 5,
    "olimpiad": 21,
    "minRezult": 5
  }
},
{
  "model": "home.olimpiadss",
  "pk": 146,
  "fields": {
    "ss": 6,
    "olimpiad": 21,
    "minRezult": 3
  }
},
{
  "model": "home.olimpiadss",
  "pk": 147,
  "fields": {
    "ss": 7,
    "olimpiad": 21,
    "minRezult": 5
  }
},
{
  "model": "home.olimpiadss",
  "pk": 148,
  "fields": {
    "ss": 1,
    "olimpiad": 22,
    "minRezult": 5
  }
},
{
  "model": "home.olimpiadss",
  "pk": 149,
  "fields": {
    "ss": 2,
    "olimpiad": 22,
    "minRezult": 5
  }
},
{
  "model": "home.olimpiadss",
  "pk": 150,
  "fields": {
    "ss": 3,
    "olimpiad": 22,
    "minRezult": 5
  }
},
{
  "model": "home.olimpiadss",
  "pk": 151,
  "fields": {
    "ss": 4,
    "olimpiad": 22,
    "minRezult": 5
  }
},
{
  "model": "home.olimpiadss",
  "pk": 152,
  "fields": {
    "ss": 5,
    "olimpiad": 22,
    "minRezult": 5
  }
},
{
  "model": "home.olimpiadss",
  "pk": 153,
  "fields": {
    "ss": 6,
    "olimpiad": 22,
    "minRezult": 5
  }
},
{
  "model": "home.olimpiadss",
  "pk": 154,
  "fields": {
    "ss": 7,
    "olimpiad": 22,
    "minRezult": 5
  }
},
{
  "model": "home.olimpiadss",
  "pk": 155,
  "fields": {
    "ss": 1,
    "olimpiad": 23,
    "minRezult": 5
  }
},
{
  "model": "home.olimpiadss",
  "pk": 156,
  "fields": {
    "ss": 2,
    "olimpiad": 23,
    "minRezult": 5
  }
},
{
  "model": "home.olimpiadss",
  "pk": 157,
  "fields": {
    "ss": 3,
    "olimpiad": 23,
    "minRezult": 5
  }
},
{
  "model": "home.olimpiadss",
  "pk": 158,
  "fields": {
    "ss": 4,
    "olimpiad": 23,
    "minRezult": 5
  }
},
{
  "model": "home.olimpiadss",
  "pk": 159,
  "fields": {
    "ss": 5,
    "olimpiad": 23,
    "minRezult": 5
  }
},
{
  "model": "home.olimpiadss",
  "pk": 160,
  "fields": {
    "ss": 6,
    "olimpiad": 23,
    "minRezult": 3
  }
},
{
  "model": "home.olimpiadss",
  "pk": 161,
  "fields": {
    "ss": 7,
    "olimpiad": 23,
    "minRezult": 4
  }
},
{
  "model": "home.olimpiadss",
  "pk": 162,
  "fields": {
    "ss": 1,
    "olimpiad": 24,
    "minRezult": 3
  }
},
{
  "model": "home.olimpiadss",
  "pk": 163,
  "fields": {
    "ss": 2,
    "olimpiad": 24,
    "minRezult": 5
  }
},
{
  "model": "home.olimpiadss",
  "pk": 164,
  "fields": {
    "ss": 3,
    "olimpiad": 24,
    "minRezult": 5
  }
},
{
  "model": "home.olimpiadss",
  "pk": 165,
  "fields": {
    "ss": 4,
    "olimpiad": 24,
    "minRezult": 3
  }
},
{
  "model": "home.olimpiadss",
  "pk": 166,
  "fields": {
    "ss": 5,
    "olimpiad": 24,
    "minRezult": 5
  }
},
{
  "model": "home.olimpiadss",
  "pk": 167,
  "fields": {
    "ss": 6,
    "olimpiad": 24,
    "minRezult": 4
  }
},
{
  "model": "home.olimpiadss",
  "pk": 168,
  "fields": {
    "ss": 7,
    "olimpiad": 24,
    "minRezult": 5
  }
},
{
  "model": "home.olimpiadss",
  "pk": 169,
  "fields": {
    "ss": 1,
    "olimpiad": 25,
    "minRezult": 4
  }
},
{
  "model": "home.olimpiadss",
  "pk": 170,
  "fields": {
    "ss": 2,
    "olimpiad": 25,
    "minRezult": 5
  }
},
{
  "model": "home.olimpiadss",
  "pk": 171,
  "fields": {
    "ss": 3,
    "olimpiad": 25,
    "minRezult": 4
  }
},
{
  "model": "home.olimpiadss",
  "pk": 172,
  "fields": {
    "ss": 4,
    "olimpiad": 25,
    "minRezult": 5
  }
},
{
  "model": "home.olimpiadss",
  "pk": 173,
  "fields": {
    "ss": 5,
    "olimpiad": 25,
    "minRezult": 5
  }
},
{
  "model": "home.olimpiadss",
  "pk": 174,
  "fields": {
    "ss": 6,
    "olimpiad": 25,
    "minRezult": 5
  }
},
{
  "model": "home.olimpiadss",
  "pk": 175,
  "fields": {
    "ss": 7,
    "olimpiad": 25,
    "minRezult": 5
  }
},
{
  "model": "home.olimpiadss",
  "pk": 176,
  "fields": {
    "ss": 1,
    "olimpiad": 26,
    "minRezult": 5
  }
},
{
  "model": "home.olimpiadss",
  "pk": 177,
  "fields": {
    "ss": 2,
    "olimpiad": 26,
    "minRezult": 5
  }
},
{
  "model": "home.olimpiadss",
  "pk": 178,
  "fields": {
    "ss": 3,
    "olimpiad": 26,
    "minRezult": 5
  }
},
{
  "model": "home.olimpiadss",
  "pk": 179,
  "fields": {
    "ss": 4,
    "olimpiad": 26,
    "minRezult": 4
  }
},
{
  "model": "home.olimpiadss",
  "pk": 180,
  "fields": {
    "ss": 5,
    "olimpiad": 26,
    "minRezult": 5
  }
},
{
  "model": "home.olimpiadss",
  "pk": 181,
  "fields": {
    "ss": 6,
    "olimpiad": 26,
    "minRezult": 4
  }
},
{
  "model": "home.olimpiadss",
  "pk": 182,
  "fields": {
    "ss": 7,
    "olimpiad": 26,
    "minRezult": 5
  }
},
{
  "model": "home.olimpiadss",
  "pk": 183,
  "fields": {
    "ss": 1,
    "olimpiad": 27,
    "minRezult": 5
  }
},
{
  "model": "home.olimpiadss",
  "pk": 184,
  "fields": {
    "ss": 2,
    "olimpiad": 27,
    "minRezult": 5
  }
},
{
  "model": "home.olimpiadss",
  "pk": 185,
  "fields": {
    "ss": 3,
    "olimpiad": 27,
    "minRezult": 3
  }
},
{
  "model": "home.olimpiadss",
  "pk": 186,
  "fields": {
    "ss": 4,
    "olimpiad": 27,
    "minRezult": 5
  }
},
{
  "model": "home.olimpiadss",
  "pk": 187,
  "fields": {
    "ss": 5,
    "olimpiad": 27,
    "minRezult": 5
  }
},
{
  "model": "home.olimpiadss",
  "pk": 188,
  "fields": {
    "ss": 6,
    "olimpiad": 27,
    "minRezult": 5
  }
},
{
  "model": "home.olimpiadss",
  "pk": 189,
  "fields": {
    "ss": 7,
    "olimpiad": 27,
    "minRezult": 5
  }
},
{
  "model": "home.olimpiadss",
  "pk": 190,
  "fields": {
    "ss": 1,
    "olimpiad": 28,
    "minRezult": 3
  }
},
{
  "model": "home.olimpiadss",
  "pk": 191,
  "fields": {
    "ss": 2,
    "olimpiad": 28,
    "minRezult": 5
  }
},
{
  "model": "home.olimpiadss",
  "pk": 192,
  "fields": {
    "ss": 3,
    "olimpiad": 28,
    "minRezult": 2
  }
},
{
  "model": "home.olimpiadss",
  "pk": 193,
  "fields": {
    "ss": 4,
    "olimpiad": 28,
    "minRezult": 3
  }
},
{
  "model": "home.olimpiadss",
  "pk": 194,
  "fields": {
    "ss": 5,
    "olimpiad": 28,
    "minRezult": 5
  }
},
{
  "model": "home.olimpiadss",
  "pk": 195,
  "fields": {
    "ss": 6,
    "olimpiad": 28,
    "minRezult": 5
  }
},
{
  "model": "home.olimpiadss",
  "pk": 196,
  "fields": {
    "ss": 7,
    "olimpiad": 28,
    "minRezult": 5
  }
},
{
  "model": "home.olimpiadss",
  "pk": 197,
  "fields": {
    "ss": 1,
    "olimpiad": 29,
    "minRezult": 5
  }
},
{
  "model": "home.olimpiadss",
  "pk": 198,
  "fields": {
    "ss": 2,
    "olimpiad": 29,
    "minRezult": 4
  }
},
{
  "model": "home.olimpiadss",
  "pk": 199,
  "fields": {
    "ss": 3,
    "olimpiad": 29,
    "minRezult": 4
  }
},
{
  "model": "home.olimpiadss",
  "pk": 200,
  "fields": {
    "ss": 4,
    "olimpiad": 29,
    "minRezult": 5
  }
},
{
  "model": "home.olimpiadss",
  "pk": 201,
  "fields": {
    "ss": 5,
    "olimpiad": 29,
    "minRezult": 5
  }
},
{
  "model": "home.olimpiadss",
  "pk": 202,
  "fields": {
    "ss": 6,
    "olimpiad": 29,
    "minRezult": 5
  }
},
{
  "model": "home.olimpiadss",
  "pk": 203,
  "fields": {
    "ss": 7,
    "olimpiad": 29,
    "minRezult": 5
  }
},
{
  "model": "home.olimpiadss",
  "pk": 204,
  "fields": {
    "ss": 1,
    "olimpiad": 30,
    "minRezult": 4
  }
},
{
  "model": "home.olimpiadss",
  "pk": 205,
  "fields": {
    "ss": 2,
    "olimpiad": 30,
    "minRezult": 4
  }
},
{
  "model": "home.olimpiadss",
  "pk": 206,
  "fields": {
    "ss": 3,
    "olimpiad": 30,
    "minRezult": 3
  }
},
{
  "model": "home.olimpiadss",
  "pk": 207,
  "fields": {
    "ss": 4,
    "olimpiad": 30,
    "minRezult": 3
  }
},
{
  "model": "home.olimpiadss",
  "pk": 208,
  "fields": {
    "ss": 5,
    "olimpiad": 30,
    "minRezult": 4
  }
},
{
  "model": "home.olimpiadss",
  "pk": 209,
  "fields": {
    "ss": 6,
    "olimpiad": 30,
    "minRezult": 4
  }
},
{
  "model": "home.olimpiadss",
  "pk": 210,
  "fields": {
    "ss": 7,
    "olimpiad": 30,
    "minRezult": 4
  }
},
{
  "model": "home.olimpiadss",
  "pk": 211,
  "fields": {
    "ss": 1,
    "olimpiad": 31,
    "minRezult": 5
  }
},
{
  "model": "home.olimpiadss",
  "pk": 212,
  "fields": {
    "ss": 2,
    "olimpiad": 31,
    "minRezult": 4
  }
},
{
  "model": "home.olimpiadss",
  "pk": 213,
  "fields": {
    "ss": 3,
    "olimpiad": 31,
    "minRezult": 5
  }
},
{
  "model": "home.olimpiadss",
  "pk": 214,
  "fields": {
    "ss": 4,
    "olimpiad": 31,
    "minRezult": 5
  }
},
{
  "model": "home.olimpiadss",
  "pk": 215,
  "fields": {
    "ss": 5,
    "olimpiad": 31,
    "minRezult": 5
  }
},
{
  "model": "home.olimpiadss",
  "pk": 216,
  "fields": {
    "ss": 6,
    "olimpiad": 31,
    "minRezult": 5
  }
},
{
  "model": "home.olimpiadss",
  "pk": 217,
  "fields": {
    "ss": 7,
    "olimpiad": 31,
    "minRezult": 5
  }
},
{
  "model": "home.olimpiadss",
  "pk": 218,
  "fields": {
    "ss": 1,
    "olimpiad": 32,
    "minRezult": 5
  }
},
{
  "model": "home.olimpiadss",
  "pk": 219,
  "fields": {
    "ss": 2,
    "olimpiad": 32,
    "minRezult": 4
  }
},
{
  "model": "home.olimpiadss",
  "pk": 220,
  "fields": {
    "ss": 3,
    "olimpiad": 32,
    "minRezult": 3
  }
},
{
  "model": "home.olimpiadss",
  "pk": 221,
  "fields": {
    "ss": 4,
    "olimpiad": 32,
    "minRezult": 5
  }
},
{
  "model": "home.olimpiadss",
  "pk": 222,
  "fields": {
    "ss": 5,
    "olimpiad": 32,
    "minRezult": 5
  }
},
{
  "model": "home.olimpiadss",
  "pk": 223,
  "fields": {
    "ss": 6,
    "olimpiad": 32,
    "minRezult": 3
  }
},
{
  "model": "home.olimpiadss",
  "pk": 224,
  "fields": {
    "ss": 7,
    "olimpiad": 32,
    "minRezult": 5
  }
},
{
  "model": "home.olimpiadss",
  "pk": 225,
  "fields": {
    "ss": 1,
    "olimpiad": 33,
    "minRezult": 5
  }
},
{
  "model": "home.olimpiadss",
  "pk": 226,
  "fields": {
    "ss": 2,
    "olimpiad": 33,
    "minRezult": 4
  }
},
{
  "model": "home.olimpiadss",
  "pk": 227,
  "fields": {
    "ss": 3,
    "olimpiad": 33,
    "minRezult": 5
  }
},
{
  "model": "home.olimpiadss",
  "pk": 228,
  "fields": {
    "ss": 4,
    "olimpiad": 33,
    "minRezult": 5
  }
},
{
  "model": "home.olimpiadss",
  "pk": 229,
  "fields": {
    "ss": 5,
    "olimpiad": 33,
    "minRezult": 5
  }
},
{
  "model": "home.olimpiadss",
  "pk": 230,
  "fields": {
    "ss": 6,
    "olimpiad": 33,
    "minRezult": 5
  }
},
{
  "model": "home.olimpiadss",
  "pk": 231,
  "fields": {
    "ss": 7,
    "olimpiad": 33,
    "minRezult": 5
  }
},
{
  "model": "home.olimpiadss",
  "pk": 232,
  "fields": {
    "ss": 1,
    "olimpiad": 34,
    "minRezult": 5
  }
},
{
  "model": "home.olimpiadss",
  "pk": 233,
  "fields": {
    "ss": 2,
    "olimpiad": 34,
    "minRezult": 5
  }
},
{
  "model": "home.olimpiadss",
  "pk": 234,
  "fields": {
    "ss": 3,
    "olimpiad": 34,
    "minRezult": 5
  }
},
{
  "model": "home.olimpiadss",
  "pk": 235,
  "fields": {
    "ss": 4,
    "olimpiad": 34,
    "minRezult": 5
  }
},
{
  "model": "home.olimpiadss",
  "pk": 236,
  "fields": {
    "ss": 5,
    "olimpiad": 34,
    "minRezult": 5
  }
},
{
  "model": "home.olimpiadss",
  "pk": 237,
  "fields": {
    "ss": 6,
    "olimpiad": 34,
    "minRezult": 5
  }
},
{
  "model": "home.olimpiadss",
  "pk": 238,
  "fields": {
    "ss": 7,
    "olimpiad": 34,
    "minRezult": 5
  }
},
{
  "model": "home.olimpiadss",
  "pk": 239,
  "fields": {
    "ss": 1,
    "olimpiad": 35,
    "minRezult": 3
  }
},
{
  "model": "home.olimpiadss",
  "pk": 240,
  "fields": {
    "ss": 2,
    "olimpiad": 35,
    "minRezult": 5
  }
},
{
  "model": "home.olimpiadss",
  "pk": 241,
  "fields": {
    "ss": 3,
    "olimpiad": 35,
    "minRezult": 3
  }
},
{
  "model": "home.olimpiadss",
  "pk": 242,
  "fields": {
    "ss": 4,
    "olimpiad": 35,
    "minRezult": 5
  }
},
{
  "model": "home.olimpiadss",
  "pk": 243,
  "fields": {
    "ss": 5,
    "olimpiad": 35,
    "minRezult": 5
  }
},
{
  "model": "home.olimpiadss",
  "pk": 244,
  "fields": {
    "ss": 6,
    "olimpiad": 35,
    "minRezult": 4
  }
},
{
  "model": "home.olimpiadss",
  "pk": 245,
  "fields": {
    "ss": 7,
    "olimpiad": 35,
    "minRezult": 5
  }
},
{
  "model": "home.olimpiadss",
  "pk": 246,
  "fields": {
    "ss": 1,
    "olimpiad": 36,
    "minRezult": 5
  }
},
{
  "model": "home.olimpiadss",
  "pk": 247,
  "fields": {
    "ss": 2,
    "olimpiad": 36,
    "minRezult": 5
  }
},
{
  "model": "home.olimpiadss",
  "pk": 248,
  "fields": {
    "ss": 3,
    "olimpiad": 36,
    "minRezult": 3
  }
},
{
  "model": "home.olimpiadss",
  "pk": 249,
  "fields": {
    "ss": 4,
    "olimpiad": 36,
    "minRezult": 4
  }
},
{
  "model": "home.olimpiadss",
  "pk": 250,
  "fields": {
    "ss": 5,
    "olimpiad": 36,
    "minRezult": 5
  }
},
{
  "model": "home.olimpiadss",
  "pk": 251,
  "fields": {
    "ss": 6,
    "olimpiad": 36,
    "minRezult": 5
  }
},
{
  "model": "home.olimpiadss",
  "pk": 252,
  "fields": {
    "ss": 7,
    "olimpiad": 36,
    "minRezult": 4
  }
},
{
  "model": "home.olimpiadss",
  "pk": 253,
  "fields": {
    "ss": 1,
    "olimpiad": 37,
    "minRezult": 3
  }
},
{
  "model": "home.olimpiadss",
  "pk": 254,
  "fields": {
    "ss": 2,
    "olimpiad": 37,
    "minRezult": 4
  }
},
{
  "model": "home.olimpiadss",
  "pk": 255,
  "fields": {
    "ss": 3,
    "olimpiad": 37,
    "minRezult": 3
  }
},
{
  "model": "home.olimpiadss",
  "pk": 256,
  "fields": {
    "ss": 4,
    "olimpiad": 37,
    "minRezult": 4
  }
},
{
  "model": "home.olimpiadss",
  "pk": 257,
  "fields": {
    "ss": 5,
    "olimpiad": 37,
    "minRezult": 4
  }
},
{
  "model": "home.olimpiadss",
  "pk": 258,
  "fields": {
    "ss": 6,
    "olimpiad": 37,
    "minRezult": 3
  }
},
{
  "model": "home.olimpiadss",
  "pk": 259,
  "fields": {
    "ss": 7,
    "olimpiad": 37,
    "minRezult": 4
  }
},
{
  "model": "home.olimpiadss",
  "pk": 260,
  "fields": {
    "ss": 1,
    "olimpiad": 38,
    "minRezult": 5
  }
},
{
  "model": "home.olimpiadss",
  "pk": 261,
  "fields": {
    "ss": 2,
    "olimpiad": 38,
    "minRezult": 5
  }
},
{
  "model": "home.olimpiadss",
  "pk": 262,
  "fields": {
    "ss": 3,
    "olimpiad": 38,
    "minRezult": 5
  }
},
{
  "model": "home.olimpiadss",
  "pk": 263,
  "fields": {
    "ss": 4,
    "olimpiad": 38,
    "minRezult": 5
  }
},
{
  "model": "home.olimpiadss",
  "pk": 264,
  "fields": {
    "ss": 5,
    "olimpiad": 38,
    "minRezult": 5
  }
},
{
  "model": "home.olimpiadss",
  "pk": 265,
  "fields": {
    "ss": 6,
    "olimpiad": 38,
    "minRezult": 4
  }
},
{
  "model": "home.olimpiadss",
  "pk": 266,
  "fields": {
    "ss": 7,
    "olimpiad": 38,
    "minRezult": 5
  }
},
{
  "model": "home.olimpiadss",
  "pk": 267,
  "fields": {
    "ss": 1,
    "olimpiad": 39,
    "minRezult": 5
  }
},
{
  "model": "home.olimpiadss",
  "pk": 268,
  "fields": {
    "ss": 2,
    "olimpiad": 39,
    "minRezult": 5
  }
},
{
  "model": "home.olimpiadss",
  "pk": 269,
  "fields": {
    "ss": 3,
    "olimpiad": 39,
    "minRezult": 3
  }
},
{
  "model": "home.olimpiadss",
  "pk": 270,
  "fields": {
    "ss": 4,
    "olimpiad": 39,
    "minRezult": 4
  }
},
{
  "model": "home.olimpiadss",
  "pk": 271,
  "fields": {
    "ss": 5,
    "olimpiad": 39,
    "minRezult": 5
  }
},
{
  "model": "home.olimpiadss",
  "pk": 272,
  "fields": {
    "ss": 6,
    "olimpiad": 39,
    "minRezult": 4
  }
},
{
  "model": "home.olimpiadss",
  "pk": 273,
  "fields": {
    "ss": 7,
    "olimpiad": 39,
    "minRezult": 5
  }
},
{
  "model": "home.olimpiadss",
  "pk": 274,
  "fields": {
    "ss": 1,
    "olimpiad": 40,
    "minRezult": 4
  }
},
{
  "model": "home.olimpiadss",
  "pk": 275,
  "fields": {
    "ss": 2,
    "olimpiad": 40,
    "minRezult": 4
  }
},
{
  "model": "home.olimpiadss",
  "pk": 276,
  "fields": {
    "ss": 3,
    "olimpiad": 40,
    "minRezult": 3
  }
},
{
  "model": "home.olimpiadss",
  "pk": 277,
  "fields": {
    "ss": 4,
    "olimpiad": 40,
    "minRezult": 5
  }
},
{
  "model": "home.olimpiadss",
  "pk": 278,
  "fields": {
    "ss": 5,
    "olimpiad": 40,
    "minRezult": 5
  }
},
{
  "model": "home.olimpiadss",
  "pk": 279,
  "fields": {
    "ss": 6,
    "olimpiad": 40,
    "minRezult": 5
  }
},
{
  "model": "home.olimpiadss",
  "pk": 280,
  "fields": {
    "ss": 7,
    "olimpiad": 40,
    "minRezult": 5
  }
},
{
  "model": "home.olimpiadss",
  "pk": 281,
  "fields": {
    "ss": 1,
    "olimpiad": 41,
    "minRezult": 4
  }
},
{
  "model": "home.olimpiadss",
  "pk": 282,
  "fields": {
    "ss": 2,
    "olimpiad": 41,
    "minRezult": 4
  }
},
{
  "model": "home.olimpiadss",
  "pk": 283,
  "fields": {
    "ss": 3,
    "olimpiad": 41,
    "minRezult": 3
  }
},
{
  "model": "home.olimpiadss",
  "pk": 284,
  "fields": {
    "ss": 4,
    "olimpiad": 41,
    "minRezult": 5
  }
},
{
  "model": "home.olimpiadss",
  "pk": 285,
  "fields": {
    "ss": 5,
    "olimpiad": 41,
    "minRezult": 5
  }
},
{
  "model": "home.olimpiadss",
  "pk": 286,
  "fields": {
    "ss": 6,
    "olimpiad": 41,
    "minRezult": 5
  }
},
{
  "model": "home.olimpiadss",
  "pk": 287,
  "fields": {
    "ss": 7,
    "olimpiad": 41,
    "minRezult": 5
  }
},
{
  "model": "home.olimpiadss",
  "pk": 288,
  "fields": {
    "ss": 1,
    "olimpiad": 42,
    "minRezult": 4
  }
},
{
  "model": "home.olimpiadss",
  "pk": 289,
  "fields": {
    "ss": 2,
    "olimpiad": 42,
    "minRezult": 4
  }
},
{
  "model": "home.olimpiadss",
  "pk": 290,
  "fields": {
    "ss": 3,
    "olimpiad": 42,
    "minRezult": 3
  }
},
{
  "model": "home.olimpiadss",
  "pk": 291,
  "fields": {
    "ss": 4,
    "olimpiad": 42,
    "minRezult": 5
  }
},
{
  "model": "home.olimpiadss",
  "pk": 292,
  "fields": {
    "ss": 5,
    "olimpiad": 42,
    "minRezult": 5
  }
},
{
  "model": "home.olimpiadss",
  "pk": 293,
  "fields": {
    "ss": 6,
    "olimpiad": 42,
    "minRezult": 5
  }
},
{
  "model": "home.olimpiadss",
  "pk": 294,
  "fields": {
    "ss": 7,
    "olimpiad": 42,
    "minRezult": 5
  }
},
{
  "model": "home.olimpiadss",
  "pk": 295,
  "fields": {
    "ss": 1,
    "olimpiad": 43,
    "minRezult": 5
  }
},
{
  "model": "home.olimpiadss",
  "pk": 296,
  "fields": {
    "ss": 2,
    "olimpiad": 43,
    "minRezult": 5
  }
},
{
  "model": "home.olimpiadss",
  "pk": 297,
  "fields": {
    "ss": 3,
    "olimpiad": 43,
    "minRezult": 5
  }
},
{
  "model": "home.olimpiadss",
  "pk": 298,
  "fields": {
    "ss": 4,
    "olimpiad": 43,
    "minRezult": 5
  }
},
{
  "model": "home.olimpiadss",
  "pk": 299,
  "fields": {
    "ss": 5,
    "olimpiad": 43,
    "minRezult": 5
  }
},
{
  "model": "home.olimpiadss",
  "pk": 300,
  "fields": {
    "ss": 6,
    "olimpiad": 43,
    "minRezult": 5
  }
},
{
  "model": "home.olimpiadss",
  "pk": 301,
  "fields": {
    "ss": 7,
    "olimpiad": 43,
    "minRezult": 5
  }
},
{
  "model": "home.olimpiadss",
  "pk": 302,
  "fields": {
    "ss": 1,
    "olimpiad": 44,
    "minRezult": 5
  }
},
{
  "model": "home.olimpiadss",
  "pk": 303,
  "fields": {
    "ss": 2,
    "olimpiad": 44,
    "minRezult": 5
  }
},
{
  "model": "home.olimpiadss",
  "pk": 304,
  "fields": {
    "ss": 3,
    "olimpiad": 44,
    "minRezult": 5
  }
},
{
  "model": "home.olimpiadss",
  "pk": 305,
  "fields": {
    "ss": 4,
    "olimpiad": 44,
    "minRezult": 5
  }
},
{
  "model": "home.olimpiadss",
  "pk": 306,
  "fields": {
    "ss": 5,
    "olimpiad": 44,
    "minRezult": 5
  }
},
{
  "model": "home.olimpiadss",
  "pk": 307,
  "fields": {
    "ss": 6,
    "olimpiad": 44,
    "minRezult": 5
  }
},
{
  "model": "home.olimpiadss",
  "pk": 308,
  "fields": {
    "ss": 7,
    "olimpiad": 44,
    "minRezult": 5
  }
},
{
  "model": "home.olimpiadss",
  "pk": 309,
  "fields": {
    "ss": 1,
    "olimpiad": 45,
    "minRezult": 4
  }
},
{
  "model": "home.olimpiadss",
  "pk": 310,
  "fields": {
    "ss": 2,
    "olimpiad": 45,
    "minRezult": 4
  }
},
{
  "model": "home.olimpiadss",
  "pk": 311,
  "fields": {
    "ss": 3,
    "olimpiad": 45,
    "minRezult": 5
  }
},
{
  "model": "home.olimpiadss",
  "pk": 312,
  "fields": {
    "ss": 4,
    "olimpiad": 45,
    "minRezult": 4
  }
},
{
  "model": "home.olimpiadss",
  "pk": 313,
  "fields": {
    "ss": 5,
    "olimpiad": 45,
    "minRezult": 4
  }
},
{
  "model": "home.olimpiadss",
  "pk": 314,
  "fields": {
    "ss": 6,
    "olimpiad": 45,
    "minRezult": 4
  }
},
{
  "model": "home.olimpiadss",
  "pk": 315,
  "fields": {
    "ss": 7,
    "olimpiad": 45,
    "minRezult": 4
  }
},
{
  "model": "home.olimpiadss",
  "pk": 316,
  "fields": {
    "ss": 1,
    "olimpiad": 46,
    "minRezult": 5
  }
},
{
  "model": "home.olimpiadss",
  "pk": 317,
  "fields": {
    "ss": 2,
    "olimpiad": 46,
    "minRezult": 4
  }
},
{
  "model": "home.olimpiadss",
  "pk": 318,
  "fields": {
    "ss": 3,
    "olimpiad": 46,
    "minRezult": 5
  }
},
{
  "model": "home.olimpiadss",
  "pk": 319,
  "fields": {
    "ss": 4,
    "olimpiad": 46,
    "minRezult": 5
  }
},
{
  "model": "home.olimpiadss",
  "pk": 320,
  "fields": {
    "ss": 5,
    "olimpiad": 46,
    "minRezult": 5
  }
},
{
  "model": "home.olimpiadss",
  "pk": 321,
  "fields": {
    "ss": 6,
    "olimpiad": 46,
    "minRezult": 3
  }
},
{
  "model": "home.olimpiadss",
  "pk": 322,
  "fields": {
    "ss": 7,
    "olimpiad": 46,
    "minRezult": 3
  }
},
{
  "model": "home.olimpiadss",
  "pk": 323,
  "fields": {
    "ss": 1,
    "olimpiad": 47,
    "minRezult": 5
  }
},
{
  "model": "home.olimpiadss",
  "pk": 324,
  "fields": {
    "ss": 2,
    "olimpiad": 47,
    "minRezult": 3
  }
},
{
  "model": "home.olimpiadss",
  "pk": 325,
  "fields": {
    "ss": 3,
    "olimpiad": 47,
    "minRezult": 5
  }
},
{
  "model": "home.olimpiadss",
  "pk": 326,
  "fields": {
    "ss": 4,
    "olimpiad": 47,
    "minRezult": 5
  }
},
{
  "model": "home.olimpiadss",
  "pk": 327,
  "fields": {
    "ss": 5,
    "olimpiad": 47,
    "minRezult": 5
  }
},
{
  "model": "home.olimpiadss",
  "pk": 328,
  "fields": {
    "ss": 6,
    "olimpiad": 47,
    "minRezult": 4
  }
},
{
  "model": "home.olimpiadss",
  "pk": 329,
  "fields": {
    "ss": 7,
    "olimpiad": 47,
    "minRezult": 4
  }
},
{
  "model": "home.olimpiadss",
  "pk": 330,
  "fields": {
    "ss": 1,
    "olimpiad": 48,
    "minRezult": 4
  }
},
{
  "model": "home.olimpiadss",
  "pk": 331,
  "fields": {
    "ss": 2,
    "olimpiad": 48,
    "minRezult": 4
  }
},
{
  "model": "home.olimpiadss",
  "pk": 332,
  "fields": {
    "ss": 3,
    "olimpiad": 48,
    "minRezult": 4
  }
},
{
  "model": "home.olimpiadss",
  "pk": 333,
  "fields": {
    "ss": 4,
    "olimpiad": 48,
    "minRezult": 5
  }
},
{
  "model": "home.olimpiadss",
  "pk": 334,
  "fields": {
    "ss": 5,
    "olimpiad": 48,
    "minRezult": 5
  }
},
{
  "model": "home.olimpiadss",
  "pk": 335,
  "fields": {
    "ss": 6,
    "olimpiad": 48,
    "minRezult": 4
  }
},
{
  "model": "home.olimpiadss",
  "pk": 336,
  "fields": {
    "ss": 7,
    "olimpiad": 48,
    "minRezult": 5
  }
},
{
  "model": "home.test",
  "pk": 3,
  "fields": {
    "image": null,
    "intro": "<p data-block-key=\"ftfn9\"><b>Добро пожаловать</b> на тест по изучению <i>креативности</i> учащегося!</p><p data-block-key=\"2hr5g\"><b>Креативность</b> - это важное качество, способность мыслить нестандартно, находить новые решения и воплощать свои идеи в жизнь. В этом тесте мы предлагаем вам ряд вопросов и заданий, которые помогут определить ваш уровень креативности.</p><p data-block-key=\"4gi7i\">Пожалуйста, ответьте на вопросы, используя input-поля, где вы сможете ввести свои ответы вручную. Будьте творческими и не бойтесь проявлять свою уникальность! Ваша способность к креативному мышлению поможет вам не только в учебе, но и в повседневной жизни.</p><p data-block-key=\"2ct3f\">Желаем вам удачи и надеемся, что этот тест поможет вам лучше понять и развить вашу креативность. Начнем!</p>",
    "softSkill": 1,
    "thank_you_text": ""
  }
},
{
  "model": "home.test",
  "pk": 4,
  "fields": {
    "image": null,
    "intro": "<p data-block-key=\"tm823\"><b>Добро пожаловать</b> на тест по изучению <i>самоорганизации</i> учащегося!</p><p data-block-key=\"d9mck\"><b>Самоорганизация</b> - это способность эффективно планировать свою деятельность, управлять временем, устанавливать цели и достигать их. В этом тесте мы предлагаем вам ряд вопросов и заданий, которые помогут определить ваш уровень самоорганизации. Пожалуйста, отмечайте галочками (checkbox) и выбирайте один из вариантов (radiobutton) в ответах на вопросы. Будьте внимательны и честны в своих ответах, это поможет вам лучше понять свои сильные и слабые стороны в организации своей деятельности. Готовы начать тестирование своей самоорганизации? Поехали!</p>",
    "softSkill": 2,
    "thank_you_text": ""
  }
},
{
  "model": "home.test",
  "pk": 5,
  "fields": {
    "image": null,
    "intro": "<p data-block-key=\"daq4j\"><b>Добро пожаловать</b> на тест по изучению <i>критического мышления</i> учащегося!</p><p data-block-key=\"6ag9r\"><b>Критическое мышление</b> - это способность анализировать информацию, делать обоснованные выводы, задавать вопросы и вырабатывать собственные мнения. В этом тесте мы предлагаем вам ряд вопросов и заданий, которые помогут определить ваш уровень критического мышления.</p><p data-block-key=\"2fdsh\">Пожалуйста, выбирайте один из вариантов ответа в виде radiobutton в ответах на вопросы.</p><p data-block-key=\"9psjl\">Будьте внимательны и аналитичны в своих ответах, это поможет вам развить свои навыки критического мышления.</p><p data-block-key=\"1rgjf\">Готовы начать тестирование своего критического мышления? Поехали!</p>",
    "softSkill": 3,
    "thank_you_text": ""
  }
},
{
  "model": "home.test",
  "pk": 6,
  "fields": {
    "image": null,
    "intro": "<p data-block-key=\"btvtq\"><b>Добро пожаловать</b> на тест по изучению <i>логического мышления</i> учащегося!</p><p data-block-key=\"d0vej\"><b>Логическое мышление</b> - это способность анализировать информацию, находить закономерности, строить логические цепочки рассуждений и принимать обоснованные решения.</p><p data-block-key=\"d2i7a\">В этом тесте мы предлагаем вам ряд вопросов и заданий, которые помогут определить ваш уровень логического мышления.</p><p data-block-key=\"a86tl\">Пожалуйста, выбирайте один из вариантов ответа в виде radiobutton в ответах на вопросы. Будьте внимательны и логичны в своих рассуждениях, это поможет вам развить свои навыки логического мышления.</p><p data-block-key=\"8rbht\">Готовы начать тестирование своего логического мышления? Поехали!</p>",
    "softSkill": 5,
    "thank_you_text": ""
  }
},
{
  "model": "home.test",
  "pk": 7,
  "fields": {
    "image": null,
    "intro": "<p data-block-key=\"ivte9\"><b>Добро пожаловать</b> на тест по изучению <i>эмоционального интеллекта</i> учащегося!</p><p data-block-key=\"fvp24\"><b>Эмоциональный интеллект</b> - это способность понимать, управлять и выражать свои эмоции, а также эмпатия и умение взаимодействовать с окружающими людьми.</p><p data-block-key=\"aqtb4\">В этом тесте мы предлагаем вам ряд вопросов и заданий, которые помогут определить ваш уровень эмоционального интеллекта. Пожалуйста, выберите один верный ответ из предложенных вариантов, представленных в виде radiobutton.</p><p data-block-key=\"29vn2\">Ваша чувствительность к эмоциям и умение управлять ими важны для успешного общения и взаимодействия с окружающими.</p><p data-block-key=\"donvs\">Готовы начать тестирование вашего эмоционального интеллекта? Давайте начнем!</p>",
    "softSkill": 6,
    "thank_you_text": ""
  }
},
{
  "model": "home.question",
  "pk": 1,
  "fields": {
    "test": 3,
    "question_text": "<p data-block-key=\"rjc6u\">Внимательно посмотрите на картинку и скажите, кто на ней изображён?</p><embed embedtype=\"image\" format=\"fullwidth\" id=\"1\" alt=\"\"/><p data-block-key=\"bj49e\"></p>",
    "time_limit": null,
    "score": 1
  }
},
{
  "model": "home.question",
  "pk": 2,
  "fields": {
    "test": 3,
    "question_text": "<p data-block-key=\"rjc6u\">Производитель обуви принял странное на первый взгляд решение: все правые ботинки начали производить в одном городе, а все левые - в другом. Зачем это было нужно?</p><embed embedtype=\"image\" format=\"fullwidth\" id=\"2\" alt=\"\"/><p data-block-key=\"1q8hq\"></p>",
    "time_limit": null,
    "score": 1
  }
},
{
  "model": "home.question",
  "pk": 3,
  "fields": {
    "test": 3,
    "question_text": "<p data-block-key=\"rjc6u\">Монета упала на дно колодца. Придумай несколько способов достать её.</p><embed embedtype=\"image\" format=\"fullwidth\" id=\"3\" alt=\"\"/><p data-block-key=\"cj5a4\"></p>",
    "time_limit": null,
    "score": 1
  }
},
{
  "model": "home.question",
  "pk": 4,
  "fields": {
    "test": 3,
    "question_text": "<p data-block-key=\"d5gl9\">В прошлом веке Япония закупила за рубежом огромное количество битого стекла в деревянных ящиках. Но когда им пришел товар, всё стекло они высыпали в море. Зачем им понадобилась такая сделка?</p><embed embedtype=\"image\" format=\"fullwidth\" id=\"4\" alt=\"\"/><p data-block-key=\"54csl\"></p>",
    "time_limit": null,
    "score": 1
  }
},
{
  "model": "home.question",
  "pk": 5,
  "fields": {
    "test": 3,
    "question_text": "<p data-block-key=\"d5gl9\">Первые поколения европейских поселенцев на территории Америки время от времени оставляли освоенные территории и продвигались вглубь континента. Перед уходом они всегда сжигали все деревянные постройки. Для чего?</p><embed embedtype=\"image\" format=\"fullwidth\" id=\"5\" alt=\"\"/><p data-block-key=\"g0b3\"></p>",
    "time_limit": null,
    "score": 1
  }
},
{
  "model": "home.question",
  "pk": 6,
  "fields": {
    "test": 4,
    "question_text": "<p data-block-key=\"5sqny\">У Насти накопилось много важных дел, которые никак не отложить. Какие из них Настя может делегировать, то есть поручить кому-то другому?</p><embed embedtype=\"image\" format=\"fullwidth\" id=\"6\" alt=\"\"/><p data-block-key=\"6bdjm\"></p>",
    "time_limit": null,
    "score": 1
  }
},
{
  "model": "home.question",
  "pk": 7,
  "fields": {
    "test": 4,
    "question_text": "<p data-block-key=\"5sqny\">Ребята долго делали домашнее задание и решили передохнуть. Какие варианты отдыха наиболее эффективны?</p><embed embedtype=\"image\" format=\"fullwidth\" id=\"7\" alt=\"\"/><p data-block-key=\"99hph\"></p>",
    "time_limit": null,
    "score": 1
  }
},
{
  "model": "home.question",
  "pk": 8,
  "fields": {
    "test": 4,
    "question_text": "<p data-block-key=\"5sqny\">Завтра у Милены важная контрольная по математике. Обычно она ложиться спать в 10 вечера. Сегодня Милена вернется домой только в 8 вечера. Как ей лучше поступить?</p><embed embedtype=\"image\" format=\"fullwidth\" id=\"8\" alt=\"\"/><p data-block-key=\"ftnc3\"></p>",
    "time_limit": null,
    "score": 1
  }
},
{
  "model": "home.question",
  "pk": 9,
  "fields": {
    "test": 4,
    "question_text": "<p data-block-key=\"5sqny\">Ренат пригласил Стёпу к себе на день рождения к 14:00. Стёпе до выхода нужно пожарить оладушки, позавтракать почистить клетку хомяка, упаковать подарок, сделать домашку по математике, а ещё хотелось бы посмотреть видеоурок по программированию. Как лучше выполнить эти дела?</p><embed embedtype=\"image\" format=\"fullwidth\" id=\"9\" alt=\"\"/><p data-block-key=\"efk41\"></p>",
    "time_limit": null,
    "score": 1
  }
},
{
  "model": "home.question",
  "pk": 10,
  "fields": {
    "test": 4,
    "question_text": "<p data-block-key=\"5sqny\">Полина составила список дел после школы на сегодня и отменила время на их выполнение. Что из этого списка придётся перенести на другой день?</p><embed embedtype=\"image\" format=\"fullwidth\" id=\"10\" alt=\"\"/><p data-block-key=\"ap71j\"></p>",
    "time_limit": null,
    "score": 1
  }
},
{
  "model": "home.question",
  "pk": 11,
  "fields": {
    "test": 5,
    "question_text": "<p data-block-key=\"tre7v\">В чём заблуждается мама Стёпы?</p><embed embedtype=\"image\" format=\"fullwidth\" id=\"11\" alt=\"\"/><p data-block-key=\"8emdb\"></p>",
    "time_limit": null,
    "score": 1
  }
},
{
  "model": "home.question",
  "pk": 12,
  "fields": {
    "test": 5,
    "question_text": "<p data-block-key=\"tre7v\">Вы подбросили монету четыре раза, и каждый раз выпадал орёл. Какова вероятность, что в пятый раз тоже выпадет орёл?</p>",
    "time_limit": null,
    "score": 1
  }
},
{
  "model": "home.question",
  "pk": 13,
  "fields": {
    "test": 5,
    "question_text": "<p data-block-key=\"tre7v\">В статье о здоровом питании автор пришёл к выводу, что много овощей, зелени и рыбы в рационе не улучшают здоровье. В подтверждение автор приводит примеры людей, которые пытались придерживаться здоровой диеты, но в итоге срывались и начинали есть ещё больше вредных продуктов. Кроме этого, они начинали испытывать психологические проблемы из-за чувства вины. А еще многие профессиональные фотомодели, спортсмены и фитнес-тренеры признаются, что у них есть любимая \"вредная\" еда, которую они включают в свой рацион. Обоснован ли вывод автора?</p>",
    "time_limit": null,
    "score": 1
  }
},
{
  "model": "home.question",
  "pk": 14,
  "fields": {
    "test": 5,
    "question_text": "<p data-block-key=\"tre7v\">Согласно статистике, с течением времени уменьшается численность пиратов, а также увеличивается средняя температура на Земле. Динамики этих процессов идеально соответствуют друг другу. Как пираты и глобальное потепление влияют друг на друга?</p><embed embedtype=\"image\" format=\"fullwidth\" id=\"12\" alt=\"\"/><p data-block-key=\"2miuf\"></p>",
    "time_limit": null,
    "score": 1
  }
},
{
  "model": "home.question",
  "pk": 15,
  "fields": {
    "test": 5,
    "question_text": "<p data-block-key=\"tre7v\">Прочитайте цепочку рассуждений и найдите в ней ошибку: \"Как известно, тяжелые предметы падают быстрее легких. Соединим верёвкой два предмета: тяжёлый и лёгкий. Если тяжёлые предметы падают быстрее, то легкий предмет будет замедлять падение тяжёлого. Но раз эти предметы соединены и стали одним ещё более тяжелым предметом, то теперь они вместе, наоборот, должны падать быстрее. Мы пришли к противоречию, а значит, тяжёлые и лёгкие предметы должны падать с одинаковой скоростью\"</p>",
    "time_limit": null,
    "score": 1
  }
},
{
  "model": "home.question",
  "pk": 16,
  "fields": {
    "test": 6,
    "question_text": "<p data-block-key=\"u7rpv\">Рабочий день длится с 9 до 18. Если утром сотрудники опаздывают, то вечером задерживаются до 18:30. А если приходят раньше, то уходят в 17:30. Если сотрудники приходят к началу рабочего дня, то уходят в 18. В 18:15 в офисе 5 сотрудников. Что может быть верно?</p>",
    "time_limit": null,
    "score": 1
  }
},
{
  "model": "home.question",
  "pk": 17,
  "fields": {
    "test": 6,
    "question_text": "<p data-block-key=\"u7rpv\">В первые два месяца лета Игорь продаёт сахарную вату, а с июля по сентябрь он продаёт яблоки в карамели. Ещё Игорь продаёт пирожки с повидлом, но только во второй половине года. В какой из месяцев Игорь продаёт все три вида сладостей?</p>",
    "time_limit": null,
    "score": 1
  }
},
{
  "model": "home.question",
  "pk": 18,
  "fields": {
    "test": 6,
    "question_text": "<p data-block-key=\"u7rpv\">На двери склада два замка. У Кости есть ключи от обоих замков. У Светы есть ключ только от первого замка, а у Влада - ключ только от второго замка. Первый замок можно открыть только в случае, если закрыт второй. Вчера склад закрывала Света.</p><p data-block-key=\"7tc3t\">Кто точно не сможет открыть склад сегодня утром?</p>",
    "time_limit": null,
    "score": 1
  }
},
{
  "model": "home.question",
  "pk": 19,
  "fields": {
    "test": 6,
    "question_text": "<p data-block-key=\"u7rpv\">Врач принимает пациентов только в будние дни по чётным числам. Завтра первое июля, а послезавтра воскресенье.</p><p data-block-key=\"78ucm\">Когда врач сможет принять пациентов?</p>",
    "time_limit": null,
    "score": 1
  }
},
{
  "model": "home.question",
  "pk": 20,
  "fields": {
    "test": 6,
    "question_text": "<p data-block-key=\"u7rpv\">В магазине проходит две акции: \"Скидка 20% на всё\" и \"Два одинаковых товара по цене одного\". Алексей купил 2 телевизора и сэкономил 2000 рублей. Какое из утверждений однозначно ложное?</p>",
    "time_limit": null,
    "score": 1
  }
},
{
  "model": "home.question",
  "pk": 21,
  "fields": {
    "test": 7,
    "question_text": "<p data-block-key=\"7f1ie\">На какой из фотографий Федя гордится пятёркой по математике?</p><embed embedtype=\"image\" format=\"fullwidth\" id=\"13\" alt=\"\"/><p data-block-key=\"eqlto\"></p>",
    "time_limit": null,
    "score": 1
  }
},
{
  "model": "home.question",
  "pk": 22,
  "fields": {
    "test": 7,
    "question_text": "<p data-block-key=\"7f1ie\">Ты допустил ошибку и знаешь, что за это будут ругать. Как далеко нужно оказаться от собеседника, чтобы он мягче выражался и быстрее сменил гнев на милость?</p><embed embedtype=\"image\" format=\"fullwidth\" id=\"14\" alt=\"\"/><p data-block-key=\"85ort\"></p>",
    "time_limit": null,
    "score": 1
  }
},
{
  "model": "home.question",
  "pk": 23,
  "fields": {
    "test": 7,
    "question_text": "<p data-block-key=\"7f1ie\">Посмотри на картинку и скажи, что здесь может происходить?</p><embed embedtype=\"image\" format=\"fullwidth\" id=\"15\" alt=\"\"/><p data-block-key=\"e2dk5\"></p>",
    "time_limit": null,
    "score": 1
  }
},
{
  "model": "home.question",
  "pk": 24,
  "fields": {
    "test": 7,
    "question_text": "<p data-block-key=\"7f1ie\">Что чувствует человек слева по отношению к собеседнику?</p><embed embedtype=\"image\" format=\"fullwidth\" id=\"16\" alt=\"\"/><p data-block-key=\"5rhcd\"></p>",
    "time_limit": null,
    "score": 1
  }
},
{
  "model": "home.question",
  "pk": 25,
  "fields": {
    "test": 7,
    "question_text": "<p data-block-key=\"7f1ie\">Твой друг не сдал экзамен и сильно расстроился из-за этого. Как вести себя, чтобы другу стало легче?</p>",
    "time_limit": null,
    "score": 1
  }
},
{
  "model": "home.answer",
  "pk": 1,
  "fields": {
    "question": 1,
    "answer_text": "<p data-block-key=\"2hffe\">лягушка, лошадь, жаба</p>",
    "correct": true
  }
},
{
  "model": "home.answer",
  "pk": 2,
  "fields": {
    "question": 2,
    "answer_text": "<p data-block-key=\"2hffe\">вор, кража, воровство</p>",
    "correct": true
  }
},
{
  "model": "home.answer",
  "pk": 3,
  "fields": {
    "question": 3,
    "answer_text": "<p data-block-key=\"2hffe\">магнит, магнитом</p>",
    "correct": true
  }
},
{
  "model": "home.answer",
  "pk": 4,
  "fields": {
    "question": 4,
    "answer_text": "<p data-block-key=\"8gt24\">дерево, древесина, доски</p>",
    "correct": true
  }
},
{
  "model": "home.answer",
  "pk": 5,
  "fields": {
    "question": 5,
    "answer_text": "<p data-block-key=\"8gt24\">гвозди, гвоздей</p>",
    "correct": true
  }
},
{
  "model": "home.answer",
  "pk": 6,
  "fields": {
    "question": 6,
    "answer_text": "<p data-block-key=\"es65e\">Отвезти кота к ветеринару</p>",
    "correct": false
  }
},
{
  "model": "home.answer",
  "pk": 7,
  "fields": {
    "question": 6,
    "answer_text": "<p data-block-key=\"es65e\">Приготовить ужин</p>",
    "correct": true
  }
},
{
  "model": "home.answer",
  "pk": 8,
  "fields": {
    "question": 6,
    "answer_text": "<p data-block-key=\"es65e\">Навестить бабушку в больнице</p>",
    "correct": false
  }
},
{
  "model": "home.answer",
  "pk": 9,
  "fields": {
    "question": 6,
    "answer_text": "<p data-block-key=\"es65e\">Написать сочинение по литературе</p>",
    "correct": false
  }
},
{
  "model": "home.answer",
  "pk": 10,
  "fields": {
    "question": 6,
    "answer_text": "<p data-block-key=\"es65e\">Забрать посылку на почте</p>",
    "correct": true
  }
},
{
  "model": "home.answer",
  "pk": 11,
  "fields": {
    "question": 6,
    "answer_text": "<p data-block-key=\"es65e\">Купить билеты на спектакль</p>",
    "correct": true
  }
},
{
  "model": "home.answer",
  "pk": 12,
  "fields": {
    "question": 7,
    "answer_text": "<p data-block-key=\"es65e\">Сходить в душ</p>",
    "correct": true
  }
},
{
  "model": "home.answer",
  "pk": 13,
  "fields": {
    "question": 7,
    "answer_text": "<p data-block-key=\"es65e\">Поиграть в телефоне в любимую игру</p>",
    "correct": false
  }
},
{
  "model": "home.answer",
  "pk": 14,
  "fields": {
    "question": 7,
    "answer_text": "<p data-block-key=\"es65e\">Немного погулять во дворе</p>",
    "correct": true
  }
},
{
  "model": "home.answer",
  "pk": 15,
  "fields": {
    "question": 7,
    "answer_text": "<p data-block-key=\"es65e\">Почитать книжку</p>",
    "correct": false
  }
},
{
  "model": "home.answer",
  "pk": 16,
  "fields": {
    "question": 8,
    "answer_text": "<p data-block-key=\"es65e\">Лечь спать позже, чтобы успеть больше выучить и повторить</p>",
    "correct": false
  }
},
{
  "model": "home.answer",
  "pk": 17,
  "fields": {
    "question": 8,
    "answer_text": "<p data-block-key=\"es65e\">Порисовать и пойти спать в обычное время: во время рисования примеры сами вспомнятся и отложатся в памяти</p>",
    "correct": true
  }
},
{
  "model": "home.answer",
  "pk": 18,
  "fields": {
    "question": 8,
    "answer_text": "<p data-block-key=\"es65e\">Посвятить полчаса повторению правил и решению примеров и лечь спать в обычное время</p>",
    "correct": false
  }
},
{
  "model": "home.answer",
  "pk": 19,
  "fields": {
    "question": 9,
    "answer_text": "<p data-block-key=\"es65e\">Некоторые дела можно совместить: так Стёпа сэкономит время и потренирует многозадачность</p>",
    "correct": false
  }
},
{
  "model": "home.answer",
  "pk": 20,
  "fields": {
    "question": 9,
    "answer_text": "<p data-block-key=\"es65e\">Последовательно, потому что делать несколько вещей одновременно непродуктивно.</p>",
    "correct": true
  }
},
{
  "model": "home.answer",
  "pk": 21,
  "fields": {
    "question": 10,
    "answer_text": "<p data-block-key=\"es65e\">Выгулять Тотошку (30 мин.)</p>",
    "correct": false
  }
},
{
  "model": "home.answer",
  "pk": 22,
  "fields": {
    "question": 10,
    "answer_text": "<p data-block-key=\"es65e\">ДЗ на завтра (3 часа)</p>",
    "correct": false
  }
},
{
  "model": "home.answer",
  "pk": 23,
  "fields": {
    "question": 10,
    "answer_text": "<p data-block-key=\"es65e\">Поболтать по телефону с Дашей (30 мин.)</p>",
    "correct": false
  }
},
{
  "model": "home.answer",
  "pk": 24,
  "fields": {
    "question": 10,
    "answer_text": "<p data-block-key=\"es65e\">Ужин и дела перед сном (1.5 часа)</p>",
    "correct": false
  }
},
{
  "model": "home.answer",
  "pk": 25,
  "fields": {
    "question": 10,
    "answer_text": "<p data-block-key=\"es65e\">Почитать книгу (30 мин.)</p>",
    "correct": true
  }
},
{
  "model": "home.answer",
  "pk": 26,
  "fields": {
    "question": 10,
    "answer_text": "<p data-block-key=\"es65e\">Научиться печь ватрушки (1.5 часа)</p>",
    "correct": true
  }
},
{
  "model": "home.answer",
  "pk": 27,
  "fields": {
    "question": 11,
    "answer_text": "<p data-block-key=\"34ah1\">Она не заблуждается, страх наказания - лучшая мотивация</p>",
    "correct": false
  }
},
{
  "model": "home.answer",
  "pk": 28,
  "fields": {
    "question": 11,
    "answer_text": "<p data-block-key=\"34ah1\">Наказание может никак не влиять на последующие оценки</p>",
    "correct": true
  }
},
{
  "model": "home.answer",
  "pk": 29,
  "fields": {
    "question": 11,
    "answer_text": "<p data-block-key=\"34ah1\">Наказывать нужно не только за плохие оценки, а регулярно для профилактики</p>",
    "correct": false
  }
},
{
  "model": "home.answer",
  "pk": 30,
  "fields": {
    "question": 11,
    "answer_text": "<p data-block-key=\"34ah1\">Лишать телефона - это не наказание</p>",
    "correct": false
  }
},
{
  "model": "home.answer",
  "pk": 31,
  "fields": {
    "question": 12,
    "answer_text": "<p data-block-key=\"34ah1\">Более вероятно, что снова выпадет орёл, ведь предыдущие разы на этой монете выпадал орёл</p>",
    "correct": false
  }
},
{
  "model": "home.answer",
  "pk": 32,
  "fields": {
    "question": 12,
    "answer_text": "<p data-block-key=\"34ah1\">Вероятность 50%, потому что у монеты две стороны, и у каждой равные шансы выпасть</p>",
    "correct": true
  }
},
{
  "model": "home.answer",
  "pk": 33,
  "fields": {
    "question": 12,
    "answer_text": "<p data-block-key=\"34ah1\">Скорее всего, выпадет решка, поскольку вероятность выпадения орла 50%, а он только что выпал много раз подряд - значит, математическое ожидание выпадения решки выросло</p>",
    "correct": false
  }
},
{
  "model": "home.answer",
  "pk": 34,
  "fields": {
    "question": 12,
    "answer_text": "<p data-block-key=\"34ah1\">Если перед броском сказать \"Орёл лети, ко мне приди\", то более вероятно выпадет орёл, а если \"Решка, выпадай без спешки\" - то решка</p>",
    "correct": false
  }
},
{
  "model": "home.answer",
  "pk": 35,
  "fields": {
    "question": 13,
    "answer_text": "<p data-block-key=\"34ah1\">Да, хотя стоило учесть ещё и полезность яиц и творога</p>",
    "correct": false
  }
},
{
  "model": "home.answer",
  "pk": 36,
  "fields": {
    "question": 13,
    "answer_text": "<p data-block-key=\"34ah1\">Да, конкретные примеры - лучшее обоснование</p>",
    "correct": false
  }
},
{
  "model": "home.answer",
  "pk": 37,
  "fields": {
    "question": 13,
    "answer_text": "<p data-block-key=\"34ah1\">Нет, приведённые примеры никак не связаны со сделанным выводом</p>",
    "correct": true
  }
},
{
  "model": "home.answer",
  "pk": 38,
  "fields": {
    "question": 13,
    "answer_text": "<p data-block-key=\"34ah1\">Нет, поскольку профессиональные фотомодели, спортсмены и фитнес-тренеры лгут ради популярности</p>",
    "correct": false
  }
},
{
  "model": "home.answer",
  "pk": 39,
  "fields": {
    "question": 14,
    "answer_text": "<p data-block-key=\"34ah1\">Из-за потепления пиратам становится слишком жарко в южных широтах, где пролегают торговые пути</p>",
    "correct": false
  }
},
{
  "model": "home.answer",
  "pk": 40,
  "fields": {
    "question": 14,
    "answer_text": "<p data-block-key=\"34ah1\">Пираты сдерживали перевозку нефти и другого ископаемого топлива, поэтому на Земле его сжигалось меньше</p>",
    "correct": false
  }
},
{
  "model": "home.answer",
  "pk": 41,
  "fields": {
    "question": 14,
    "answer_text": "<p data-block-key=\"34ah1\">Численность пиратов и глобальное потепление не влияют друг на друга</p>",
    "correct": true
  }
},
{
  "model": "home.answer",
  "pk": 42,
  "fields": {
    "question": 15,
    "answer_text": "<p data-block-key=\"34ah1\">Неверный начальный тезис</p>",
    "correct": true
  }
},
{
  "model": "home.answer",
  "pk": 43,
  "fields": {
    "question": 15,
    "answer_text": "<p data-block-key=\"34ah1\">Соединение верёвкой не делает предметы одним целым предметом</p>",
    "correct": false
  }
},
{
  "model": "home.answer",
  "pk": 44,
  "fields": {
    "question": 15,
    "answer_text": "<p data-block-key=\"34ah1\">Не конкретизировано, какие именно предметы, из-за этого возникает путаница</p>",
    "correct": false
  }
},
{
  "model": "home.answer",
  "pk": 45,
  "fields": {
    "question": 15,
    "answer_text": "<p data-block-key=\"34ah1\">Неверный вывод</p>",
    "correct": false
  }
},
{
  "model": "home.answer",
  "pk": 46,
  "fields": {
    "question": 16,
    "answer_text": "<p data-block-key=\"5luk5\">Двое пришли вовремя, а трое опоздали</p>",
    "correct": false
  }
},
{
  "model": "home.answer",
  "pk": 47,
  "fields": {
    "question": 16,
    "answer_text": "<p data-block-key=\"5luk5\">Все пятеро пришли пораньше</p>",
    "correct": false
  }
},
{
  "model": "home.answer",
  "pk": 48,
  "fields": {
    "question": 16,
    "answer_text": "<p data-block-key=\"5luk5\">Все пятеро сотрудников опоздали</p>",
    "correct": true
  }
},
{
  "model": "home.answer",
  "pk": 49,
  "fields": {
    "question": 16,
    "answer_text": "<p data-block-key=\"5luk5\">Один опоздал, а остальные пришли вовремя</p>",
    "correct": false
  }
},
{
  "model": "home.answer",
  "pk": 50,
  "fields": {
    "question": 17,
    "answer_text": "<p data-block-key=\"5luk5\">В сентябре</p>",
    "correct": false
  }
},
{
  "model": "home.answer",
  "pk": 51,
  "fields": {
    "question": 17,
    "answer_text": "<p data-block-key=\"5luk5\">В июле и августе</p>",
    "correct": false
  }
},
{
  "model": "home.answer",
  "pk": 52,
  "fields": {
    "question": 17,
    "answer_text": "<p data-block-key=\"5luk5\">В июле</p>",
    "correct": true
  }
},
{
  "model": "home.answer",
  "pk": 53,
  "fields": {
    "question": 17,
    "answer_text": "<p data-block-key=\"5luk5\">Ни в один из месяцев</p>",
    "correct": false
  }
},
{
  "model": "home.answer",
  "pk": 54,
  "fields": {
    "question": 18,
    "answer_text": "<p data-block-key=\"5luk5\">Света и Влад по одиночке</p>",
    "correct": true
  }
},
{
  "model": "home.answer",
  "pk": 55,
  "fields": {
    "question": 18,
    "answer_text": "<p data-block-key=\"5luk5\">Костя</p>",
    "correct": false
  }
},
{
  "model": "home.answer",
  "pk": 56,
  "fields": {
    "question": 18,
    "answer_text": "<p data-block-key=\"5luk5\">Света вместе с Владом</p>",
    "correct": false
  }
},
{
  "model": "home.answer",
  "pk": 57,
  "fields": {
    "question": 19,
    "answer_text": "<p data-block-key=\"5luk5\">Сегодня или в следующий вторник</p>",
    "correct": true
  }
},
{
  "model": "home.answer",
  "pk": 58,
  "fields": {
    "question": 19,
    "answer_text": "<p data-block-key=\"5luk5\">Завтра или послезавтра</p>",
    "correct": false
  }
},
{
  "model": "home.answer",
  "pk": 59,
  "fields": {
    "question": 19,
    "answer_text": "<p data-block-key=\"5luk5\">В воскресенье или в следующий понедельник</p>",
    "correct": false
  }
},
{
  "model": "home.answer",
  "pk": 60,
  "fields": {
    "question": 19,
    "answer_text": "<p data-block-key=\"5luk5\">Только затра</p>",
    "correct": false
  }
},
{
  "model": "home.answer",
  "pk": 61,
  "fields": {
    "question": 20,
    "answer_text": "<p data-block-key=\"5luk5\">Сумма покупки с учётом скидки могла составить 8000 рублей</p>",
    "correct": false
  }
},
{
  "model": "home.answer",
  "pk": 62,
  "fields": {
    "question": 20,
    "answer_text": "<p data-block-key=\"5luk5\">Один из телевизоров мог стоить на 2000 дороже, чем второй</p>",
    "correct": false
  }
},
{
  "model": "home.answer",
  "pk": 63,
  "fields": {
    "question": 20,
    "answer_text": "<p data-block-key=\"5luk5\">Сумма цен телевизоров до скидки могла быть 6000 рублей</p>",
    "correct": true
  }
},
{
  "model": "home.answer",
  "pk": 64,
  "fields": {
    "question": 20,
    "answer_text": "<p data-block-key=\"5luk5\">Сумма цен телевизоров до скидки могла быть 4000 рублей</p>",
    "correct": false
  }
},
{
  "model": "home.answer",
  "pk": 65,
  "fields": {
    "question": 21,
    "answer_text": "<p data-block-key=\"cuwbs\">а</p>",
    "correct": false
  }
},
{
  "model": "home.answer",
  "pk": 66,
  "fields": {
    "question": 21,
    "answer_text": "<p data-block-key=\"cuwbs\">б</p>",
    "correct": false
  }
},
{
  "model": "home.answer",
  "pk": 67,
  "fields": {
    "question": 21,
    "answer_text": "<p data-block-key=\"cuwbs\">в</p>",
    "correct": false
  }
},
{
  "model": "home.answer",
  "pk": 68,
  "fields": {
    "question": 21,
    "answer_text": "<p data-block-key=\"cuwbs\">г</p>",
    "correct": true
  }
},
{
  "model": "home.answer",
  "pk": 69,
  "fields": {
    "question": 22,
    "answer_text": "<p data-block-key=\"cuwbs\">Лучше встать или сесть рядом</p>",
    "correct": true
  }
},
{
  "model": "home.answer",
  "pk": 70,
  "fields": {
    "question": 22,
    "answer_text": "<p data-block-key=\"cuwbs\">Лучше держаться на расстоянии 2-3 метров</p>",
    "correct": false
  }
},
{
  "model": "home.answer",
  "pk": 71,
  "fields": {
    "question": 22,
    "answer_text": "<p data-block-key=\"cuwbs\">Чем дальше - тем лучше</p>",
    "correct": false
  }
},
{
  "model": "home.answer",
  "pk": 72,
  "fields": {
    "question": 23,
    "answer_text": "<p data-block-key=\"cuwbs\">Мужчина рассказывает смешную шутку</p>",
    "correct": false
  }
},
{
  "model": "home.answer",
  "pk": 73,
  "fields": {
    "question": 23,
    "answer_text": "<p data-block-key=\"cuwbs\">Женщина старается не замечать мужчину</p>",
    "correct": false
  }
},
{
  "model": "home.answer",
  "pk": 74,
  "fields": {
    "question": 23,
    "answer_text": "<p data-block-key=\"cuwbs\">Женщина узнаёт о чём-то опасном</p>",
    "correct": true
  }
},
{
  "model": "home.answer",
  "pk": 75,
  "fields": {
    "question": 24,
    "answer_text": "<p data-block-key=\"cuwbs\">Он в ярости от услышанного</p>",
    "correct": false
  }
},
{
  "model": "home.answer",
  "pk": 76,
  "fields": {
    "question": 24,
    "answer_text": "<p data-block-key=\"cuwbs\">Он презирает собеседника</p>",
    "correct": false
  }
},
{
  "model": "home.answer",
  "pk": 77,
  "fields": {
    "question": 24,
    "answer_text": "<p data-block-key=\"cuwbs\">Он заинтересован разговором</p>",
    "correct": true
  }
},
{
  "model": "home.answer",
  "pk": 78,
  "fields": {
    "question": 25,
    "answer_text": "<p data-block-key=\"cuwbs\">Сказать: \"Да не грусти ты, сего раскис? С другими людьми случаются неприятности и похуже! Привыкай, жизнь вообще не сахар!\"</p>",
    "correct": false
  }
},
{
  "model": "home.answer",
  "pk": 79,
  "fields": {
    "question": 25,
    "answer_text": "<p data-block-key=\"cuwbs\">Вести себя как обычно и не обращать внимание на плохое настроение друга - погрустит и успокоится</p>",
    "correct": false
  }
},
{
  "model": "home.answer",
  "pk": 80,
  "fields": {
    "question": 25,
    "answer_text": "<p data-block-key=\"cuwbs\">Напомнить другу, что ты тоже в прошлом году завалил экзамен, но потом всё успешно пересдал</p>",
    "correct": true
  }
},
{
  "model": "home.softskilluser",
  "pk": 7,
  "fields": {
    "user": 2,
    "softskill": 4,
    "softSkillResult": 3
  }
},
{
  "model": "home.softskilluser",
  "pk": 8,
  "fields": {
    "user": 2,
    "softskill": 3,
    "softSkillResult": 5
  }
},
{
  "model": "wagtailusers.userprofile",
  "pk": 1,
  "fields": {
    "user": 1,
    "submitted_notifications": true,
    "approved_notifications": true,
    "rejected_notifications": true,
    "updated_comments_notifications": true,
    "preferred_language": "ru",
    "current_time_zone": "",
    "avatar": "avatar_images/avatar_00720a92-2c39-4cf4-b553-e2b490fe2740_photo_2024-05-15_02-06-26.jpg",
    "dismissibles": {
      "help": true,
      "whats-new-in-wagtail-6.0": true,
      "editor-guide": true
    },
    "theme": "system"
  }
},
{
  "model": "wagtailimages.image",
  "pk": 1,
  "fields": {
    "collection": 1,
    "title": "КР-1",
    "file": "original_images/Picture.png",
    "width": 624,
    "height": 565,
    "created_at": "2024-05-14T20:08:07.701Z",
    "uploaded_by_user": 1,
    "focal_point_x": null,
    "focal_point_y": null,
    "focal_point_width": null,
    "focal_point_height": null,
    "file_size": 365631,
    "file_hash": "5478fe9d3dcc8dbc5fa6cb1f62454a72ca18cb59"
  }
},
{
  "model": "wagtailimages.image",
  "pk": 2,
  "fields": {
    "collection": 1,
    "title": "КР-2",
    "file": "original_images/Picture_L6xlYMH.png",
    "width": 624,
    "height": 568,
    "created_at": "2024-05-14T20:11:25.210Z",
    "uploaded_by_user": 1,
    "focal_point_x": null,
    "focal_point_y": null,
    "focal_point_width": null,
    "focal_point_height": null,
    "file_size": 613106,
    "file_hash": "482942a0b14f5e5ff1db8d1d144585f45caedeed"
  }
},
{
  "model": "wagtailimages.image",
  "pk": 3,
  "fields": {
    "collection": 1,
    "title": "КР-3",
    "file": "original_images/Picture_QDl5jsm.png",
    "width": 624,
    "height": 591,
    "created_at": "2024-05-14T20:14:50.955Z",
    "uploaded_by_user": 1,
    "focal_point_x": null,
    "focal_point_y": null,
    "focal_point_width": null,
    "focal_point_height": null,
    "file_size": 629143,
    "file_hash": "315b6fe44aed6154bea9f2d910b14e330f5cb0c6"
  }
},
{
  "model": "wagtailimages.image",
  "pk": 4,
  "fields": {
    "collection": 1,
    "title": "КР-4",
    "file": "original_images/Picture_u4auV7r.png",
    "width": 624,
    "height": 461,
    "created_at": "2024-05-14T20:18:43.866Z",
    "uploaded_by_user": 1,
    "focal_point_x": null,
    "focal_point_y": null,
    "focal_point_width": null,
    "focal_point_height": null,
    "file_size": 289679,
    "file_hash": "b7ef20e250bddcf34c72e900783bd3deac5cca85"
  }
},
{
  "model": "wagtailimages.image",
  "pk": 5,
  "fields": {
    "collection": 1,
    "title": "КР-5",
    "file": "original_images/Picture_LJdx3R2.png",
    "width": 624,
    "height": 549,
    "created_at": "2024-05-14T20:22:02.393Z",
    "uploaded_by_user": 1,
    "focal_point_x": null,
    "focal_point_y": null,
    "focal_point_width": null,
    "focal_point_height": null,
    "file_size": 283934,
    "file_hash": "3dc5082e7a6fa56036367f6ecdafaf73c7568b76"
  }
},
{
  "model": "wagtailimages.image",
  "pk": 6,
  "fields": {
    "collection": 1,
    "title": "СО-1",
    "file": "original_images/Picture_ReabtcN.png",
    "width": 624,
    "height": 415,
    "created_at": "2024-05-14T20:37:25.755Z",
    "uploaded_by_user": 1,
    "focal_point_x": null,
    "focal_point_y": null,
    "focal_point_width": null,
    "focal_point_height": null,
    "file_size": 420870,
    "file_hash": "04467a9f1ecccb04ad87683bc0572afbc51e791c"
  }
},
{
  "model": "wagtailimages.image",
  "pk": 7,
  "fields": {
    "collection": 1,
    "title": "СО-2",
    "file": "original_images/Picture_0mXOIjL.png",
    "width": 624,
    "height": 538,
    "created_at": "2024-05-14T20:41:17.345Z",
    "uploaded_by_user": 1,
    "focal_point_x": null,
    "focal_point_y": null,
    "focal_point_width": null,
    "focal_point_height": null,
    "file_size": 562745,
    "file_hash": "582a38ef3a85d760074152a4432946876d3d8b29"
  }
},
{
  "model": "wagtailimages.image",
  "pk": 8,
  "fields": {
    "collection": 1,
    "title": "СО-3",
    "file": "original_images/Picture_Lm7bC6B.png",
    "width": 596,
    "height": 443,
    "created_at": "2024-05-14T20:44:43.985Z",
    "uploaded_by_user": 1,
    "focal_point_x": null,
    "focal_point_y": null,
    "focal_point_width": null,
    "focal_point_height": null,
    "file_size": 304556,
    "file_hash": "5097bc2955db2be698be558e964e3fd5416f15d9"
  }
},
{
  "model": "wagtailimages.image",
  "pk": 9,
  "fields": {
    "collection": 1,
    "title": "СО-4",
    "file": "original_images/Picture_79GNBJy.png",
    "width": 624,
    "height": 436,
    "created_at": "2024-05-14T20:50:54.264Z",
    "uploaded_by_user": 1,
    "focal_point_x": null,
    "focal_point_y": null,
    "focal_point_width": null,
    "focal_point_height": null,
    "file_size": 458289,
    "file_hash": "561e59bc58654a27d75b0530094d07e071f29d9a"
  }
},
{
  "model": "wagtailimages.image",
  "pk": 10,
  "fields": {
    "collection": 1,
    "title": "СО-5",
    "file": "original_images/Picture_24300qT.png",
    "width": 556,
    "height": 505,
    "created_at": "2024-05-14T20:53:02.553Z",
    "uploaded_by_user": 1,
    "focal_point_x": null,
    "focal_point_y": null,
    "focal_point_width": null,
    "focal_point_height": null,
    "file_size": 428613,
    "file_hash": "68382d8febed0cbff31944fa584fbe213262cd0a"
  }
},
{
  "model": "wagtailimages.image",
  "pk": 11,
  "fields": {
    "collection": 1,
    "title": "КМ-1",
    "file": "original_images/Picture_BVNra4g.png",
    "width": 624,
    "height": 542,
    "created_at": "2024-05-14T21:05:59.448Z",
    "uploaded_by_user": 1,
    "focal_point_x": null,
    "focal_point_y": null,
    "focal_point_width": null,
    "focal_point_height": null,
    "file_size": 503541,
    "file_hash": "7f75e9bce3bf020f49803a343a379c3fb2b4a6d7"
  }
},
{
  "model": "wagtailimages.image",
  "pk": 12,
  "fields": {
    "collection": 1,
    "title": "КМ-4",
    "file": "original_images/Picture_UlgnKdg.png",
    "width": 624,
    "height": 297,
    "created_at": "2024-05-14T21:15:11.502Z",
    "uploaded_by_user": 1,
    "focal_point_x": null,
    "focal_point_y": null,
    "focal_point_width": null,
    "focal_point_height": null,
    "file_size": 121128,
    "file_hash": "82aa6146ac1f09a1d8fcf60899ccef2109338a83"
  }
},
{
  "model": "wagtailimages.image",
  "pk": 13,
  "fields": {
    "collection": 1,
    "title": "ЭИ-1",
    "file": "original_images/Screenshot_20240515_045732.png",
    "width": 644,
    "height": 815,
    "created_at": "2024-05-14T21:58:01.183Z",
    "uploaded_by_user": 1,
    "focal_point_x": null,
    "focal_point_y": null,
    "focal_point_width": null,
    "focal_point_height": null,
    "file_size": 624014,
    "file_hash": "863bf5c601fd7f2728742aeb51f3412b339d5cb6"
  }
},
{
  "model": "wagtailimages.image",
  "pk": 14,
  "fields": {
    "collection": 1,
    "title": "ЭИ-2",
    "file": "original_images/Picture_bW59x5M.png",
    "width": 624,
    "height": 542,
    "created_at": "2024-05-14T22:00:25.341Z",
    "uploaded_by_user": 1,
    "focal_point_x": null,
    "focal_point_y": null,
    "focal_point_width": null,
    "focal_point_height": null,
    "file_size": 404224,
    "file_hash": "4f4c596b332bac5d340edec53136fd0b3c0a084f"
  }
},
{
  "model": "wagtailimages.image",
  "pk": 15,
  "fields": {
    "collection": 1,
    "title": "ЭИ-3",
    "file": "original_images/Picture_d35sIRQ.png",
    "width": 624,
    "height": 580,
    "created_at": "2024-05-14T22:02:57.181Z",
    "uploaded_by_user": 1,
    "focal_point_x": null,
    "focal_point_y": null,
    "focal_point_width": null,
    "focal_point_height": null,
    "file_size": 526131,
    "file_hash": "04a417ed6b4d1f82d241eef77257571e9e28ed92"
  }
},
{
  "model": "wagtailimages.image",
  "pk": 16,
  "fields": {
    "collection": 1,
    "title": "ЭИ-4",
    "file": "original_images/Picture_eVnTkcQ.png",
    "width": 624,
    "height": 527,
    "created_at": "2024-05-14T22:05:09.663Z",
    "uploaded_by_user": 1,
    "focal_point_x": null,
    "focal_point_y": null,
    "focal_point_width": null,
    "focal_point_height": null,
    "file_size": 396070,
    "file_hash": "150bd1572ad20d24c34bd8c4f34ce2dddeaa3ca0"
  }
},
{
  "model": "wagtailimages.rendition",
  "pk": 1,
  "fields": {
    "filter_spec": "width-800",
    "file": "images/Screenshot_20240515_045732.width-800_TUzHVXz.png",
    "width": 644,
    "height": 815,
    "focal_point_key": "",
    "image": 13
  }
},
{
  "model": "wagtailimages.rendition",
  "pk": 2,
  "fields": {
    "filter_spec": "width-800",
    "file": "images/Picture_bW59x5M.width-800_hen8byM.png",
    "width": 624,
    "height": 542,
    "focal_point_key": "",
    "image": 14
  }
},
{
  "model": "wagtailimages.rendition",
  "pk": 3,
  "fields": {
    "filter_spec": "width-800",
    "file": "images/Picture_d35sIRQ.width-800_CPcqAYx.png",
    "width": 624,
    "height": 580,
    "focal_point_key": "",
    "image": 15
  }
},
{
  "model": "wagtailimages.rendition",
  "pk": 4,
  "fields": {
    "filter_spec": "width-800",
    "file": "images/Picture_eVnTkcQ.width-800_fYsJteb.png",
    "width": 624,
    "height": 527,
    "focal_point_key": "",
    "image": 16
  }
},
{
  "model": "wagtailimages.rendition",
  "pk": 5,
  "fields": {
    "filter_spec": "width-800",
    "file": "images/Picture_ReabtcN.width-800_DtrU8oJ.png",
    "width": 624,
    "height": 415,
    "focal_point_key": "",
    "image": 6
  }
},
{
  "model": "wagtailimages.rendition",
  "pk": 6,
  "fields": {
    "filter_spec": "width-800",
    "file": "images/Picture_0mXOIjL.width-800_tknAKci.png",
    "width": 624,
    "height": 538,
    "focal_point_key": "",
    "image": 7
  }
},
{
  "model": "wagtailimages.rendition",
  "pk": 7,
  "fields": {
    "filter_spec": "width-800",
    "file": "images/Picture_Lm7bC6B.width-800_J6Z0K5x.png",
    "width": 596,
    "height": 443,
    "focal_point_key": "",
    "image": 8
  }
},
{
  "model": "wagtailimages.rendition",
  "pk": 8,
  "fields": {
    "filter_spec": "width-800",
    "file": "images/Picture_79GNBJy.width-800_NkeMquo.png",
    "width": 624,
    "height": 436,
    "focal_point_key": "",
    "image": 9
  }
},
{
  "model": "wagtailimages.rendition",
  "pk": 9,
  "fields": {
    "filter_spec": "width-800",
    "file": "images/Picture_24300qT.width-800_6TDlElu.png",
    "width": 556,
    "height": 505,
    "focal_point_key": "",
    "image": 10
  }
},
{
  "model": "wagtailimages.rendition",
  "pk": 10,
  "fields": {
    "filter_spec": "width-800",
    "file": "images/Picture.width-800_IP9puwP.png",
    "width": 624,
    "height": 565,
    "focal_point_key": "",
    "image": 1
  }
},
{
  "model": "wagtailimages.rendition",
  "pk": 11,
  "fields": {
    "filter_spec": "width-800",
    "file": "images/Picture_L6xlYMH.width-800_ng90qLS.png",
    "width": 624,
    "height": 568,
    "focal_point_key": "",
    "image": 2
  }
},
{
  "model": "wagtailimages.rendition",
  "pk": 12,
  "fields": {
    "filter_spec": "width-800",
    "file": "images/Picture_QDl5jsm.width-800_wvGTkut.png",
    "width": 624,
    "height": 591,
    "focal_point_key": "",
    "image": 3
  }
},
{
  "model": "wagtailimages.rendition",
  "pk": 13,
  "fields": {
    "filter_spec": "width-800",
    "file": "images/Picture_u4auV7r.width-800_i6dAPHc.png",
    "width": 624,
    "height": 461,
    "focal_point_key": "",
    "image": 4
  }
},
{
  "model": "wagtailimages.rendition",
  "pk": 14,
  "fields": {
    "filter_spec": "width-800",
    "file": "images/Picture_LJdx3R2.width-800_GsC49vr.png",
    "width": 624,
    "height": 549,
    "focal_point_key": "",
    "image": 5
  }
},
{
  "model": "wagtailimages.rendition",
  "pk": 15,
  "fields": {
    "filter_spec": "max-165x165",
    "file": "images/Picture_eVnTkcQ.max-165x165.png",
    "width": 165,
    "height": 139,
    "focal_point_key": "",
    "image": 16
  }
},
{
  "model": "wagtailimages.rendition",
  "pk": 16,
  "fields": {
    "filter_spec": "max-165x165",
    "file": "images/Picture_d35sIRQ.max-165x165_zGRe019.png",
    "width": 165,
    "height": 153,
    "focal_point_key": "",
    "image": 15
  }
},
{
  "model": "wagtailimages.rendition",
  "pk": 17,
  "fields": {
    "filter_spec": "max-165x165",
    "file": "images/Picture_bW59x5M.max-165x165_SApU08a.png",
    "width": 165,
    "height": 143,
    "focal_point_key": "",
    "image": 14
  }
},
{
  "model": "wagtailimages.rendition",
  "pk": 18,
  "fields": {
    "filter_spec": "max-165x165",
    "file": "images/Screenshot_20240515_045732.max-165x165_HPrKx20.png",
    "width": 130,
    "height": 165,
    "focal_point_key": "",
    "image": 13
  }
},
{
  "model": "wagtailimages.rendition",
  "pk": 19,
  "fields": {
    "filter_spec": "max-165x165",
    "file": "images/Picture_UlgnKdg.max-165x165_y9vFsca.png",
    "width": 165,
    "height": 78,
    "focal_point_key": "",
    "image": 12
  }
},
{
  "model": "wagtailimages.rendition",
  "pk": 20,
  "fields": {
    "filter_spec": "max-165x165",
    "file": "images/Picture_BVNra4g.max-165x165_WXWagiL.png",
    "width": 165,
    "height": 143,
    "focal_point_key": "",
    "image": 11
  }
},
{
  "model": "wagtailimages.rendition",
  "pk": 21,
  "fields": {
    "filter_spec": "max-165x165",
    "file": "images/Picture_24300qT.max-165x165_Wynu037.png",
    "width": 165,
    "height": 149,
    "focal_point_key": "",
    "image": 10
  }
},
{
  "model": "wagtailimages.rendition",
  "pk": 22,
  "fields": {
    "filter_spec": "max-165x165",
    "file": "images/Picture_79GNBJy.max-165x165_9w4qs9U.png",
    "width": 165,
    "height": 115,
    "focal_point_key": "",
    "image": 9
  }
},
{
  "model": "wagtailimages.rendition",
  "pk": 23,
  "fields": {
    "filter_spec": "max-165x165",
    "file": "images/Picture_Lm7bC6B.max-165x165_cJREpAy.png",
    "width": 165,
    "height": 122,
    "focal_point_key": "",
    "image": 8
  }
},
{
  "model": "wagtailimages.rendition",
  "pk": 24,
  "fields": {
    "filter_spec": "max-165x165",
    "file": "images/Picture_0mXOIjL.max-165x165_dSaJiZu.png",
    "width": 165,
    "height": 142,
    "focal_point_key": "",
    "image": 7
  }
},
{
  "model": "wagtailimages.rendition",
  "pk": 25,
  "fields": {
    "filter_spec": "max-165x165",
    "file": "images/Picture_ReabtcN.max-165x165_e0zLiBQ.png",
    "width": 165,
    "height": 109,
    "focal_point_key": "",
    "image": 6
  }
},
{
  "model": "wagtailimages.rendition",
  "pk": 26,
  "fields": {
    "filter_spec": "max-165x165",
    "file": "images/Picture_LJdx3R2.max-165x165_yEAMngb.png",
    "width": 165,
    "height": 145,
    "focal_point_key": "",
    "image": 5
  }
},
{
  "model": "wagtailimages.rendition",
  "pk": 27,
  "fields": {
    "filter_spec": "max-165x165",
    "file": "images/Picture_u4auV7r.max-165x165_jvTrRKV.png",
    "width": 165,
    "height": 121,
    "focal_point_key": "",
    "image": 4
  }
},
{
  "model": "wagtailimages.rendition",
  "pk": 28,
  "fields": {
    "filter_spec": "max-165x165",
    "file": "images/Picture_QDl5jsm.max-165x165_2Jztihn.png",
    "width": 165,
    "height": 156,
    "focal_point_key": "",
    "image": 3
  }
},
{
  "model": "wagtailimages.rendition",
  "pk": 29,
  "fields": {
    "filter_spec": "max-165x165",
    "file": "images/Picture_L6xlYMH.max-165x165_4Orvt3A.png",
    "width": 165,
    "height": 150,
    "focal_point_key": "",
    "image": 2
  }
},
{
  "model": "wagtailimages.rendition",
  "pk": 30,
  "fields": {
    "filter_spec": "max-165x165",
    "file": "images/Picture.max-165x165_zWwaF7a.png",
    "width": 165,
    "height": 149,
    "focal_point_key": "",
    "image": 1
  }
},
{
  "model": "wagtailsearch.sqliteftsindexentry",
  "pk": 8,
  "fields": {
    "autocomplete": "Root",
    "title": "Root",
    "body": ""
  }
},
{
  "model": "wagtailsearch.sqliteftsindexentry",
  "pk": 10,
  "fields": {
    "autocomplete": "КР-1",
    "title": "КР-1",
    "body": ""
  }
},
{
  "model": "wagtailsearch.sqliteftsindexentry",
  "pk": 11,
  "fields": {
    "autocomplete": "КР-2",
    "title": "КР-2",
    "body": ""
  }
},
{
  "model": "wagtailsearch.sqliteftsindexentry",
  "pk": 12,
  "fields": {
    "autocomplete": "КР-3",
    "title": "КР-3",
    "body": ""
  }
},
{
  "model": "wagtailsearch.sqliteftsindexentry",
  "pk": 13,
  "fields": {
    "autocomplete": "КР-4",
    "title": "КР-4",
    "body": ""
  }
},
{
  "model": "wagtailsearch.sqliteftsindexentry",
  "pk": 14,
  "fields": {
    "autocomplete": "КР-5",
    "title": "КР-5",
    "body": ""
  }
},
{
  "model": "wagtailsearch.sqliteftsindexentry",
  "pk": 15,
  "fields": {
    "autocomplete": "СО-1",
    "title": "СО-1",
    "body": ""
  }
},
{
  "model": "wagtailsearch.sqliteftsindexentry",
  "pk": 16,
  "fields": {
    "autocomplete": "СО-2",
    "title": "СО-2",
    "body": ""
  }
},
{
  "model": "wagtailsearch.sqliteftsindexentry",
  "pk": 17,
  "fields": {
    "autocomplete": "СО-3",
    "title": "СО-3",
    "body": ""
  }
},
{
  "model": "wagtailsearch.sqliteftsindexentry",
  "pk": 18,
  "fields": {
    "autocomplete": "СО-4",
    "title": "СО-4",
    "body": ""
  }
},
{
  "model": "wagtailsearch.sqliteftsindexentry",
  "pk": 19,
  "fields": {
    "autocomplete": "СО-5",
    "title": "СО-5",
    "body": ""
  }
},
{
  "model": "wagtailsearch.sqliteftsindexentry",
  "pk": 20,
  "fields": {
    "autocomplete": "КМ-1",
    "title": "КМ-1",
    "body": ""
  }
},
{
  "model": "wagtailsearch.sqliteftsindexentry",
  "pk": 21,
  "fields": {
    "autocomplete": "КМ-4",
    "title": "КМ-4",
    "body": ""
  }
},
{
  "model": "wagtailsearch.sqliteftsindexentry",
  "pk": 22,
  "fields": {
    "autocomplete": "ЭИ-1",
    "title": "ЭИ-1",
    "body": ""
  }
},
{
  "model": "wagtailsearch.sqliteftsindexentry",
  "pk": 23,
  "fields": {
    "autocomplete": "ЭИ-2",
    "title": "ЭИ-2",
    "body": ""
  }
},
{
  "model": "wagtailsearch.sqliteftsindexentry",
  "pk": 24,
  "fields": {
    "autocomplete": "ЭИ-3",
    "title": "ЭИ-3",
    "body": ""
  }
},
{
  "model": "wagtailsearch.sqliteftsindexentry",
  "pk": 25,
  "fields": {
    "autocomplete": "ЭИ-4",
    "title": "ЭИ-4",
    "body": ""
  }
},
{
  "model": "wagtailsearch.sqliteftsindexentry",
  "pk": 26,
  "fields": {
    "autocomplete": "",
    "title": "",
    "body": ""
  }
},
{
  "model": "wagtailsearch.sqliteftsindexentry",
  "pk": 27,
  "fields": {
    "autocomplete": "",
    "title": "",
    "body": ""
  }
},
{
  "model": "wagtailsearch.sqliteftsindexentry",
  "pk": 28,
  "fields": {
    "autocomplete": "",
    "title": "",
    "body": ""
  }
},
{
  "model": "wagtailsearch.sqliteftsindexentry",
  "pk": 29,
  "fields": {
    "autocomplete": "",
    "title": "",
    "body": ""
  }
},
{
  "model": "wagtailsearch.sqliteftsindexentry",
  "pk": 30,
  "fields": {
    "autocomplete": "",
    "title": "",
    "body": ""
  }
},
{
  "model": "wagtailsearch.indexentry",
  "pk": 8,
  "fields": {
    "content_type": 1,
    "object_id": "1",
    "title_norm": 4.625,
    "autocomplete": "Root",
    "title": "Root",
    "body": ""
  }
},
{
  "model": "wagtailsearch.indexentry",
  "pk": 10,
  "fields": {
    "content_type": 2,
    "object_id": "1",
    "title_norm": 3.4166666666666665,
    "autocomplete": "КР-1",
    "title": "КР-1",
    "body": ""
  }
},
{
  "model": "wagtailsearch.indexentry",
  "pk": 11,
  "fields": {
    "content_type": 2,
    "object_id": "2",
    "title_norm": 2.8125,
    "autocomplete": "КР-2",
    "title": "КР-2",
    "body": ""
  }
},
{
  "model": "wagtailsearch.indexentry",
  "pk": 12,
  "fields": {
    "content_type": 2,
    "object_id": "3",
    "title_norm": 2.45,
    "autocomplete": "КР-3",
    "title": "КР-3",
    "body": ""
  }
},
{
  "model": "wagtailsearch.indexentry",
  "pk": 13,
  "fields": {
    "content_type": 2,
    "object_id": "4",
    "title_norm": 2.2083333333333335,
    "autocomplete": "КР-4",
    "title": "КР-4",
    "body": ""
  }
},
{
  "model": "wagtailsearch.indexentry",
  "pk": 14,
  "fields": {
    "content_type": 2,
    "object_id": "5",
    "title_norm": 2.0357142857142856,
    "autocomplete": "КР-5",
    "title": "КР-5",
    "body": ""
  }
},
{
  "model": "wagtailsearch.indexentry",
  "pk": 15,
  "fields": {
    "content_type": 2,
    "object_id": "6",
    "title_norm": 1.90625,
    "autocomplete": "СО-1",
    "title": "СО-1",
    "body": ""
  }
},
{
  "model": "wagtailsearch.indexentry",
  "pk": 16,
  "fields": {
    "content_type": 2,
    "object_id": "7",
    "title_norm": 1.8055555555555556,
    "autocomplete": "СО-2",
    "title": "СО-2",
    "body": ""
  }
},
{
  "model": "wagtailsearch.indexentry",
  "pk": 17,
  "fields": {
    "content_type": 2,
    "object_id": "8",
    "title_norm": 1.725,
    "autocomplete": "СО-3",
    "title": "СО-3",
    "body": ""
  }
},
{
  "model": "wagtailsearch.indexentry",
  "pk": 18,
  "fields": {
    "content_type": 2,
    "object_id": "9",
    "title_norm": 1.6590909090909092,
    "autocomplete": "СО-4",
    "title": "СО-4",
    "body": ""
  }
},
{
  "model": "wagtailsearch.indexentry",
  "pk": 19,
  "fields": {
    "content_type": 2,
    "object_id": "10",
    "title_norm": 1.6041666666666667,
    "autocomplete": "СО-5",
    "title": "СО-5",
    "body": ""
  }
},
{
  "model": "wagtailsearch.indexentry",
  "pk": 20,
  "fields": {
    "content_type": 2,
    "object_id": "11",
    "title_norm": 1.5576923076923077,
    "autocomplete": "КМ-1",
    "title": "КМ-1",
    "body": ""
  }
},
{
  "model": "wagtailsearch.indexentry",
  "pk": 21,
  "fields": {
    "content_type": 2,
    "object_id": "12",
    "title_norm": 1.5178571428571428,
    "autocomplete": "КМ-4",
    "title": "КМ-4",
    "body": ""
  }
},
{
  "model": "wagtailsearch.indexentry",
  "pk": 22,
  "fields": {
    "content_type": 2,
    "object_id": "13",
    "title_norm": 1.4833333333333334,
    "autocomplete": "ЭИ-1",
    "title": "ЭИ-1",
    "body": ""
  }
},
{
  "model": "wagtailsearch.indexentry",
  "pk": 23,
  "fields": {
    "content_type": 2,
    "object_id": "14",
    "title_norm": 1.453125,
    "autocomplete": "ЭИ-2",
    "title": "ЭИ-2",
    "body": ""
  }
},
{
  "model": "wagtailsearch.indexentry",
  "pk": 24,
  "fields": {
    "content_type": 2,
    "object_id": "15",
    "title_norm": 1.4264705882352942,
    "autocomplete": "ЭИ-3",
    "title": "ЭИ-3",
    "body": ""
  }
},
{
  "model": "wagtailsearch.indexentry",
  "pk": 25,
  "fields": {
    "content_type": 2,
    "object_id": "16",
    "title_norm": 1.4027777777777777,
    "autocomplete": "ЭИ-4",
    "title": "ЭИ-4",
    "body": ""
  }
},
{
  "model": "wagtailsearch.indexentry",
  "pk": 26,
  "fields": {
    "content_type": 40,
    "object_id": "3",
    "title_norm": 1.0,
    "autocomplete": "",
    "title": "",
    "body": ""
  }
},
{
  "model": "wagtailsearch.indexentry",
  "pk": 27,
  "fields": {
    "content_type": 40,
    "object_id": "4",
    "title_norm": 1.0,
    "autocomplete": "",
    "title": "",
    "body": ""
  }
},
{
  "model": "wagtailsearch.indexentry",
  "pk": 28,
  "fields": {
    "content_type": 40,
    "object_id": "5",
    "title_norm": 1.0,
    "autocomplete": "",
    "title": "",
    "body": ""
  }
},
{
  "model": "wagtailsearch.indexentry",
  "pk": 29,
  "fields": {
    "content_type": 40,
    "object_id": "6",
    "title_norm": 1.0,
    "autocomplete": "",
    "title": "",
    "body": ""
  }
},
{
  "model": "wagtailsearch.indexentry",
  "pk": 30,
  "fields": {
    "content_type": 40,
    "object_id": "7",
    "title_norm": 1.0,
    "autocomplete": "",
    "title": "",
    "body": ""
  }
},
{
  "model": "wagtailcore.locale",
  "pk": 1,
  "fields": {
    "language_code": "ru"
  }
},
{
  "model": "wagtailcore.modellogentry",
  "pk": 1,
  "fields": {
    "content_type": 58,
    "label": "user-zAg2GhFu",
    "action": "wagtail.delete",
    "data": {},
    "timestamp": "2024-05-19T10:26:25.478Z",
    "uuid": "c10788d9-08bd-42f7-9507-6d9a4447049e",
    "user": 1,
    "revision": null,
    "content_changed": false,
    "deleted": false,
    "object_id": "2"
  }
},
{
  "model": "wagtailcore.modellogentry",
  "pk": 2,
  "fields": {
    "content_type": 58,
    "label": "arielen",
    "action": "wagtail.edit",
    "data": {},
    "timestamp": "2024-05-19T15:49:28.492Z",
    "uuid": "0cbfff79-77f3-43c4-8a88-e86aa3bbbd1c",
    "user": 1,
    "revision": null,
    "content_changed": false,
    "deleted": false,
    "object_id": "1"
  }
},
{
  "model": "wagtailcore.collection",
  "pk": 1,
  "fields": {
    "path": "0001",
    "depth": 1,
    "numchild": 0,
    "name": "Root"
  }
},
{
  "model": "wagtailcore.groupcollectionpermission",
  "pk": 1,
  "fields": {
    "group": 2,
    "collection": 1,
    "permission": 1
  }
},
{
  "model": "wagtailcore.groupcollectionpermission",
  "pk": 2,
  "fields": {
    "group": 1,
    "collection": 1,
    "permission": 1
  }
},
{
  "model": "wagtailcore.groupcollectionpermission",
  "pk": 3,
  "fields": {
    "group": 2,
    "collection": 1,
    "permission": 2
  }
},
{
  "model": "wagtailcore.groupcollectionpermission",
  "pk": 4,
  "fields": {
    "group": 1,
    "collection": 1,
    "permission": 2
  }
},
{
  "model": "wagtailcore.groupcollectionpermission",
  "pk": 5,
  "fields": {
    "group": 2,
    "collection": 1,
    "permission": 102
  }
},
{
  "model": "wagtailcore.groupcollectionpermission",
  "pk": 6,
  "fields": {
    "group": 1,
    "collection": 1,
    "permission": 102
  }
},
{
  "model": "wagtailcore.groupcollectionpermission",
  "pk": 7,
  "fields": {
    "group": 2,
    "collection": 1,
    "permission": 103
  }
},
{
  "model": "wagtailcore.groupcollectionpermission",
  "pk": 8,
  "fields": {
    "group": 1,
    "collection": 1,
    "permission": 103
  }
},
{
  "model": "wagtailcore.groupcollectionpermission",
  "pk": 9,
  "fields": {
    "group": 2,
    "collection": 1,
    "permission": 105
  }
},
{
  "model": "wagtailcore.groupcollectionpermission",
  "pk": 10,
  "fields": {
    "group": 1,
    "collection": 1,
    "permission": 105
  }
},
{
  "model": "wagtailcore.referenceindex",
  "pk": 1,
  "fields": {
    "content_type": 2,
    "base_content_type": 2,
    "object_id": "1",
    "to_content_type": 8,
    "to_object_id": "1",
    "model_path": "collection",
    "content_path": "collection",
    "content_path_hash": "b40b1263-e929-57f2-a7f8-9dbce56b887b"
  }
},
{
  "model": "wagtailcore.referenceindex",
  "pk": 2,
  "fields": {
    "content_type": 2,
    "base_content_type": 2,
    "object_id": "2",
    "to_content_type": 8,
    "to_object_id": "1",
    "model_path": "collection",
    "content_path": "collection",
    "content_path_hash": "b40b1263-e929-57f2-a7f8-9dbce56b887b"
  }
},
{
  "model": "wagtailcore.referenceindex",
  "pk": 3,
  "fields": {
    "content_type": 2,
    "base_content_type": 2,
    "object_id": "3",
    "to_content_type": 8,
    "to_object_id": "1",
    "model_path": "collection",
    "content_path": "collection",
    "content_path_hash": "b40b1263-e929-57f2-a7f8-9dbce56b887b"
  }
},
{
  "model": "wagtailcore.referenceindex",
  "pk": 4,
  "fields": {
    "content_type": 30,
    "base_content_type": 30,
    "object_id": "1",
    "to_content_type": 32,
    "to_object_id": "4",
    "model_path": "olimpiadsoftskill.item.ss",
    "content_path": "olimpiadsoftskill.4.ss",
    "content_path_hash": "4f432f99-5529-52d8-a79e-364c62f0c8e1"
  }
},
{
  "model": "wagtailcore.referenceindex",
  "pk": 5,
  "fields": {
    "content_type": 30,
    "base_content_type": 30,
    "object_id": "1",
    "to_content_type": 32,
    "to_object_id": "5",
    "model_path": "olimpiadsoftskill.item.ss",
    "content_path": "olimpiadsoftskill.5.ss",
    "content_path_hash": "931595c9-1fdf-58f6-8251-fae3e698e3d4"
  }
},
{
  "model": "wagtailcore.referenceindex",
  "pk": 6,
  "fields": {
    "content_type": 30,
    "base_content_type": 30,
    "object_id": "1",
    "to_content_type": 32,
    "to_object_id": "6",
    "model_path": "olimpiadsoftskill.item.ss",
    "content_path": "olimpiadsoftskill.6.ss",
    "content_path_hash": "69d87921-78be-58b0-880c-22b99b04dee0"
  }
},
{
  "model": "wagtailcore.referenceindex",
  "pk": 7,
  "fields": {
    "content_type": 40,
    "base_content_type": 1,
    "object_id": "3",
    "to_content_type": 32,
    "to_object_id": "1",
    "model_path": "softSkill",
    "content_path": "softSkill",
    "content_path_hash": "a1126df5-e78c-52e5-9e66-60cb16a67753"
  }
},
{
  "model": "wagtailcore.referenceindex",
  "pk": 8,
  "fields": {
    "content_type": 40,
    "base_content_type": 1,
    "object_id": "3",
    "to_content_type": 2,
    "to_object_id": "1",
    "model_path": "questions.item.question_text.",
    "content_path": "questions.1.question_text.",
    "content_path_hash": "d7a086d2-5c2f-5f00-b68f-44e7cd5bf9f3"
  }
},
{
  "model": "wagtailcore.referenceindex",
  "pk": 9,
  "fields": {
    "content_type": 40,
    "base_content_type": 1,
    "object_id": "3",
    "to_content_type": 2,
    "to_object_id": "2",
    "model_path": "questions.item.question_text.",
    "content_path": "questions.2.question_text.",
    "content_path_hash": "0e980102-fb39-51d1-ac31-d06bd33f6711"
  }
},
{
  "model": "wagtailcore.referenceindex",
  "pk": 10,
  "fields": {
    "content_type": 40,
    "base_content_type": 1,
    "object_id": "3",
    "to_content_type": 2,
    "to_object_id": "3",
    "model_path": "questions.item.question_text.",
    "content_path": "questions.3.question_text.",
    "content_path_hash": "dcf9fbf7-f62f-583d-b406-ada0778802db"
  }
},
{
  "model": "wagtailcore.referenceindex",
  "pk": 11,
  "fields": {
    "content_type": 2,
    "base_content_type": 2,
    "object_id": "4",
    "to_content_type": 8,
    "to_object_id": "1",
    "model_path": "collection",
    "content_path": "collection",
    "content_path_hash": "b40b1263-e929-57f2-a7f8-9dbce56b887b"
  }
},
{
  "model": "wagtailcore.referenceindex",
  "pk": 12,
  "fields": {
    "content_type": 2,
    "base_content_type": 2,
    "object_id": "5",
    "to_content_type": 8,
    "to_object_id": "1",
    "model_path": "collection",
    "content_path": "collection",
    "content_path_hash": "b40b1263-e929-57f2-a7f8-9dbce56b887b"
  }
},
{
  "model": "wagtailcore.referenceindex",
  "pk": 13,
  "fields": {
    "content_type": 30,
    "base_content_type": 30,
    "object_id": "2",
    "to_content_type": 32,
    "to_object_id": "1",
    "model_path": "olimpiadsoftskill.item.ss",
    "content_path": "olimpiadsoftskill.8.ss",
    "content_path_hash": "c6b943cc-a8cd-522d-998d-83c52da9456a"
  }
},
{
  "model": "wagtailcore.referenceindex",
  "pk": 14,
  "fields": {
    "content_type": 30,
    "base_content_type": 30,
    "object_id": "2",
    "to_content_type": 32,
    "to_object_id": "2",
    "model_path": "olimpiadsoftskill.item.ss",
    "content_path": "olimpiadsoftskill.9.ss",
    "content_path_hash": "bc1d0027-d3cc-5994-be2c-9247b472df94"
  }
},
{
  "model": "wagtailcore.referenceindex",
  "pk": 15,
  "fields": {
    "content_type": 40,
    "base_content_type": 1,
    "object_id": "3",
    "to_content_type": 2,
    "to_object_id": "4",
    "model_path": "questions.item.question_text.",
    "content_path": "questions.4.question_text.",
    "content_path_hash": "1da13dd8-13f6-5749-9449-c35f77e19e70"
  }
},
{
  "model": "wagtailcore.referenceindex",
  "pk": 16,
  "fields": {
    "content_type": 40,
    "base_content_type": 1,
    "object_id": "3",
    "to_content_type": 2,
    "to_object_id": "5",
    "model_path": "questions.item.question_text.",
    "content_path": "questions.5.question_text.",
    "content_path_hash": "3a3ffcb7-436a-5cba-8340-561add383d2c"
  }
},
{
  "model": "wagtailcore.referenceindex",
  "pk": 17,
  "fields": {
    "content_type": 2,
    "base_content_type": 2,
    "object_id": "6",
    "to_content_type": 8,
    "to_object_id": "1",
    "model_path": "collection",
    "content_path": "collection",
    "content_path_hash": "b40b1263-e929-57f2-a7f8-9dbce56b887b"
  }
},
{
  "model": "wagtailcore.referenceindex",
  "pk": 18,
  "fields": {
    "content_type": 2,
    "base_content_type": 2,
    "object_id": "7",
    "to_content_type": 8,
    "to_object_id": "1",
    "model_path": "collection",
    "content_path": "collection",
    "content_path_hash": "b40b1263-e929-57f2-a7f8-9dbce56b887b"
  }
},
{
  "model": "wagtailcore.referenceindex",
  "pk": 19,
  "fields": {
    "content_type": 2,
    "base_content_type": 2,
    "object_id": "8",
    "to_content_type": 8,
    "to_object_id": "1",
    "model_path": "collection",
    "content_path": "collection",
    "content_path_hash": "b40b1263-e929-57f2-a7f8-9dbce56b887b"
  }
},
{
  "model": "wagtailcore.referenceindex",
  "pk": 20,
  "fields": {
    "content_type": 2,
    "base_content_type": 2,
    "object_id": "9",
    "to_content_type": 8,
    "to_object_id": "1",
    "model_path": "collection",
    "content_path": "collection",
    "content_path_hash": "b40b1263-e929-57f2-a7f8-9dbce56b887b"
  }
},
{
  "model": "wagtailcore.referenceindex",
  "pk": 21,
  "fields": {
    "content_type": 2,
    "base_content_type": 2,
    "object_id": "10",
    "to_content_type": 8,
    "to_object_id": "1",
    "model_path": "collection",
    "content_path": "collection",
    "content_path_hash": "b40b1263-e929-57f2-a7f8-9dbce56b887b"
  }
},
{
  "model": "wagtailcore.referenceindex",
  "pk": 22,
  "fields": {
    "content_type": 30,
    "base_content_type": 30,
    "object_id": "2",
    "to_content_type": 29,
    "to_object_id": "13",
    "model_path": "additionalolimpiadlesson.item.lesson",
    "content_path": "additionalolimpiadlesson.5.lesson",
    "content_path_hash": "9922dd07-2488-5a38-979a-baada497403a"
  }
},
{
  "model": "wagtailcore.referenceindex",
  "pk": 23,
  "fields": {
    "content_type": 30,
    "base_content_type": 30,
    "object_id": "2",
    "to_content_type": 29,
    "to_object_id": "5",
    "model_path": "additionalolimpiadlesson.item.lesson",
    "content_path": "additionalolimpiadlesson.6.lesson",
    "content_path_hash": "c5f37b5f-11df-5782-9c7e-94b47543cec0"
  }
},
{
  "model": "wagtailcore.referenceindex",
  "pk": 24,
  "fields": {
    "content_type": 30,
    "base_content_type": 30,
    "object_id": "3",
    "to_content_type": 32,
    "to_object_id": "1",
    "model_path": "olimpiadsoftskill.item.ss",
    "content_path": "olimpiadsoftskill.15.ss",
    "content_path_hash": "7c4eff0b-2af4-5ce5-a930-fcfbe599ddda"
  }
},
{
  "model": "wagtailcore.referenceindex",
  "pk": 25,
  "fields": {
    "content_type": 40,
    "base_content_type": 1,
    "object_id": "4",
    "to_content_type": 32,
    "to_object_id": "2",
    "model_path": "softSkill",
    "content_path": "softSkill",
    "content_path_hash": "a1126df5-e78c-52e5-9e66-60cb16a67753"
  }
},
{
  "model": "wagtailcore.referenceindex",
  "pk": 26,
  "fields": {
    "content_type": 30,
    "base_content_type": 30,
    "object_id": "3",
    "to_content_type": 32,
    "to_object_id": "3",
    "model_path": "olimpiadsoftskill.item.ss",
    "content_path": "olimpiadsoftskill.17.ss",
    "content_path_hash": "a37df270-a4db-5d97-af71-667a2bfb5cf9"
  }
},
{
  "model": "wagtailcore.referenceindex",
  "pk": 27,
  "fields": {
    "content_type": 30,
    "base_content_type": 30,
    "object_id": "3",
    "to_content_type": 32,
    "to_object_id": "4",
    "model_path": "olimpiadsoftskill.item.ss",
    "content_path": "olimpiadsoftskill.18.ss",
    "content_path_hash": "618fa067-0469-5cdf-9f6a-8c73121ca803"
  }
},
{
  "model": "wagtailcore.referenceindex",
  "pk": 28,
  "fields": {
    "content_type": 40,
    "base_content_type": 1,
    "object_id": "4",
    "to_content_type": 2,
    "to_object_id": "6",
    "model_path": "questions.item.question_text.",
    "content_path": "questions.6.question_text.",
    "content_path_hash": "d98b9028-72d9-51a1-ac4a-670b99cdaa70"
  }
},
{
  "model": "wagtailcore.referenceindex",
  "pk": 29,
  "fields": {
    "content_type": 40,
    "base_content_type": 1,
    "object_id": "4",
    "to_content_type": 2,
    "to_object_id": "7",
    "model_path": "questions.item.question_text.",
    "content_path": "questions.7.question_text.",
    "content_path_hash": "bd6e354b-0a88-5dea-8684-1f0f9a8da3ae"
  }
},
{
  "model": "wagtailcore.referenceindex",
  "pk": 30,
  "fields": {
    "content_type": 40,
    "base_content_type": 1,
    "object_id": "4",
    "to_content_type": 2,
    "to_object_id": "8",
    "model_path": "questions.item.question_text.",
    "content_path": "questions.8.question_text.",
    "content_path_hash": "2c62a186-40ff-5ccb-9ae2-1bc2f5be21ed"
  }
},
{
  "model": "wagtailcore.referenceindex",
  "pk": 31,
  "fields": {
    "content_type": 40,
    "base_content_type": 1,
    "object_id": "4",
    "to_content_type": 2,
    "to_object_id": "9",
    "model_path": "questions.item.question_text.",
    "content_path": "questions.9.question_text.",
    "content_path_hash": "efb1fd49-1be5-5a3d-8b37-08a633e6a7cb"
  }
},
{
  "model": "wagtailcore.referenceindex",
  "pk": 32,
  "fields": {
    "content_type": 40,
    "base_content_type": 1,
    "object_id": "4",
    "to_content_type": 2,
    "to_object_id": "10",
    "model_path": "questions.item.question_text.",
    "content_path": "questions.10.question_text.",
    "content_path_hash": "fd2fc1f8-d4a9-5c92-9539-5bcbcfc44e2f"
  }
},
{
  "model": "wagtailcore.referenceindex",
  "pk": 33,
  "fields": {
    "content_type": 2,
    "base_content_type": 2,
    "object_id": "11",
    "to_content_type": 8,
    "to_object_id": "1",
    "model_path": "collection",
    "content_path": "collection",
    "content_path_hash": "b40b1263-e929-57f2-a7f8-9dbce56b887b"
  }
},
{
  "model": "wagtailcore.referenceindex",
  "pk": 34,
  "fields": {
    "content_type": 2,
    "base_content_type": 2,
    "object_id": "12",
    "to_content_type": 8,
    "to_object_id": "1",
    "model_path": "collection",
    "content_path": "collection",
    "content_path_hash": "b40b1263-e929-57f2-a7f8-9dbce56b887b"
  }
},
{
  "model": "wagtailcore.referenceindex",
  "pk": 35,
  "fields": {
    "content_type": 30,
    "base_content_type": 30,
    "object_id": "4",
    "to_content_type": 32,
    "to_object_id": "3",
    "model_path": "olimpiadsoftskill.item.ss",
    "content_path": "olimpiadsoftskill.24.ss",
    "content_path_hash": "32178acd-07a5-5311-8337-d68f2281eae5"
  }
},
{
  "model": "wagtailcore.referenceindex",
  "pk": 36,
  "fields": {
    "content_type": 30,
    "base_content_type": 30,
    "object_id": "4",
    "to_content_type": 32,
    "to_object_id": "4",
    "model_path": "olimpiadsoftskill.item.ss",
    "content_path": "olimpiadsoftskill.25.ss",
    "content_path_hash": "3876bf6e-2f16-5f8b-98fe-3f60c896c619"
  }
},
{
  "model": "wagtailcore.referenceindex",
  "pk": 37,
  "fields": {
    "content_type": 40,
    "base_content_type": 1,
    "object_id": "5",
    "to_content_type": 32,
    "to_object_id": "3",
    "model_path": "softSkill",
    "content_path": "softSkill",
    "content_path_hash": "a1126df5-e78c-52e5-9e66-60cb16a67753"
  }
},
{
  "model": "wagtailcore.referenceindex",
  "pk": 38,
  "fields": {
    "content_type": 40,
    "base_content_type": 1,
    "object_id": "5",
    "to_content_type": 2,
    "to_object_id": "11",
    "model_path": "questions.item.question_text.",
    "content_path": "questions.11.question_text.",
    "content_path_hash": "a016da61-a462-5c6b-a36e-bedb0f3edc8a"
  }
},
{
  "model": "wagtailcore.referenceindex",
  "pk": 39,
  "fields": {
    "content_type": 40,
    "base_content_type": 1,
    "object_id": "5",
    "to_content_type": 2,
    "to_object_id": "12",
    "model_path": "questions.item.question_text.",
    "content_path": "questions.14.question_text.",
    "content_path_hash": "8959555e-5566-5345-88f4-eb036397e53a"
  }
},
{
  "model": "wagtailcore.referenceindex",
  "pk": 40,
  "fields": {
    "content_type": 40,
    "base_content_type": 1,
    "object_id": "6",
    "to_content_type": 32,
    "to_object_id": "5",
    "model_path": "softSkill",
    "content_path": "softSkill",
    "content_path_hash": "a1126df5-e78c-52e5-9e66-60cb16a67753"
  }
},
{
  "model": "wagtailcore.referenceindex",
  "pk": 41,
  "fields": {
    "content_type": 2,
    "base_content_type": 2,
    "object_id": "13",
    "to_content_type": 8,
    "to_object_id": "1",
    "model_path": "collection",
    "content_path": "collection",
    "content_path_hash": "b40b1263-e929-57f2-a7f8-9dbce56b887b"
  }
},
{
  "model": "wagtailcore.referenceindex",
  "pk": 42,
  "fields": {
    "content_type": 2,
    "base_content_type": 2,
    "object_id": "14",
    "to_content_type": 8,
    "to_object_id": "1",
    "model_path": "collection",
    "content_path": "collection",
    "content_path_hash": "b40b1263-e929-57f2-a7f8-9dbce56b887b"
  }
},
{
  "model": "wagtailcore.referenceindex",
  "pk": 43,
  "fields": {
    "content_type": 2,
    "base_content_type": 2,
    "object_id": "15",
    "to_content_type": 8,
    "to_object_id": "1",
    "model_path": "collection",
    "content_path": "collection",
    "content_path_hash": "b40b1263-e929-57f2-a7f8-9dbce56b887b"
  }
},
{
  "model": "wagtailcore.referenceindex",
  "pk": 44,
  "fields": {
    "content_type": 2,
    "base_content_type": 2,
    "object_id": "16",
    "to_content_type": 8,
    "to_object_id": "1",
    "model_path": "collection",
    "content_path": "collection",
    "content_path_hash": "b40b1263-e929-57f2-a7f8-9dbce56b887b"
  }
},
{
  "model": "wagtailcore.referenceindex",
  "pk": 45,
  "fields": {
    "content_type": 30,
    "base_content_type": 30,
    "object_id": "5",
    "to_content_type": 32,
    "to_object_id": "2",
    "model_path": "olimpiadsoftskill.item.ss",
    "content_path": "olimpiadsoftskill.30.ss",
    "content_path_hash": "f82a7273-4f41-5ba9-b6ef-245e52474658"
  }
},
{
  "model": "wagtailcore.referenceindex",
  "pk": 46,
  "fields": {
    "content_type": 30,
    "base_content_type": 30,
    "object_id": "5",
    "to_content_type": 32,
    "to_object_id": "3",
    "model_path": "olimpiadsoftskill.item.ss",
    "content_path": "olimpiadsoftskill.31.ss",
    "content_path_hash": "80e9c41f-3774-59b2-9a11-7f48006c3998"
  }
},
{
  "model": "wagtailcore.referenceindex",
  "pk": 47,
  "fields": {
    "content_type": 40,
    "base_content_type": 1,
    "object_id": "7",
    "to_content_type": 32,
    "to_object_id": "6",
    "model_path": "softSkill",
    "content_path": "softSkill",
    "content_path_hash": "a1126df5-e78c-52e5-9e66-60cb16a67753"
  }
},
{
  "model": "wagtailcore.referenceindex",
  "pk": 48,
  "fields": {
    "content_type": 30,
    "base_content_type": 30,
    "object_id": "5",
    "to_content_type": 32,
    "to_object_id": "5",
    "model_path": "olimpiadsoftskill.item.ss",
    "content_path": "olimpiadsoftskill.33.ss",
    "content_path_hash": "3a926d82-e5e9-5697-9d2b-745e6943fc87"
  }
},
{
  "model": "wagtailcore.referenceindex",
  "pk": 49,
  "fields": {
    "content_type": 30,
    "base_content_type": 30,
    "object_id": "5",
    "to_content_type": 32,
    "to_object_id": "6",
    "model_path": "olimpiadsoftskill.item.ss",
    "content_path": "olimpiadsoftskill.34.ss",
    "content_path_hash": "ec5ff5cd-91e8-5c2e-b353-aa5e4ebd5c0f"
  }
},
{
  "model": "wagtailcore.referenceindex",
  "pk": 50,
  "fields": {
    "content_type": 40,
    "base_content_type": 1,
    "object_id": "7",
    "to_content_type": 2,
    "to_object_id": "13",
    "model_path": "questions.item.question_text.",
    "content_path": "questions.21.question_text.",
    "content_path_hash": "3fe69cae-75f6-51d4-bcee-59df35d938bb"
  }
},
{
  "model": "wagtailcore.referenceindex",
  "pk": 51,
  "fields": {
    "content_type": 40,
    "base_content_type": 1,
    "object_id": "7",
    "to_content_type": 2,
    "to_object_id": "14",
    "model_path": "questions.item.question_text.",
    "content_path": "questions.22.question_text.",
    "content_path_hash": "131cb5d0-ef20-59ac-8c7c-b3fcbfbe6dc0"
  }
},
{
  "model": "wagtailcore.referenceindex",
  "pk": 52,
  "fields": {
    "content_type": 40,
    "base_content_type": 1,
    "object_id": "7",
    "to_content_type": 2,
    "to_object_id": "15",
    "model_path": "questions.item.question_text.",
    "content_path": "questions.23.question_text.",
    "content_path_hash": "eab8621c-e50c-52a7-a624-91605b7e358f"
  }
},
{
  "model": "wagtailcore.referenceindex",
  "pk": 53,
  "fields": {
    "content_type": 40,
    "base_content_type": 1,
    "object_id": "7",
    "to_content_type": 2,
    "to_object_id": "16",
    "model_path": "questions.item.question_text.",
    "content_path": "questions.24.question_text.",
    "content_path_hash": "1c81b084-5fe0-5592-99de-340438236c37"
  }
},
{
  "model": "wagtailcore.referenceindex",
  "pk": 54,
  "fields": {
    "content_type": 30,
    "base_content_type": 30,
    "object_id": "5",
    "to_content_type": 29,
    "to_object_id": "6",
    "model_path": "additionalolimpiadlesson.item.lesson",
    "content_path": "additionalolimpiadlesson.13.lesson",
    "content_path_hash": "a58fccea-98ec-51bd-9351-6587f5ea9af5"
  }
},
{
  "model": "wagtailcore.referenceindex",
  "pk": 55,
  "fields": {
    "content_type": 30,
    "base_content_type": 30,
    "object_id": "6",
    "to_content_type": 32,
    "to_object_id": "1",
    "model_path": "olimpiadsoftskill.item.ss",
    "content_path": "olimpiadsoftskill.36.ss",
    "content_path_hash": "9fee2b53-a3e2-5cec-bdcd-c07cd8a1dde2"
  }
},
{
  "model": "wagtailcore.referenceindex",
  "pk": 56,
  "fields": {
    "content_type": 30,
    "base_content_type": 30,
    "object_id": "6",
    "to_content_type": 32,
    "to_object_id": "2",
    "model_path": "olimpiadsoftskill.item.ss",
    "content_path": "olimpiadsoftskill.37.ss",
    "content_path_hash": "582a90ec-0c3d-52e7-80a0-0f9b319328dc"
  }
},
{
  "model": "wagtailcore.referenceindex",
  "pk": 57,
  "fields": {
    "content_type": 30,
    "base_content_type": 30,
    "object_id": "6",
    "to_content_type": 32,
    "to_object_id": "3",
    "model_path": "olimpiadsoftskill.item.ss",
    "content_path": "olimpiadsoftskill.38.ss",
    "content_path_hash": "7d005177-43a8-595c-ad11-97e7c82d94ec"
  }
},
{
  "model": "wagtailcore.referenceindex",
  "pk": 58,
  "fields": {
    "content_type": 30,
    "base_content_type": 30,
    "object_id": "6",
    "to_content_type": 32,
    "to_object_id": "4",
    "model_path": "olimpiadsoftskill.item.ss",
    "content_path": "olimpiadsoftskill.39.ss",
    "content_path_hash": "32d00a45-9935-51c2-b3df-2a4ca0418554"
  }
},
{
  "model": "wagtailcore.referenceindex",
  "pk": 59,
  "fields": {
    "content_type": 30,
    "base_content_type": 30,
    "object_id": "6",
    "to_content_type": 32,
    "to_object_id": "5",
    "model_path": "olimpiadsoftskill.item.ss",
    "content_path": "olimpiadsoftskill.40.ss",
    "content_path_hash": "874634fc-1a31-5eaf-b4c7-9d971d11eb27"
  }
},
{
  "model": "wagtailcore.referenceindex",
  "pk": 60,
  "fields": {
    "content_type": 30,
    "base_content_type": 30,
    "object_id": "6",
    "to_content_type": 32,
    "to_object_id": "6",
    "model_path": "olimpiadsoftskill.item.ss",
    "content_path": "olimpiadsoftskill.41.ss",
    "content_path_hash": "0838bf31-20f2-58a6-a6ea-c4e69d984591"
  }
},
{
  "model": "wagtailcore.referenceindex",
  "pk": 61,
  "fields": {
    "content_type": 30,
    "base_content_type": 30,
    "object_id": "6",
    "to_content_type": 32,
    "to_object_id": "7",
    "model_path": "olimpiadsoftskill.item.ss",
    "content_path": "olimpiadsoftskill.42.ss",
    "content_path_hash": "f123eed0-007f-56c5-94a0-b2bfdcdef97c"
  }
},
{
  "model": "wagtailcore.referenceindex",
  "pk": 62,
  "fields": {
    "content_type": 30,
    "base_content_type": 30,
    "object_id": "6",
    "to_content_type": 29,
    "to_object_id": "8",
    "model_path": "baseolimpiadlesson.item.lesson",
    "content_path": "baseolimpiadlesson.7.lesson",
    "content_path_hash": "c77662bb-1a36-50b7-945b-03a0c6ccbba3"
  }
},
{
  "model": "wagtailcore.referenceindex",
  "pk": 63,
  "fields": {
    "content_type": 30,
    "base_content_type": 30,
    "object_id": "6",
    "to_content_type": 29,
    "to_object_id": "1",
    "model_path": "additionalolimpiadlesson.item.lesson",
    "content_path": "additionalolimpiadlesson.14.lesson",
    "content_path_hash": "09895757-d23e-5a27-8e41-aba9b608e165"
  }
},
{
  "model": "wagtailcore.referenceindex",
  "pk": 64,
  "fields": {
    "content_type": 30,
    "base_content_type": 30,
    "object_id": "6",
    "to_content_type": 29,
    "to_object_id": "7",
    "model_path": "additionalolimpiadlesson.item.lesson",
    "content_path": "additionalolimpiadlesson.15.lesson",
    "content_path_hash": "9e69304a-7072-5faa-82b4-852f511cc877"
  }
},
{
  "model": "wagtailcore.referenceindex",
  "pk": 65,
  "fields": {
    "content_type": 30,
    "base_content_type": 30,
    "object_id": "7",
    "to_content_type": 32,
    "to_object_id": "1",
    "model_path": "olimpiadsoftskill.item.ss",
    "content_path": "olimpiadsoftskill.43.ss",
    "content_path_hash": "65b88c37-4f35-515f-bd3b-274c3b2181e9"
  }
},
{
  "model": "wagtailcore.referenceindex",
  "pk": 66,
  "fields": {
    "content_type": 30,
    "base_content_type": 30,
    "object_id": "7",
    "to_content_type": 32,
    "to_object_id": "2",
    "model_path": "olimpiadsoftskill.item.ss",
    "content_path": "olimpiadsoftskill.44.ss",
    "content_path_hash": "fb884fc3-e4d6-5e98-a586-3e442f193524"
  }
},
{
  "model": "wagtailcore.referenceindex",
  "pk": 67,
  "fields": {
    "content_type": 30,
    "base_content_type": 30,
    "object_id": "7",
    "to_content_type": 32,
    "to_object_id": "3",
    "model_path": "olimpiadsoftskill.item.ss",
    "content_path": "olimpiadsoftskill.45.ss",
    "content_path_hash": "fcb071c1-598a-5ce1-8a00-8c81e43e157d"
  }
},
{
  "model": "wagtailcore.referenceindex",
  "pk": 68,
  "fields": {
    "content_type": 30,
    "base_content_type": 30,
    "object_id": "7",
    "to_content_type": 32,
    "to_object_id": "4",
    "model_path": "olimpiadsoftskill.item.ss",
    "content_path": "olimpiadsoftskill.46.ss",
    "content_path_hash": "6191d932-4264-5dd7-afc6-f39e531b5eef"
  }
},
{
  "model": "wagtailcore.referenceindex",
  "pk": 69,
  "fields": {
    "content_type": 30,
    "base_content_type": 30,
    "object_id": "7",
    "to_content_type": 32,
    "to_object_id": "5",
    "model_path": "olimpiadsoftskill.item.ss",
    "content_path": "olimpiadsoftskill.47.ss",
    "content_path_hash": "89bd0ffc-dbf9-5447-b8d1-173694cd2dcd"
  }
},
{
  "model": "wagtailcore.referenceindex",
  "pk": 70,
  "fields": {
    "content_type": 30,
    "base_content_type": 30,
    "object_id": "7",
    "to_content_type": 32,
    "to_object_id": "6",
    "model_path": "olimpiadsoftskill.item.ss",
    "content_path": "olimpiadsoftskill.48.ss",
    "content_path_hash": "de7218cf-452e-53bc-afbd-7439b538cec0"
  }
},
{
  "model": "wagtailcore.referenceindex",
  "pk": 71,
  "fields": {
    "content_type": 30,
    "base_content_type": 30,
    "object_id": "7",
    "to_content_type": 32,
    "to_object_id": "7",
    "model_path": "olimpiadsoftskill.item.ss",
    "content_path": "olimpiadsoftskill.49.ss",
    "content_path_hash": "e94d35b5-85cc-5950-8f18-275a811f9146"
  }
},
{
  "model": "wagtailcore.referenceindex",
  "pk": 72,
  "fields": {
    "content_type": 30,
    "base_content_type": 30,
    "object_id": "7",
    "to_content_type": 29,
    "to_object_id": "8",
    "model_path": "baseolimpiadlesson.item.lesson",
    "content_path": "baseolimpiadlesson.8.lesson",
    "content_path_hash": "29746590-1a4b-5508-9d4c-1babb6a01b0c"
  }
},
{
  "model": "wagtailcore.referenceindex",
  "pk": 73,
  "fields": {
    "content_type": 30,
    "base_content_type": 30,
    "object_id": "7",
    "to_content_type": 29,
    "to_object_id": "1",
    "model_path": "additionalolimpiadlesson.item.lesson",
    "content_path": "additionalolimpiadlesson.16.lesson",
    "content_path_hash": "b04df4ad-b372-5194-9d72-81791f7ef0b0"
  }
},
{
  "model": "wagtailcore.referenceindex",
  "pk": 74,
  "fields": {
    "content_type": 30,
    "base_content_type": 30,
    "object_id": "7",
    "to_content_type": 29,
    "to_object_id": "6",
    "model_path": "additionalolimpiadlesson.item.lesson",
    "content_path": "additionalolimpiadlesson.17.lesson",
    "content_path_hash": "6265c405-b8f8-5c09-9ae1-d73eed587522"
  }
},
{
  "model": "wagtailcore.referenceindex",
  "pk": 75,
  "fields": {
    "content_type": 30,
    "base_content_type": 30,
    "object_id": "7",
    "to_content_type": 29,
    "to_object_id": "5",
    "model_path": "additionalolimpiadlesson.item.lesson",
    "content_path": "additionalolimpiadlesson.18.lesson",
    "content_path_hash": "f3e9a984-69ce-5d9d-b890-89c7e0e5c07f"
  }
},
{
  "model": "wagtailcore.referenceindex",
  "pk": 76,
  "fields": {
    "content_type": 30,
    "base_content_type": 30,
    "object_id": "8",
    "to_content_type": 32,
    "to_object_id": "1",
    "model_path": "olimpiadsoftskill.item.ss",
    "content_path": "olimpiadsoftskill.50.ss",
    "content_path_hash": "dcaf8028-ef82-56e2-b744-d06959d66ea7"
  }
},
{
  "model": "wagtailcore.referenceindex",
  "pk": 77,
  "fields": {
    "content_type": 30,
    "base_content_type": 30,
    "object_id": "8",
    "to_content_type": 32,
    "to_object_id": "2",
    "model_path": "olimpiadsoftskill.item.ss",
    "content_path": "olimpiadsoftskill.51.ss",
    "content_path_hash": "b2b7de69-5555-51e9-b62a-1f89678c0fa9"
  }
},
{
  "model": "wagtailcore.referenceindex",
  "pk": 78,
  "fields": {
    "content_type": 30,
    "base_content_type": 30,
    "object_id": "8",
    "to_content_type": 32,
    "to_object_id": "3",
    "model_path": "olimpiadsoftskill.item.ss",
    "content_path": "olimpiadsoftskill.52.ss",
    "content_path_hash": "33da4198-9f44-5174-bfa9-35b8b7d2fdbf"
  }
},
{
  "model": "wagtailcore.referenceindex",
  "pk": 79,
  "fields": {
    "content_type": 30,
    "base_content_type": 30,
    "object_id": "8",
    "to_content_type": 32,
    "to_object_id": "4",
    "model_path": "olimpiadsoftskill.item.ss",
    "content_path": "olimpiadsoftskill.53.ss",
    "content_path_hash": "c784ce34-7a7d-5412-b727-d354e5b41771"
  }
},
{
  "model": "wagtailcore.referenceindex",
  "pk": 80,
  "fields": {
    "content_type": 30,
    "base_content_type": 30,
    "object_id": "8",
    "to_content_type": 32,
    "to_object_id": "5",
    "model_path": "olimpiadsoftskill.item.ss",
    "content_path": "olimpiadsoftskill.54.ss",
    "content_path_hash": "a5a86d8d-10fc-50d2-b89c-6447228a5738"
  }
},
{
  "model": "wagtailcore.referenceindex",
  "pk": 81,
  "fields": {
    "content_type": 30,
    "base_content_type": 30,
    "object_id": "8",
    "to_content_type": 32,
    "to_object_id": "6",
    "model_path": "olimpiadsoftskill.item.ss",
    "content_path": "olimpiadsoftskill.55.ss",
    "content_path_hash": "8311610a-7bf6-5009-bca9-ee12f7879b9d"
  }
},
{
  "model": "wagtailcore.referenceindex",
  "pk": 82,
  "fields": {
    "content_type": 30,
    "base_content_type": 30,
    "object_id": "8",
    "to_content_type": 32,
    "to_object_id": "7",
    "model_path": "olimpiadsoftskill.item.ss",
    "content_path": "olimpiadsoftskill.56.ss",
    "content_path_hash": "5d997e97-a1e6-5e55-ad26-d0cb89206701"
  }
},
{
  "model": "wagtailcore.referenceindex",
  "pk": 83,
  "fields": {
    "content_type": 30,
    "base_content_type": 30,
    "object_id": "8",
    "to_content_type": 29,
    "to_object_id": "8",
    "model_path": "baseolimpiadlesson.item.lesson",
    "content_path": "baseolimpiadlesson.9.lesson",
    "content_path_hash": "f6c0a202-3033-5347-8623-4146a38831ea"
  }
},
{
  "model": "wagtailcore.referenceindex",
  "pk": 84,
  "fields": {
    "content_type": 30,
    "base_content_type": 30,
    "object_id": "8",
    "to_content_type": 29,
    "to_object_id": "1",
    "model_path": "additionalolimpiadlesson.item.lesson",
    "content_path": "additionalolimpiadlesson.19.lesson",
    "content_path_hash": "3b24ce40-2389-5e77-b586-17114ba09d54"
  }
},
{
  "model": "wagtailcore.referenceindex",
  "pk": 85,
  "fields": {
    "content_type": 30,
    "base_content_type": 30,
    "object_id": "8",
    "to_content_type": 29,
    "to_object_id": "6",
    "model_path": "additionalolimpiadlesson.item.lesson",
    "content_path": "additionalolimpiadlesson.20.lesson",
    "content_path_hash": "5657929d-f28a-5893-b80e-4451782595aa"
  }
},
{
  "model": "wagtailcore.referenceindex",
  "pk": 86,
  "fields": {
    "content_type": 30,
    "base_content_type": 30,
    "object_id": "8",
    "to_content_type": 29,
    "to_object_id": "7",
    "model_path": "additionalolimpiadlesson.item.lesson",
    "content_path": "additionalolimpiadlesson.21.lesson",
    "content_path_hash": "d7a07fe8-207d-53f6-ba3c-38d43476d9fc"
  }
},
{
  "model": "wagtailcore.referenceindex",
  "pk": 87,
  "fields": {
    "content_type": 30,
    "base_content_type": 30,
    "object_id": "9",
    "to_content_type": 32,
    "to_object_id": "1",
    "model_path": "olimpiadsoftskill.item.ss",
    "content_path": "olimpiadsoftskill.57.ss",
    "content_path_hash": "56eb8f6f-988b-5593-a018-836338a5a5be"
  }
},
{
  "model": "wagtailcore.referenceindex",
  "pk": 88,
  "fields": {
    "content_type": 30,
    "base_content_type": 30,
    "object_id": "9",
    "to_content_type": 32,
    "to_object_id": "2",
    "model_path": "olimpiadsoftskill.item.ss",
    "content_path": "olimpiadsoftskill.58.ss",
    "content_path_hash": "409cd845-89f4-5c8c-af30-59521b55bc92"
  }
},
{
  "model": "wagtailcore.referenceindex",
  "pk": 89,
  "fields": {
    "content_type": 30,
    "base_content_type": 30,
    "object_id": "9",
    "to_content_type": 32,
    "to_object_id": "3",
    "model_path": "olimpiadsoftskill.item.ss",
    "content_path": "olimpiadsoftskill.59.ss",
    "content_path_hash": "20d18301-8c73-507d-8806-83bb68f731fe"
  }
},
{
  "model": "wagtailcore.referenceindex",
  "pk": 90,
  "fields": {
    "content_type": 30,
    "base_content_type": 30,
    "object_id": "9",
    "to_content_type": 32,
    "to_object_id": "4",
    "model_path": "olimpiadsoftskill.item.ss",
    "content_path": "olimpiadsoftskill.60.ss",
    "content_path_hash": "2d413805-27a7-572b-bf3f-fc685f6e4a7f"
  }
},
{
  "model": "wagtailcore.referenceindex",
  "pk": 91,
  "fields": {
    "content_type": 30,
    "base_content_type": 30,
    "object_id": "9",
    "to_content_type": 32,
    "to_object_id": "5",
    "model_path": "olimpiadsoftskill.item.ss",
    "content_path": "olimpiadsoftskill.61.ss",
    "content_path_hash": "521a5b35-5fbc-5aac-bbea-d6fcfeba884a"
  }
},
{
  "model": "wagtailcore.referenceindex",
  "pk": 92,
  "fields": {
    "content_type": 30,
    "base_content_type": 30,
    "object_id": "9",
    "to_content_type": 32,
    "to_object_id": "6",
    "model_path": "olimpiadsoftskill.item.ss",
    "content_path": "olimpiadsoftskill.62.ss",
    "content_path_hash": "aadeb5e9-0da5-5eb3-8736-621f8abbe42b"
  }
},
{
  "model": "wagtailcore.referenceindex",
  "pk": 93,
  "fields": {
    "content_type": 30,
    "base_content_type": 30,
    "object_id": "9",
    "to_content_type": 32,
    "to_object_id": "7",
    "model_path": "olimpiadsoftskill.item.ss",
    "content_path": "olimpiadsoftskill.63.ss",
    "content_path_hash": "db6e1ec8-0dbb-5990-a3c7-a15faca49a55"
  }
},
{
  "model": "wagtailcore.referenceindex",
  "pk": 94,
  "fields": {
    "content_type": 30,
    "base_content_type": 30,
    "object_id": "9",
    "to_content_type": 29,
    "to_object_id": "8",
    "model_path": "baseolimpiadlesson.item.lesson",
    "content_path": "baseolimpiadlesson.10.lesson",
    "content_path_hash": "a5a98a3f-12c8-535c-b13f-f8b688b973eb"
  }
},
{
  "model": "wagtailcore.referenceindex",
  "pk": 95,
  "fields": {
    "content_type": 30,
    "base_content_type": 30,
    "object_id": "9",
    "to_content_type": 29,
    "to_object_id": "1",
    "model_path": "additionalolimpiadlesson.item.lesson",
    "content_path": "additionalolimpiadlesson.22.lesson",
    "content_path_hash": "1dd677e5-83e3-5e41-8261-35889be10daf"
  }
},
{
  "model": "wagtailcore.referenceindex",
  "pk": 96,
  "fields": {
    "content_type": 30,
    "base_content_type": 30,
    "object_id": "10",
    "to_content_type": 32,
    "to_object_id": "1",
    "model_path": "olimpiadsoftskill.item.ss",
    "content_path": "olimpiadsoftskill.64.ss",
    "content_path_hash": "3566312c-9d85-57ce-b5a6-2a70d2370a87"
  }
},
{
  "model": "wagtailcore.referenceindex",
  "pk": 97,
  "fields": {
    "content_type": 30,
    "base_content_type": 30,
    "object_id": "10",
    "to_content_type": 32,
    "to_object_id": "2",
    "model_path": "olimpiadsoftskill.item.ss",
    "content_path": "olimpiadsoftskill.65.ss",
    "content_path_hash": "f1cd7914-fb45-5ae2-b2a9-94787fa16523"
  }
},
{
  "model": "wagtailcore.referenceindex",
  "pk": 98,
  "fields": {
    "content_type": 30,
    "base_content_type": 30,
    "object_id": "10",
    "to_content_type": 32,
    "to_object_id": "3",
    "model_path": "olimpiadsoftskill.item.ss",
    "content_path": "olimpiadsoftskill.66.ss",
    "content_path_hash": "1b6f48d9-92e4-5d65-a599-7b782ffd6fa2"
  }
},
{
  "model": "wagtailcore.referenceindex",
  "pk": 99,
  "fields": {
    "content_type": 30,
    "base_content_type": 30,
    "object_id": "10",
    "to_content_type": 32,
    "to_object_id": "4",
    "model_path": "olimpiadsoftskill.item.ss",
    "content_path": "olimpiadsoftskill.67.ss",
    "content_path_hash": "dc72b9c8-3deb-5c2b-889e-0e2062d748e5"
  }
},
{
  "model": "wagtailcore.referenceindex",
  "pk": 100,
  "fields": {
    "content_type": 30,
    "base_content_type": 30,
    "object_id": "10",
    "to_content_type": 32,
    "to_object_id": "5",
    "model_path": "olimpiadsoftskill.item.ss",
    "content_path": "olimpiadsoftskill.68.ss",
    "content_path_hash": "3ef976da-d7ea-5441-9bf8-6b7b689177ac"
  }
},
{
  "model": "wagtailcore.referenceindex",
  "pk": 101,
  "fields": {
    "content_type": 30,
    "base_content_type": 30,
    "object_id": "10",
    "to_content_type": 32,
    "to_object_id": "6",
    "model_path": "olimpiadsoftskill.item.ss",
    "content_path": "olimpiadsoftskill.69.ss",
    "content_path_hash": "b5386c02-57a8-5a89-8209-59cabd8af5a3"
  }
},
{
  "model": "wagtailcore.referenceindex",
  "pk": 102,
  "fields": {
    "content_type": 30,
    "base_content_type": 30,
    "object_id": "10",
    "to_content_type": 32,
    "to_object_id": "7",
    "model_path": "olimpiadsoftskill.item.ss",
    "content_path": "olimpiadsoftskill.70.ss",
    "content_path_hash": "0a47daa0-afd3-5aee-9730-5a9ca6f5f502"
  }
},
{
  "model": "wagtailcore.referenceindex",
  "pk": 103,
  "fields": {
    "content_type": 30,
    "base_content_type": 30,
    "object_id": "10",
    "to_content_type": 29,
    "to_object_id": "11",
    "model_path": "baseolimpiadlesson.item.lesson",
    "content_path": "baseolimpiadlesson.11.lesson",
    "content_path_hash": "c97b0842-fff4-5d1e-bec7-a0331c9f17e3"
  }
},
{
  "model": "wagtailcore.referenceindex",
  "pk": 104,
  "fields": {
    "content_type": 30,
    "base_content_type": 30,
    "object_id": "10",
    "to_content_type": 29,
    "to_object_id": "10",
    "model_path": "additionalolimpiadlesson.item.lesson",
    "content_path": "additionalolimpiadlesson.23.lesson",
    "content_path_hash": "3ca660f9-824a-5495-b5c4-69f74ca29848"
  }
},
{
  "model": "wagtailcore.referenceindex",
  "pk": 105,
  "fields": {
    "content_type": 30,
    "base_content_type": 30,
    "object_id": "11",
    "to_content_type": 32,
    "to_object_id": "1",
    "model_path": "olimpiadsoftskill.item.ss",
    "content_path": "olimpiadsoftskill.71.ss",
    "content_path_hash": "5c9dfc59-94ff-53cd-b154-bd5629fd4209"
  }
},
{
  "model": "wagtailcore.referenceindex",
  "pk": 106,
  "fields": {
    "content_type": 30,
    "base_content_type": 30,
    "object_id": "11",
    "to_content_type": 32,
    "to_object_id": "2",
    "model_path": "olimpiadsoftskill.item.ss",
    "content_path": "olimpiadsoftskill.72.ss",
    "content_path_hash": "4058dede-dcb8-5cd0-a35c-cb0ffd50bde7"
  }
},
{
  "model": "wagtailcore.referenceindex",
  "pk": 107,
  "fields": {
    "content_type": 30,
    "base_content_type": 30,
    "object_id": "11",
    "to_content_type": 32,
    "to_object_id": "3",
    "model_path": "olimpiadsoftskill.item.ss",
    "content_path": "olimpiadsoftskill.73.ss",
    "content_path_hash": "d280734d-d6aa-5423-bda1-35d969becf1b"
  }
},
{
  "model": "wagtailcore.referenceindex",
  "pk": 108,
  "fields": {
    "content_type": 30,
    "base_content_type": 30,
    "object_id": "11",
    "to_content_type": 32,
    "to_object_id": "4",
    "model_path": "olimpiadsoftskill.item.ss",
    "content_path": "olimpiadsoftskill.74.ss",
    "content_path_hash": "ed2646f6-07ff-5717-bbee-d76e4895352a"
  }
},
{
  "model": "wagtailcore.referenceindex",
  "pk": 109,
  "fields": {
    "content_type": 30,
    "base_content_type": 30,
    "object_id": "11",
    "to_content_type": 32,
    "to_object_id": "5",
    "model_path": "olimpiadsoftskill.item.ss",
    "content_path": "olimpiadsoftskill.75.ss",
    "content_path_hash": "9141b4df-760e-5dfc-9ba8-d60a2cf10f4a"
  }
},
{
  "model": "wagtailcore.referenceindex",
  "pk": 110,
  "fields": {
    "content_type": 30,
    "base_content_type": 30,
    "object_id": "11",
    "to_content_type": 32,
    "to_object_id": "6",
    "model_path": "olimpiadsoftskill.item.ss",
    "content_path": "olimpiadsoftskill.76.ss",
    "content_path_hash": "56539a04-3095-5830-8fd2-5d0453d68a45"
  }
},
{
  "model": "wagtailcore.referenceindex",
  "pk": 111,
  "fields": {
    "content_type": 30,
    "base_content_type": 30,
    "object_id": "11",
    "to_content_type": 32,
    "to_object_id": "7",
    "model_path": "olimpiadsoftskill.item.ss",
    "content_path": "olimpiadsoftskill.77.ss",
    "content_path_hash": "48056629-7269-5b53-a134-6d487c3fa2ca"
  }
},
{
  "model": "wagtailcore.referenceindex",
  "pk": 112,
  "fields": {
    "content_type": 30,
    "base_content_type": 30,
    "object_id": "11",
    "to_content_type": 29,
    "to_object_id": "11",
    "model_path": "baseolimpiadlesson.item.lesson",
    "content_path": "baseolimpiadlesson.12.lesson",
    "content_path_hash": "00027075-93a6-5902-84af-ae6d5f08a6d3"
  }
},
{
  "model": "wagtailcore.referenceindex",
  "pk": 113,
  "fields": {
    "content_type": 30,
    "base_content_type": 30,
    "object_id": "11",
    "to_content_type": 29,
    "to_object_id": "10",
    "model_path": "additionalolimpiadlesson.item.lesson",
    "content_path": "additionalolimpiadlesson.24.lesson",
    "content_path_hash": "e79efd8f-01d0-57df-84e6-5935637d4bc8"
  }
},
{
  "model": "wagtailcore.referenceindex",
  "pk": 114,
  "fields": {
    "content_type": 30,
    "base_content_type": 30,
    "object_id": "11",
    "to_content_type": 29,
    "to_object_id": "13",
    "model_path": "additionalolimpiadlesson.item.lesson",
    "content_path": "additionalolimpiadlesson.25.lesson",
    "content_path_hash": "58f0b9fb-6a85-518e-93fe-0444d428fb5d"
  }
},
{
  "model": "wagtailcore.referenceindex",
  "pk": 115,
  "fields": {
    "content_type": 30,
    "base_content_type": 30,
    "object_id": "12",
    "to_content_type": 32,
    "to_object_id": "1",
    "model_path": "olimpiadsoftskill.item.ss",
    "content_path": "olimpiadsoftskill.78.ss",
    "content_path_hash": "d9ff900c-37f3-5307-a96c-8fe719deb3e1"
  }
},
{
  "model": "wagtailcore.referenceindex",
  "pk": 116,
  "fields": {
    "content_type": 30,
    "base_content_type": 30,
    "object_id": "12",
    "to_content_type": 32,
    "to_object_id": "2",
    "model_path": "olimpiadsoftskill.item.ss",
    "content_path": "olimpiadsoftskill.79.ss",
    "content_path_hash": "607682fa-6cf3-53f7-b45c-bbfcc63032df"
  }
},
{
  "model": "wagtailcore.referenceindex",
  "pk": 117,
  "fields": {
    "content_type": 30,
    "base_content_type": 30,
    "object_id": "12",
    "to_content_type": 32,
    "to_object_id": "3",
    "model_path": "olimpiadsoftskill.item.ss",
    "content_path": "olimpiadsoftskill.80.ss",
    "content_path_hash": "976743a8-9175-5d05-ac75-e5220afafab9"
  }
},
{
  "model": "wagtailcore.referenceindex",
  "pk": 118,
  "fields": {
    "content_type": 30,
    "base_content_type": 30,
    "object_id": "12",
    "to_content_type": 32,
    "to_object_id": "4",
    "model_path": "olimpiadsoftskill.item.ss",
    "content_path": "olimpiadsoftskill.81.ss",
    "content_path_hash": "f716ea9e-1cbe-583e-91f3-8a88f966654d"
  }
},
{
  "model": "wagtailcore.referenceindex",
  "pk": 119,
  "fields": {
    "content_type": 30,
    "base_content_type": 30,
    "object_id": "12",
    "to_content_type": 32,
    "to_object_id": "5",
    "model_path": "olimpiadsoftskill.item.ss",
    "content_path": "olimpiadsoftskill.82.ss",
    "content_path_hash": "5f3f5f7e-fac2-59bf-b9a4-d692e5e19c5d"
  }
},
{
  "model": "wagtailcore.referenceindex",
  "pk": 120,
  "fields": {
    "content_type": 30,
    "base_content_type": 30,
    "object_id": "12",
    "to_content_type": 32,
    "to_object_id": "6",
    "model_path": "olimpiadsoftskill.item.ss",
    "content_path": "olimpiadsoftskill.83.ss",
    "content_path_hash": "4cafaa72-f768-51f2-b1ee-24efcde05c35"
  }
},
{
  "model": "wagtailcore.referenceindex",
  "pk": 121,
  "fields": {
    "content_type": 30,
    "base_content_type": 30,
    "object_id": "12",
    "to_content_type": 32,
    "to_object_id": "7",
    "model_path": "olimpiadsoftskill.item.ss",
    "content_path": "olimpiadsoftskill.84.ss",
    "content_path_hash": "f42e9bdc-301a-5b00-ad11-be8e569dfa88"
  }
},
{
  "model": "wagtailcore.referenceindex",
  "pk": 122,
  "fields": {
    "content_type": 30,
    "base_content_type": 30,
    "object_id": "12",
    "to_content_type": 29,
    "to_object_id": "11",
    "model_path": "baseolimpiadlesson.item.lesson",
    "content_path": "baseolimpiadlesson.13.lesson",
    "content_path_hash": "b002cc5b-aeb5-5c4f-bb35-0f2b4078e9f0"
  }
},
{
  "model": "wagtailcore.referenceindex",
  "pk": 123,
  "fields": {
    "content_type": 30,
    "base_content_type": 30,
    "object_id": "12",
    "to_content_type": 29,
    "to_object_id": "10",
    "model_path": "additionalolimpiadlesson.item.lesson",
    "content_path": "additionalolimpiadlesson.26.lesson",
    "content_path_hash": "a1428dca-1730-547e-96bc-5dc09ce26ad9"
  }
},
{
  "model": "wagtailcore.referenceindex",
  "pk": 124,
  "fields": {
    "content_type": 30,
    "base_content_type": 30,
    "object_id": "13",
    "to_content_type": 32,
    "to_object_id": "1",
    "model_path": "olimpiadsoftskill.item.ss",
    "content_path": "olimpiadsoftskill.85.ss",
    "content_path_hash": "a3625a96-0e70-5174-9373-9f22e26f887e"
  }
},
{
  "model": "wagtailcore.referenceindex",
  "pk": 125,
  "fields": {
    "content_type": 30,
    "base_content_type": 30,
    "object_id": "13",
    "to_content_type": 32,
    "to_object_id": "2",
    "model_path": "olimpiadsoftskill.item.ss",
    "content_path": "olimpiadsoftskill.86.ss",
    "content_path_hash": "d8e205c1-2798-5330-8344-39dfda6baef3"
  }
},
{
  "model": "wagtailcore.referenceindex",
  "pk": 126,
  "fields": {
    "content_type": 30,
    "base_content_type": 30,
    "object_id": "13",
    "to_content_type": 32,
    "to_object_id": "3",
    "model_path": "olimpiadsoftskill.item.ss",
    "content_path": "olimpiadsoftskill.87.ss",
    "content_path_hash": "8e765b2a-40f8-5bc4-8456-b80c6621e845"
  }
},
{
  "model": "wagtailcore.referenceindex",
  "pk": 127,
  "fields": {
    "content_type": 30,
    "base_content_type": 30,
    "object_id": "13",
    "to_content_type": 32,
    "to_object_id": "4",
    "model_path": "olimpiadsoftskill.item.ss",
    "content_path": "olimpiadsoftskill.88.ss",
    "content_path_hash": "a40e0267-746b-52a6-b36c-ead4a7e7cb61"
  }
},
{
  "model": "wagtailcore.referenceindex",
  "pk": 128,
  "fields": {
    "content_type": 30,
    "base_content_type": 30,
    "object_id": "13",
    "to_content_type": 32,
    "to_object_id": "5",
    "model_path": "olimpiadsoftskill.item.ss",
    "content_path": "olimpiadsoftskill.89.ss",
    "content_path_hash": "89af9722-4436-59f4-8587-17a7f790e384"
  }
},
{
  "model": "wagtailcore.referenceindex",
  "pk": 129,
  "fields": {
    "content_type": 30,
    "base_content_type": 30,
    "object_id": "13",
    "to_content_type": 32,
    "to_object_id": "6",
    "model_path": "olimpiadsoftskill.item.ss",
    "content_path": "olimpiadsoftskill.90.ss",
    "content_path_hash": "d36e339e-7f3a-569a-9dc0-194821ca58ca"
  }
},
{
  "model": "wagtailcore.referenceindex",
  "pk": 130,
  "fields": {
    "content_type": 30,
    "base_content_type": 30,
    "object_id": "13",
    "to_content_type": 32,
    "to_object_id": "7",
    "model_path": "olimpiadsoftskill.item.ss",
    "content_path": "olimpiadsoftskill.91.ss",
    "content_path_hash": "cb3a0edd-29bb-5f77-baa7-ea0e95286856"
  }
},
{
  "model": "wagtailcore.referenceindex",
  "pk": 131,
  "fields": {
    "content_type": 30,
    "base_content_type": 30,
    "object_id": "13",
    "to_content_type": 29,
    "to_object_id": "11",
    "model_path": "baseolimpiadlesson.item.lesson",
    "content_path": "baseolimpiadlesson.14.lesson",
    "content_path_hash": "27923221-0274-5f0a-9860-0c0426c6b321"
  }
},
{
  "model": "wagtailcore.referenceindex",
  "pk": 132,
  "fields": {
    "content_type": 30,
    "base_content_type": 30,
    "object_id": "13",
    "to_content_type": 29,
    "to_object_id": "10",
    "model_path": "additionalolimpiadlesson.item.lesson",
    "content_path": "additionalolimpiadlesson.27.lesson",
    "content_path_hash": "a86609bd-a7ad-54ab-9cce-b864474f11d0"
  }
},
{
  "model": "wagtailcore.referenceindex",
  "pk": 133,
  "fields": {
    "content_type": 30,
    "base_content_type": 30,
    "object_id": "13",
    "to_content_type": 29,
    "to_object_id": "13",
    "model_path": "additionalolimpiadlesson.item.lesson",
    "content_path": "additionalolimpiadlesson.28.lesson",
    "content_path_hash": "625df5d4-12d3-53a1-b67a-1838fc1091dd"
  }
},
{
  "model": "wagtailcore.referenceindex",
  "pk": 134,
  "fields": {
    "content_type": 30,
    "base_content_type": 30,
    "object_id": "14",
    "to_content_type": 32,
    "to_object_id": "1",
    "model_path": "olimpiadsoftskill.item.ss",
    "content_path": "olimpiadsoftskill.92.ss",
    "content_path_hash": "9bd65403-4601-5845-ab18-a1cf1fd62790"
  }
},
{
  "model": "wagtailcore.referenceindex",
  "pk": 135,
  "fields": {
    "content_type": 30,
    "base_content_type": 30,
    "object_id": "14",
    "to_content_type": 32,
    "to_object_id": "2",
    "model_path": "olimpiadsoftskill.item.ss",
    "content_path": "olimpiadsoftskill.93.ss",
    "content_path_hash": "ea17174c-9ae4-5143-b85c-ae534304887d"
  }
},
{
  "model": "wagtailcore.referenceindex",
  "pk": 136,
  "fields": {
    "content_type": 30,
    "base_content_type": 30,
    "object_id": "14",
    "to_content_type": 32,
    "to_object_id": "3",
    "model_path": "olimpiadsoftskill.item.ss",
    "content_path": "olimpiadsoftskill.94.ss",
    "content_path_hash": "8a913e5d-9288-5ef6-8f96-31e9b5df1b06"
  }
},
{
  "model": "wagtailcore.referenceindex",
  "pk": 137,
  "fields": {
    "content_type": 30,
    "base_content_type": 30,
    "object_id": "14",
    "to_content_type": 32,
    "to_object_id": "4",
    "model_path": "olimpiadsoftskill.item.ss",
    "content_path": "olimpiadsoftskill.95.ss",
    "content_path_hash": "b355dbeb-ad13-5d60-8598-ea627b8c2fb4"
  }
},
{
  "model": "wagtailcore.referenceindex",
  "pk": 138,
  "fields": {
    "content_type": 30,
    "base_content_type": 30,
    "object_id": "14",
    "to_content_type": 32,
    "to_object_id": "5",
    "model_path": "olimpiadsoftskill.item.ss",
    "content_path": "olimpiadsoftskill.96.ss",
    "content_path_hash": "f50cd26f-0ce2-5faa-b45a-bc924a8684e1"
  }
},
{
  "model": "wagtailcore.referenceindex",
  "pk": 139,
  "fields": {
    "content_type": 30,
    "base_content_type": 30,
    "object_id": "14",
    "to_content_type": 32,
    "to_object_id": "6",
    "model_path": "olimpiadsoftskill.item.ss",
    "content_path": "olimpiadsoftskill.97.ss",
    "content_path_hash": "2d33979d-b244-5cf3-8279-3757f26a58a1"
  }
},
{
  "model": "wagtailcore.referenceindex",
  "pk": 140,
  "fields": {
    "content_type": 30,
    "base_content_type": 30,
    "object_id": "14",
    "to_content_type": 32,
    "to_object_id": "7",
    "model_path": "olimpiadsoftskill.item.ss",
    "content_path": "olimpiadsoftskill.98.ss",
    "content_path_hash": "d40e233c-3779-5b9f-a479-07f61efa1431"
  }
},
{
  "model": "wagtailcore.referenceindex",
  "pk": 141,
  "fields": {
    "content_type": 30,
    "base_content_type": 30,
    "object_id": "14",
    "to_content_type": 29,
    "to_object_id": "8",
    "model_path": "baseolimpiadlesson.item.lesson",
    "content_path": "baseolimpiadlesson.15.lesson",
    "content_path_hash": "b7ad8cfd-e02c-5575-bed3-d29a6b527de7"
  }
},
{
  "model": "wagtailcore.referenceindex",
  "pk": 142,
  "fields": {
    "content_type": 30,
    "base_content_type": 30,
    "object_id": "14",
    "to_content_type": 29,
    "to_object_id": "1",
    "model_path": "additionalolimpiadlesson.item.lesson",
    "content_path": "additionalolimpiadlesson.29.lesson",
    "content_path_hash": "aba4aec0-3ff7-52c4-b161-e6edab79c963"
  }
},
{
  "model": "wagtailcore.referenceindex",
  "pk": 143,
  "fields": {
    "content_type": 30,
    "base_content_type": 30,
    "object_id": "14",
    "to_content_type": 29,
    "to_object_id": "6",
    "model_path": "additionalolimpiadlesson.item.lesson",
    "content_path": "additionalolimpiadlesson.30.lesson",
    "content_path_hash": "8208b9c0-38ca-539b-a4ab-a37268d9248d"
  }
},
{
  "model": "wagtailcore.referenceindex",
  "pk": 144,
  "fields": {
    "content_type": 30,
    "base_content_type": 30,
    "object_id": "15",
    "to_content_type": 32,
    "to_object_id": "1",
    "model_path": "olimpiadsoftskill.item.ss",
    "content_path": "olimpiadsoftskill.99.ss",
    "content_path_hash": "4b8e7f1e-6b10-5ced-adf3-6eedcc2ee649"
  }
},
{
  "model": "wagtailcore.referenceindex",
  "pk": 145,
  "fields": {
    "content_type": 30,
    "base_content_type": 30,
    "object_id": "15",
    "to_content_type": 32,
    "to_object_id": "2",
    "model_path": "olimpiadsoftskill.item.ss",
    "content_path": "olimpiadsoftskill.100.ss",
    "content_path_hash": "40c0c9f5-976b-5352-b68e-89cba8a08bdb"
  }
},
{
  "model": "wagtailcore.referenceindex",
  "pk": 146,
  "fields": {
    "content_type": 30,
    "base_content_type": 30,
    "object_id": "15",
    "to_content_type": 32,
    "to_object_id": "3",
    "model_path": "olimpiadsoftskill.item.ss",
    "content_path": "olimpiadsoftskill.101.ss",
    "content_path_hash": "07926261-50f7-5713-94cb-58648e6bca89"
  }
},
{
  "model": "wagtailcore.referenceindex",
  "pk": 147,
  "fields": {
    "content_type": 30,
    "base_content_type": 30,
    "object_id": "15",
    "to_content_type": 32,
    "to_object_id": "4",
    "model_path": "olimpiadsoftskill.item.ss",
    "content_path": "olimpiadsoftskill.102.ss",
    "content_path_hash": "97d71ccf-c8cd-5113-84b7-974949be9279"
  }
},
{
  "model": "wagtailcore.referenceindex",
  "pk": 148,
  "fields": {
    "content_type": 30,
    "base_content_type": 30,
    "object_id": "15",
    "to_content_type": 32,
    "to_object_id": "5",
    "model_path": "olimpiadsoftskill.item.ss",
    "content_path": "olimpiadsoftskill.103.ss",
    "content_path_hash": "b54406cd-0401-5960-a10c-a543a148e753"
  }
},
{
  "model": "wagtailcore.referenceindex",
  "pk": 149,
  "fields": {
    "content_type": 30,
    "base_content_type": 30,
    "object_id": "15",
    "to_content_type": 32,
    "to_object_id": "6",
    "model_path": "olimpiadsoftskill.item.ss",
    "content_path": "olimpiadsoftskill.104.ss",
    "content_path_hash": "3fa69998-da1a-58ec-9301-122b722e96f1"
  }
},
{
  "model": "wagtailcore.referenceindex",
  "pk": 150,
  "fields": {
    "content_type": 30,
    "base_content_type": 30,
    "object_id": "15",
    "to_content_type": 32,
    "to_object_id": "7",
    "model_path": "olimpiadsoftskill.item.ss",
    "content_path": "olimpiadsoftskill.105.ss",
    "content_path_hash": "33bd8d5a-b3a7-5350-8395-0ed2a1a17699"
  }
},
{
  "model": "wagtailcore.referenceindex",
  "pk": 151,
  "fields": {
    "content_type": 30,
    "base_content_type": 30,
    "object_id": "15",
    "to_content_type": 29,
    "to_object_id": "8",
    "model_path": "baseolimpiadlesson.item.lesson",
    "content_path": "baseolimpiadlesson.16.lesson",
    "content_path_hash": "64b74a66-e417-585a-b6da-9d5dc00f8ee0"
  }
},
{
  "model": "wagtailcore.referenceindex",
  "pk": 152,
  "fields": {
    "content_type": 30,
    "base_content_type": 30,
    "object_id": "15",
    "to_content_type": 29,
    "to_object_id": "1",
    "model_path": "additionalolimpiadlesson.item.lesson",
    "content_path": "additionalolimpiadlesson.31.lesson",
    "content_path_hash": "a6322bd1-9cdb-554a-b6cc-22f134c6f239"
  }
},
{
  "model": "wagtailcore.referenceindex",
  "pk": 153,
  "fields": {
    "content_type": 30,
    "base_content_type": 30,
    "object_id": "15",
    "to_content_type": 29,
    "to_object_id": "7",
    "model_path": "additionalolimpiadlesson.item.lesson",
    "content_path": "additionalolimpiadlesson.32.lesson",
    "content_path_hash": "34dc8520-b891-5310-bac4-421fb9484c0d"
  }
},
{
  "model": "wagtailcore.referenceindex",
  "pk": 154,
  "fields": {
    "content_type": 30,
    "base_content_type": 30,
    "object_id": "16",
    "to_content_type": 32,
    "to_object_id": "1",
    "model_path": "olimpiadsoftskill.item.ss",
    "content_path": "olimpiadsoftskill.106.ss",
    "content_path_hash": "87c0d5a5-e461-5dc3-839f-7dba29fcd24f"
  }
},
{
  "model": "wagtailcore.referenceindex",
  "pk": 155,
  "fields": {
    "content_type": 30,
    "base_content_type": 30,
    "object_id": "16",
    "to_content_type": 32,
    "to_object_id": "2",
    "model_path": "olimpiadsoftskill.item.ss",
    "content_path": "olimpiadsoftskill.107.ss",
    "content_path_hash": "5d180a83-88ce-527d-8955-66c12c9a4702"
  }
},
{
  "model": "wagtailcore.referenceindex",
  "pk": 156,
  "fields": {
    "content_type": 30,
    "base_content_type": 30,
    "object_id": "16",
    "to_content_type": 32,
    "to_object_id": "3",
    "model_path": "olimpiadsoftskill.item.ss",
    "content_path": "olimpiadsoftskill.108.ss",
    "content_path_hash": "bb04f289-326b-5c60-888e-08c1250838ce"
  }
},
{
  "model": "wagtailcore.referenceindex",
  "pk": 157,
  "fields": {
    "content_type": 30,
    "base_content_type": 30,
    "object_id": "16",
    "to_content_type": 32,
    "to_object_id": "4",
    "model_path": "olimpiadsoftskill.item.ss",
    "content_path": "olimpiadsoftskill.109.ss",
    "content_path_hash": "df7f555d-0e3a-59d8-8c7f-13bcb1b59bc9"
  }
},
{
  "model": "wagtailcore.referenceindex",
  "pk": 158,
  "fields": {
    "content_type": 30,
    "base_content_type": 30,
    "object_id": "16",
    "to_content_type": 32,
    "to_object_id": "5",
    "model_path": "olimpiadsoftskill.item.ss",
    "content_path": "olimpiadsoftskill.110.ss",
    "content_path_hash": "3cf79a91-13b3-5c86-be84-e5068df3d45f"
  }
},
{
  "model": "wagtailcore.referenceindex",
  "pk": 159,
  "fields": {
    "content_type": 30,
    "base_content_type": 30,
    "object_id": "16",
    "to_content_type": 32,
    "to_object_id": "6",
    "model_path": "olimpiadsoftskill.item.ss",
    "content_path": "olimpiadsoftskill.111.ss",
    "content_path_hash": "30d10fa3-7a61-5d85-87cb-b4b412ccae05"
  }
},
{
  "model": "wagtailcore.referenceindex",
  "pk": 160,
  "fields": {
    "content_type": 30,
    "base_content_type": 30,
    "object_id": "16",
    "to_content_type": 32,
    "to_object_id": "7",
    "model_path": "olimpiadsoftskill.item.ss",
    "content_path": "olimpiadsoftskill.112.ss",
    "content_path_hash": "daf5218f-ff09-5029-9076-0d3f70c32479"
  }
},
{
  "model": "wagtailcore.referenceindex",
  "pk": 161,
  "fields": {
    "content_type": 30,
    "base_content_type": 30,
    "object_id": "16",
    "to_content_type": 29,
    "to_object_id": "8",
    "model_path": "baseolimpiadlesson.item.lesson",
    "content_path": "baseolimpiadlesson.17.lesson",
    "content_path_hash": "1080ecad-3917-5cfd-8c33-14cb52a71754"
  }
},
{
  "model": "wagtailcore.referenceindex",
  "pk": 162,
  "fields": {
    "content_type": 30,
    "base_content_type": 30,
    "object_id": "16",
    "to_content_type": 29,
    "to_object_id": "2",
    "model_path": "additionalolimpiadlesson.item.lesson",
    "content_path": "additionalolimpiadlesson.33.lesson",
    "content_path_hash": "aa0350c9-c6fc-5fb0-bf53-8e739a5a9c58"
  }
},
{
  "model": "wagtailcore.referenceindex",
  "pk": 163,
  "fields": {
    "content_type": 30,
    "base_content_type": 30,
    "object_id": "16",
    "to_content_type": 29,
    "to_object_id": "7",
    "model_path": "additionalolimpiadlesson.item.lesson",
    "content_path": "additionalolimpiadlesson.34.lesson",
    "content_path_hash": "a7ba8372-cb86-541f-bd16-5dad1a5a8321"
  }
},
{
  "model": "wagtailcore.referenceindex",
  "pk": 164,
  "fields": {
    "content_type": 30,
    "base_content_type": 30,
    "object_id": "16",
    "to_content_type": 29,
    "to_object_id": "6",
    "model_path": "additionalolimpiadlesson.item.lesson",
    "content_path": "additionalolimpiadlesson.35.lesson",
    "content_path_hash": "47231aef-3176-5d6e-be2d-c7acd8b3ad20"
  }
},
{
  "model": "wagtailcore.referenceindex",
  "pk": 165,
  "fields": {
    "content_type": 30,
    "base_content_type": 30,
    "object_id": "17",
    "to_content_type": 32,
    "to_object_id": "1",
    "model_path": "olimpiadsoftskill.item.ss",
    "content_path": "olimpiadsoftskill.113.ss",
    "content_path_hash": "4c65c010-ae99-52a9-831f-0c17fc9f1814"
  }
},
{
  "model": "wagtailcore.referenceindex",
  "pk": 166,
  "fields": {
    "content_type": 30,
    "base_content_type": 30,
    "object_id": "17",
    "to_content_type": 32,
    "to_object_id": "2",
    "model_path": "olimpiadsoftskill.item.ss",
    "content_path": "olimpiadsoftskill.114.ss",
    "content_path_hash": "b1127055-aad1-5e9c-ae5b-9e68fc2c8ff7"
  }
},
{
  "model": "wagtailcore.referenceindex",
  "pk": 167,
  "fields": {
    "content_type": 30,
    "base_content_type": 30,
    "object_id": "17",
    "to_content_type": 32,
    "to_object_id": "3",
    "model_path": "olimpiadsoftskill.item.ss",
    "content_path": "olimpiadsoftskill.115.ss",
    "content_path_hash": "44ca6c75-7051-53a5-aae3-1c8439e4148d"
  }
},
{
  "model": "wagtailcore.referenceindex",
  "pk": 168,
  "fields": {
    "content_type": 30,
    "base_content_type": 30,
    "object_id": "17",
    "to_content_type": 32,
    "to_object_id": "4",
    "model_path": "olimpiadsoftskill.item.ss",
    "content_path": "olimpiadsoftskill.116.ss",
    "content_path_hash": "69637cdf-a1ca-5442-8567-766ff9212b1a"
  }
},
{
  "model": "wagtailcore.referenceindex",
  "pk": 169,
  "fields": {
    "content_type": 30,
    "base_content_type": 30,
    "object_id": "17",
    "to_content_type": 32,
    "to_object_id": "5",
    "model_path": "olimpiadsoftskill.item.ss",
    "content_path": "olimpiadsoftskill.117.ss",
    "content_path_hash": "a2a36585-0516-56ff-b460-4d9696da853b"
  }
},
{
  "model": "wagtailcore.referenceindex",
  "pk": 170,
  "fields": {
    "content_type": 30,
    "base_content_type": 30,
    "object_id": "17",
    "to_content_type": 32,
    "to_object_id": "6",
    "model_path": "olimpiadsoftskill.item.ss",
    "content_path": "olimpiadsoftskill.118.ss",
    "content_path_hash": "f368b0cf-98a0-5c4e-8286-20310dea9344"
  }
},
{
  "model": "wagtailcore.referenceindex",
  "pk": 171,
  "fields": {
    "content_type": 30,
    "base_content_type": 30,
    "object_id": "17",
    "to_content_type": 32,
    "to_object_id": "7",
    "model_path": "olimpiadsoftskill.item.ss",
    "content_path": "olimpiadsoftskill.119.ss",
    "content_path_hash": "9229716f-9787-5bb2-9a84-8b2b55a826ed"
  }
},
{
  "model": "wagtailcore.referenceindex",
  "pk": 172,
  "fields": {
    "content_type": 30,
    "base_content_type": 30,
    "object_id": "17",
    "to_content_type": 29,
    "to_object_id": "8",
    "model_path": "baseolimpiadlesson.item.lesson",
    "content_path": "baseolimpiadlesson.18.lesson",
    "content_path_hash": "b316c00e-aa4e-5b53-aa9a-8e89f02e3507"
  }
},
{
  "model": "wagtailcore.referenceindex",
  "pk": 173,
  "fields": {
    "content_type": 30,
    "base_content_type": 30,
    "object_id": "17",
    "to_content_type": 29,
    "to_object_id": "1",
    "model_path": "additionalolimpiadlesson.item.lesson",
    "content_path": "additionalolimpiadlesson.36.lesson",
    "content_path_hash": "97f2bb3a-6183-5221-a133-067bb6e2bd33"
  }
},
{
  "model": "wagtailcore.referenceindex",
  "pk": 174,
  "fields": {
    "content_type": 30,
    "base_content_type": 30,
    "object_id": "17",
    "to_content_type": 29,
    "to_object_id": "7",
    "model_path": "additionalolimpiadlesson.item.lesson",
    "content_path": "additionalolimpiadlesson.37.lesson",
    "content_path_hash": "21f4e9aa-4fc6-565e-ae8a-48c03d3b348d"
  }
},
{
  "model": "wagtailcore.referenceindex",
  "pk": 175,
  "fields": {
    "content_type": 30,
    "base_content_type": 30,
    "object_id": "18",
    "to_content_type": 32,
    "to_object_id": "1",
    "model_path": "olimpiadsoftskill.item.ss",
    "content_path": "olimpiadsoftskill.120.ss",
    "content_path_hash": "9d24d291-e349-5fb3-98d3-72bb8b73256c"
  }
},
{
  "model": "wagtailcore.referenceindex",
  "pk": 176,
  "fields": {
    "content_type": 30,
    "base_content_type": 30,
    "object_id": "18",
    "to_content_type": 32,
    "to_object_id": "2",
    "model_path": "olimpiadsoftskill.item.ss",
    "content_path": "olimpiadsoftskill.121.ss",
    "content_path_hash": "119b3098-2610-568c-9995-359da17e86b4"
  }
},
{
  "model": "wagtailcore.referenceindex",
  "pk": 177,
  "fields": {
    "content_type": 30,
    "base_content_type": 30,
    "object_id": "18",
    "to_content_type": 32,
    "to_object_id": "3",
    "model_path": "olimpiadsoftskill.item.ss",
    "content_path": "olimpiadsoftskill.122.ss",
    "content_path_hash": "3834e270-bc7a-54b1-aa7b-4965bcffd8ca"
  }
},
{
  "model": "wagtailcore.referenceindex",
  "pk": 178,
  "fields": {
    "content_type": 30,
    "base_content_type": 30,
    "object_id": "18",
    "to_content_type": 32,
    "to_object_id": "4",
    "model_path": "olimpiadsoftskill.item.ss",
    "content_path": "olimpiadsoftskill.123.ss",
    "content_path_hash": "a6ac7267-a20d-5c77-bc33-c11eabd44cc3"
  }
},
{
  "model": "wagtailcore.referenceindex",
  "pk": 179,
  "fields": {
    "content_type": 30,
    "base_content_type": 30,
    "object_id": "18",
    "to_content_type": 32,
    "to_object_id": "5",
    "model_path": "olimpiadsoftskill.item.ss",
    "content_path": "olimpiadsoftskill.124.ss",
    "content_path_hash": "04bfac0c-49dd-5163-a25e-3bb76e1c7af3"
  }
},
{
  "model": "wagtailcore.referenceindex",
  "pk": 180,
  "fields": {
    "content_type": 30,
    "base_content_type": 30,
    "object_id": "18",
    "to_content_type": 32,
    "to_object_id": "6",
    "model_path": "olimpiadsoftskill.item.ss",
    "content_path": "olimpiadsoftskill.125.ss",
    "content_path_hash": "cb64ce8d-4eb2-5570-b75e-6305623d4729"
  }
},
{
  "model": "wagtailcore.referenceindex",
  "pk": 181,
  "fields": {
    "content_type": 30,
    "base_content_type": 30,
    "object_id": "18",
    "to_content_type": 32,
    "to_object_id": "7",
    "model_path": "olimpiadsoftskill.item.ss",
    "content_path": "olimpiadsoftskill.126.ss",
    "content_path_hash": "f84e0802-5308-5c90-9c77-93959923d20b"
  }
},
{
  "model": "wagtailcore.referenceindex",
  "pk": 182,
  "fields": {
    "content_type": 30,
    "base_content_type": 30,
    "object_id": "18",
    "to_content_type": 29,
    "to_object_id": "8",
    "model_path": "baseolimpiadlesson.item.lesson",
    "content_path": "baseolimpiadlesson.19.lesson",
    "content_path_hash": "5ee99b99-6d49-59f8-ade1-cd087047f430"
  }
},
{
  "model": "wagtailcore.referenceindex",
  "pk": 183,
  "fields": {
    "content_type": 30,
    "base_content_type": 30,
    "object_id": "18",
    "to_content_type": 29,
    "to_object_id": "1",
    "model_path": "additionalolimpiadlesson.item.lesson",
    "content_path": "additionalolimpiadlesson.38.lesson",
    "content_path_hash": "5a382415-cedb-557d-8656-1126de150e03"
  }
},
{
  "model": "wagtailcore.referenceindex",
  "pk": 184,
  "fields": {
    "content_type": 30,
    "base_content_type": 30,
    "object_id": "18",
    "to_content_type": 29,
    "to_object_id": "7",
    "model_path": "additionalolimpiadlesson.item.lesson",
    "content_path": "additionalolimpiadlesson.39.lesson",
    "content_path_hash": "7296d277-1730-584e-b0fd-8c8e8e58edb9"
  }
},
{
  "model": "wagtailcore.referenceindex",
  "pk": 185,
  "fields": {
    "content_type": 30,
    "base_content_type": 30,
    "object_id": "19",
    "to_content_type": 32,
    "to_object_id": "1",
    "model_path": "olimpiadsoftskill.item.ss",
    "content_path": "olimpiadsoftskill.127.ss",
    "content_path_hash": "6227b9b5-d834-5ae8-b0cd-6a54c62022ba"
  }
},
{
  "model": "wagtailcore.referenceindex",
  "pk": 186,
  "fields": {
    "content_type": 30,
    "base_content_type": 30,
    "object_id": "19",
    "to_content_type": 32,
    "to_object_id": "2",
    "model_path": "olimpiadsoftskill.item.ss",
    "content_path": "olimpiadsoftskill.128.ss",
    "content_path_hash": "48173ca7-ef65-563a-8ae0-a56597cc1036"
  }
},
{
  "model": "wagtailcore.referenceindex",
  "pk": 187,
  "fields": {
    "content_type": 30,
    "base_content_type": 30,
    "object_id": "19",
    "to_content_type": 32,
    "to_object_id": "3",
    "model_path": "olimpiadsoftskill.item.ss",
    "content_path": "olimpiadsoftskill.129.ss",
    "content_path_hash": "3a412385-5e75-565a-922f-ed43f0e0258d"
  }
},
{
  "model": "wagtailcore.referenceindex",
  "pk": 188,
  "fields": {
    "content_type": 30,
    "base_content_type": 30,
    "object_id": "19",
    "to_content_type": 32,
    "to_object_id": "4",
    "model_path": "olimpiadsoftskill.item.ss",
    "content_path": "olimpiadsoftskill.130.ss",
    "content_path_hash": "eed29d23-4e88-5de4-b155-f4c693ccb8c7"
  }
},
{
  "model": "wagtailcore.referenceindex",
  "pk": 189,
  "fields": {
    "content_type": 30,
    "base_content_type": 30,
    "object_id": "19",
    "to_content_type": 32,
    "to_object_id": "5",
    "model_path": "olimpiadsoftskill.item.ss",
    "content_path": "olimpiadsoftskill.131.ss",
    "content_path_hash": "4422fcf2-68c5-593f-b949-6fc73d78f3d2"
  }
},
{
  "model": "wagtailcore.referenceindex",
  "pk": 190,
  "fields": {
    "content_type": 30,
    "base_content_type": 30,
    "object_id": "19",
    "to_content_type": 32,
    "to_object_id": "6",
    "model_path": "olimpiadsoftskill.item.ss",
    "content_path": "olimpiadsoftskill.132.ss",
    "content_path_hash": "ad4f7437-15f3-5653-bc72-68b19ef87d1b"
  }
},
{
  "model": "wagtailcore.referenceindex",
  "pk": 191,
  "fields": {
    "content_type": 30,
    "base_content_type": 30,
    "object_id": "19",
    "to_content_type": 32,
    "to_object_id": "7",
    "model_path": "olimpiadsoftskill.item.ss",
    "content_path": "olimpiadsoftskill.133.ss",
    "content_path_hash": "d5bbf745-1710-59f5-9cd5-56286504daef"
  }
},
{
  "model": "wagtailcore.referenceindex",
  "pk": 192,
  "fields": {
    "content_type": 30,
    "base_content_type": 30,
    "object_id": "19",
    "to_content_type": 29,
    "to_object_id": "8",
    "model_path": "baseolimpiadlesson.item.lesson",
    "content_path": "baseolimpiadlesson.20.lesson",
    "content_path_hash": "5914624f-1d9a-5d9f-b3d2-6846f9d02ad3"
  }
},
{
  "model": "wagtailcore.referenceindex",
  "pk": 193,
  "fields": {
    "content_type": 30,
    "base_content_type": 30,
    "object_id": "19",
    "to_content_type": 29,
    "to_object_id": "1",
    "model_path": "additionalolimpiadlesson.item.lesson",
    "content_path": "additionalolimpiadlesson.40.lesson",
    "content_path_hash": "29e27d5c-db1b-5642-9855-16f174573b12"
  }
},
{
  "model": "wagtailcore.referenceindex",
  "pk": 194,
  "fields": {
    "content_type": 30,
    "base_content_type": 30,
    "object_id": "19",
    "to_content_type": 29,
    "to_object_id": "7",
    "model_path": "additionalolimpiadlesson.item.lesson",
    "content_path": "additionalolimpiadlesson.41.lesson",
    "content_path_hash": "e20b505f-a07e-5ca5-8580-4d4f901a131b"
  }
},
{
  "model": "wagtailcore.referenceindex",
  "pk": 195,
  "fields": {
    "content_type": 30,
    "base_content_type": 30,
    "object_id": "20",
    "to_content_type": 32,
    "to_object_id": "1",
    "model_path": "olimpiadsoftskill.item.ss",
    "content_path": "olimpiadsoftskill.134.ss",
    "content_path_hash": "5fe31148-c0a2-5b36-a4c2-ddc4f463815e"
  }
},
{
  "model": "wagtailcore.referenceindex",
  "pk": 196,
  "fields": {
    "content_type": 30,
    "base_content_type": 30,
    "object_id": "20",
    "to_content_type": 32,
    "to_object_id": "2",
    "model_path": "olimpiadsoftskill.item.ss",
    "content_path": "olimpiadsoftskill.135.ss",
    "content_path_hash": "57b7be7e-056a-511f-8d4a-3f05cdbc7781"
  }
},
{
  "model": "wagtailcore.referenceindex",
  "pk": 197,
  "fields": {
    "content_type": 30,
    "base_content_type": 30,
    "object_id": "20",
    "to_content_type": 32,
    "to_object_id": "3",
    "model_path": "olimpiadsoftskill.item.ss",
    "content_path": "olimpiadsoftskill.136.ss",
    "content_path_hash": "286a615a-c4d3-5cf1-bc10-18500416c15d"
  }
},
{
  "model": "wagtailcore.referenceindex",
  "pk": 198,
  "fields": {
    "content_type": 30,
    "base_content_type": 30,
    "object_id": "20",
    "to_content_type": 32,
    "to_object_id": "4",
    "model_path": "olimpiadsoftskill.item.ss",
    "content_path": "olimpiadsoftskill.137.ss",
    "content_path_hash": "30c960b6-6bae-5ee6-93e0-b89602acf2bb"
  }
},
{
  "model": "wagtailcore.referenceindex",
  "pk": 199,
  "fields": {
    "content_type": 30,
    "base_content_type": 30,
    "object_id": "20",
    "to_content_type": 32,
    "to_object_id": "5",
    "model_path": "olimpiadsoftskill.item.ss",
    "content_path": "olimpiadsoftskill.138.ss",
    "content_path_hash": "9c237c49-7a6b-516e-8841-f46f364f3ad0"
  }
},
{
  "model": "wagtailcore.referenceindex",
  "pk": 200,
  "fields": {
    "content_type": 30,
    "base_content_type": 30,
    "object_id": "20",
    "to_content_type": 32,
    "to_object_id": "6",
    "model_path": "olimpiadsoftskill.item.ss",
    "content_path": "olimpiadsoftskill.139.ss",
    "content_path_hash": "3874c5fb-3523-5260-8a00-a87074cd3b44"
  }
},
{
  "model": "wagtailcore.referenceindex",
  "pk": 201,
  "fields": {
    "content_type": 30,
    "base_content_type": 30,
    "object_id": "20",
    "to_content_type": 32,
    "to_object_id": "7",
    "model_path": "olimpiadsoftskill.item.ss",
    "content_path": "olimpiadsoftskill.140.ss",
    "content_path_hash": "6053d94f-8ff6-5c06-9ad3-b89f8928042f"
  }
},
{
  "model": "wagtailcore.referenceindex",
  "pk": 202,
  "fields": {
    "content_type": 30,
    "base_content_type": 30,
    "object_id": "20",
    "to_content_type": 29,
    "to_object_id": "8",
    "model_path": "baseolimpiadlesson.item.lesson",
    "content_path": "baseolimpiadlesson.21.lesson",
    "content_path_hash": "5653fecc-3ce3-51b4-8095-5f97a684dbad"
  }
},
{
  "model": "wagtailcore.referenceindex",
  "pk": 203,
  "fields": {
    "content_type": 30,
    "base_content_type": 30,
    "object_id": "20",
    "to_content_type": 29,
    "to_object_id": "1",
    "model_path": "additionalolimpiadlesson.item.lesson",
    "content_path": "additionalolimpiadlesson.42.lesson",
    "content_path_hash": "40dce5a5-04ca-5c8e-aaab-ebdd37ce4a68"
  }
},
{
  "model": "wagtailcore.referenceindex",
  "pk": 204,
  "fields": {
    "content_type": 30,
    "base_content_type": 30,
    "object_id": "21",
    "to_content_type": 32,
    "to_object_id": "1",
    "model_path": "olimpiadsoftskill.item.ss",
    "content_path": "olimpiadsoftskill.141.ss",
    "content_path_hash": "da12f4a7-6869-51ae-b5ef-b7fa9d6216d5"
  }
},
{
  "model": "wagtailcore.referenceindex",
  "pk": 205,
  "fields": {
    "content_type": 30,
    "base_content_type": 30,
    "object_id": "21",
    "to_content_type": 32,
    "to_object_id": "2",
    "model_path": "olimpiadsoftskill.item.ss",
    "content_path": "olimpiadsoftskill.142.ss",
    "content_path_hash": "809327e9-0d00-5357-b1c2-439f98f1b568"
  }
},
{
  "model": "wagtailcore.referenceindex",
  "pk": 206,
  "fields": {
    "content_type": 30,
    "base_content_type": 30,
    "object_id": "21",
    "to_content_type": 32,
    "to_object_id": "3",
    "model_path": "olimpiadsoftskill.item.ss",
    "content_path": "olimpiadsoftskill.143.ss",
    "content_path_hash": "014705ab-8b51-5637-bf3b-c98ffd31eeba"
  }
},
{
  "model": "wagtailcore.referenceindex",
  "pk": 207,
  "fields": {
    "content_type": 30,
    "base_content_type": 30,
    "object_id": "21",
    "to_content_type": 32,
    "to_object_id": "4",
    "model_path": "olimpiadsoftskill.item.ss",
    "content_path": "olimpiadsoftskill.144.ss",
    "content_path_hash": "72031d96-accd-5fb7-bb0c-7c25ce95c8ca"
  }
},
{
  "model": "wagtailcore.referenceindex",
  "pk": 208,
  "fields": {
    "content_type": 30,
    "base_content_type": 30,
    "object_id": "21",
    "to_content_type": 32,
    "to_object_id": "5",
    "model_path": "olimpiadsoftskill.item.ss",
    "content_path": "olimpiadsoftskill.145.ss",
    "content_path_hash": "69860027-cf08-5fe0-b139-a615d2c928c0"
  }
},
{
  "model": "wagtailcore.referenceindex",
  "pk": 209,
  "fields": {
    "content_type": 30,
    "base_content_type": 30,
    "object_id": "21",
    "to_content_type": 32,
    "to_object_id": "6",
    "model_path": "olimpiadsoftskill.item.ss",
    "content_path": "olimpiadsoftskill.146.ss",
    "content_path_hash": "4277ec80-4e3f-58a4-a6a4-8084c42422fb"
  }
},
{
  "model": "wagtailcore.referenceindex",
  "pk": 210,
  "fields": {
    "content_type": 30,
    "base_content_type": 30,
    "object_id": "21",
    "to_content_type": 32,
    "to_object_id": "7",
    "model_path": "olimpiadsoftskill.item.ss",
    "content_path": "olimpiadsoftskill.147.ss",
    "content_path_hash": "76cdfab9-5003-5354-b775-7c185cff4297"
  }
},
{
  "model": "wagtailcore.referenceindex",
  "pk": 211,
  "fields": {
    "content_type": 30,
    "base_content_type": 30,
    "object_id": "21",
    "to_content_type": 29,
    "to_object_id": "8",
    "model_path": "baseolimpiadlesson.item.lesson",
    "content_path": "baseolimpiadlesson.22.lesson",
    "content_path_hash": "97d4158b-bbf1-51e1-a82c-74eb21805ebe"
  }
},
{
  "model": "wagtailcore.referenceindex",
  "pk": 212,
  "fields": {
    "content_type": 30,
    "base_content_type": 30,
    "object_id": "21",
    "to_content_type": 29,
    "to_object_id": "1",
    "model_path": "additionalolimpiadlesson.item.lesson",
    "content_path": "additionalolimpiadlesson.43.lesson",
    "content_path_hash": "5d7e5bb1-c721-52fc-8606-b96e3640743f"
  }
},
{
  "model": "wagtailcore.referenceindex",
  "pk": 213,
  "fields": {
    "content_type": 30,
    "base_content_type": 30,
    "object_id": "22",
    "to_content_type": 32,
    "to_object_id": "1",
    "model_path": "olimpiadsoftskill.item.ss",
    "content_path": "olimpiadsoftskill.148.ss",
    "content_path_hash": "a9601a72-4b2c-595d-a149-793750299802"
  }
},
{
  "model": "wagtailcore.referenceindex",
  "pk": 214,
  "fields": {
    "content_type": 30,
    "base_content_type": 30,
    "object_id": "22",
    "to_content_type": 32,
    "to_object_id": "2",
    "model_path": "olimpiadsoftskill.item.ss",
    "content_path": "olimpiadsoftskill.149.ss",
    "content_path_hash": "618c88d3-455e-5a57-9243-f5d784e10431"
  }
},
{
  "model": "wagtailcore.referenceindex",
  "pk": 215,
  "fields": {
    "content_type": 30,
    "base_content_type": 30,
    "object_id": "22",
    "to_content_type": 32,
    "to_object_id": "3",
    "model_path": "olimpiadsoftskill.item.ss",
    "content_path": "olimpiadsoftskill.150.ss",
    "content_path_hash": "4bf1fa1a-30e8-57de-b30b-711081a015ee"
  }
},
{
  "model": "wagtailcore.referenceindex",
  "pk": 216,
  "fields": {
    "content_type": 30,
    "base_content_type": 30,
    "object_id": "22",
    "to_content_type": 32,
    "to_object_id": "4",
    "model_path": "olimpiadsoftskill.item.ss",
    "content_path": "olimpiadsoftskill.151.ss",
    "content_path_hash": "9290f9aa-f648-505d-9a1c-4ba9dcdb8586"
  }
},
{
  "model": "wagtailcore.referenceindex",
  "pk": 217,
  "fields": {
    "content_type": 30,
    "base_content_type": 30,
    "object_id": "22",
    "to_content_type": 32,
    "to_object_id": "5",
    "model_path": "olimpiadsoftskill.item.ss",
    "content_path": "olimpiadsoftskill.152.ss",
    "content_path_hash": "ce70d140-3607-5765-8486-c919d6c89fe2"
  }
},
{
  "model": "wagtailcore.referenceindex",
  "pk": 218,
  "fields": {
    "content_type": 30,
    "base_content_type": 30,
    "object_id": "22",
    "to_content_type": 32,
    "to_object_id": "6",
    "model_path": "olimpiadsoftskill.item.ss",
    "content_path": "olimpiadsoftskill.153.ss",
    "content_path_hash": "fe94c3e7-56b0-5ae8-8a86-26355e2813ef"
  }
},
{
  "model": "wagtailcore.referenceindex",
  "pk": 219,
  "fields": {
    "content_type": 30,
    "base_content_type": 30,
    "object_id": "22",
    "to_content_type": 32,
    "to_object_id": "7",
    "model_path": "olimpiadsoftskill.item.ss",
    "content_path": "olimpiadsoftskill.154.ss",
    "content_path_hash": "e2f39cbb-b35c-57f9-8b0a-06c14870553d"
  }
},
{
  "model": "wagtailcore.referenceindex",
  "pk": 220,
  "fields": {
    "content_type": 30,
    "base_content_type": 30,
    "object_id": "22",
    "to_content_type": 29,
    "to_object_id": "6",
    "model_path": "baseolimpiadlesson.item.lesson",
    "content_path": "baseolimpiadlesson.23.lesson",
    "content_path_hash": "587a532b-7fd4-5f6a-937b-bd92beb522f5"
  }
},
{
  "model": "wagtailcore.referenceindex",
  "pk": 221,
  "fields": {
    "content_type": 30,
    "base_content_type": 30,
    "object_id": "22",
    "to_content_type": 29,
    "to_object_id": "8",
    "model_path": "additionalolimpiadlesson.item.lesson",
    "content_path": "additionalolimpiadlesson.44.lesson",
    "content_path_hash": "5fff80f4-aaf0-597a-9577-81383ddc3689"
  }
},
{
  "model": "wagtailcore.referenceindex",
  "pk": 222,
  "fields": {
    "content_type": 30,
    "base_content_type": 30,
    "object_id": "22",
    "to_content_type": 29,
    "to_object_id": "7",
    "model_path": "additionalolimpiadlesson.item.lesson",
    "content_path": "additionalolimpiadlesson.45.lesson",
    "content_path_hash": "cac0717e-9700-5908-b7f6-7683199c3a79"
  }
},
{
  "model": "wagtailcore.referenceindex",
  "pk": 223,
  "fields": {
    "content_type": 30,
    "base_content_type": 30,
    "object_id": "22",
    "to_content_type": 29,
    "to_object_id": "1",
    "model_path": "additionalolimpiadlesson.item.lesson",
    "content_path": "additionalolimpiadlesson.46.lesson",
    "content_path_hash": "7a8f3b3e-3ec7-5b9b-95eb-39c3b3ab39ab"
  }
},
{
  "model": "wagtailcore.referenceindex",
  "pk": 224,
  "fields": {
    "content_type": 30,
    "base_content_type": 30,
    "object_id": "23",
    "to_content_type": 32,
    "to_object_id": "1",
    "model_path": "olimpiadsoftskill.item.ss",
    "content_path": "olimpiadsoftskill.155.ss",
    "content_path_hash": "616d6579-52c6-5bac-b0c9-5312bd46d482"
  }
},
{
  "model": "wagtailcore.referenceindex",
  "pk": 225,
  "fields": {
    "content_type": 30,
    "base_content_type": 30,
    "object_id": "23",
    "to_content_type": 32,
    "to_object_id": "2",
    "model_path": "olimpiadsoftskill.item.ss",
    "content_path": "olimpiadsoftskill.156.ss",
    "content_path_hash": "60bbba61-ec26-5c14-887a-3a085a3f1999"
  }
},
{
  "model": "wagtailcore.referenceindex",
  "pk": 226,
  "fields": {
    "content_type": 30,
    "base_content_type": 30,
    "object_id": "23",
    "to_content_type": 32,
    "to_object_id": "3",
    "model_path": "olimpiadsoftskill.item.ss",
    "content_path": "olimpiadsoftskill.157.ss",
    "content_path_hash": "1181fe33-86ae-5cc4-bf19-2caec1fe902f"
  }
},
{
  "model": "wagtailcore.referenceindex",
  "pk": 227,
  "fields": {
    "content_type": 30,
    "base_content_type": 30,
    "object_id": "23",
    "to_content_type": 32,
    "to_object_id": "4",
    "model_path": "olimpiadsoftskill.item.ss",
    "content_path": "olimpiadsoftskill.158.ss",
    "content_path_hash": "039ba7b8-eb05-5f40-9118-e3847b154f5a"
  }
},
{
  "model": "wagtailcore.referenceindex",
  "pk": 228,
  "fields": {
    "content_type": 30,
    "base_content_type": 30,
    "object_id": "23",
    "to_content_type": 32,
    "to_object_id": "5",
    "model_path": "olimpiadsoftskill.item.ss",
    "content_path": "olimpiadsoftskill.159.ss",
    "content_path_hash": "28af3780-12a8-5433-86c5-abc6188920ed"
  }
},
{
  "model": "wagtailcore.referenceindex",
  "pk": 229,
  "fields": {
    "content_type": 30,
    "base_content_type": 30,
    "object_id": "23",
    "to_content_type": 32,
    "to_object_id": "6",
    "model_path": "olimpiadsoftskill.item.ss",
    "content_path": "olimpiadsoftskill.160.ss",
    "content_path_hash": "06cabef5-ce44-507a-93ce-d08170d67dd6"
  }
},
{
  "model": "wagtailcore.referenceindex",
  "pk": 230,
  "fields": {
    "content_type": 30,
    "base_content_type": 30,
    "object_id": "23",
    "to_content_type": 32,
    "to_object_id": "7",
    "model_path": "olimpiadsoftskill.item.ss",
    "content_path": "olimpiadsoftskill.161.ss",
    "content_path_hash": "0ab40db7-815a-5ed4-a49e-c64f44c8fbe3"
  }
},
{
  "model": "wagtailcore.referenceindex",
  "pk": 231,
  "fields": {
    "content_type": 30,
    "base_content_type": 30,
    "object_id": "23",
    "to_content_type": 29,
    "to_object_id": "6",
    "model_path": "baseolimpiadlesson.item.lesson",
    "content_path": "baseolimpiadlesson.24.lesson",
    "content_path_hash": "04b81524-add1-5fc7-9347-1ceb8f3b6347"
  }
},
{
  "model": "wagtailcore.referenceindex",
  "pk": 232,
  "fields": {
    "content_type": 30,
    "base_content_type": 30,
    "object_id": "23",
    "to_content_type": 29,
    "to_object_id": "8",
    "model_path": "additionalolimpiadlesson.item.lesson",
    "content_path": "additionalolimpiadlesson.47.lesson",
    "content_path_hash": "0ca011c8-3839-59ce-b7b3-b727706a74f6"
  }
},
{
  "model": "wagtailcore.referenceindex",
  "pk": 233,
  "fields": {
    "content_type": 30,
    "base_content_type": 30,
    "object_id": "23",
    "to_content_type": 29,
    "to_object_id": "1",
    "model_path": "additionalolimpiadlesson.item.lesson",
    "content_path": "additionalolimpiadlesson.48.lesson",
    "content_path_hash": "85db1f27-66b9-5884-9f0b-5288027a4cec"
  }
},
{
  "model": "wagtailcore.referenceindex",
  "pk": 234,
  "fields": {
    "content_type": 30,
    "base_content_type": 30,
    "object_id": "24",
    "to_content_type": 32,
    "to_object_id": "1",
    "model_path": "olimpiadsoftskill.item.ss",
    "content_path": "olimpiadsoftskill.162.ss",
    "content_path_hash": "1dc125ef-b0c7-5541-b23b-4407bcc8b866"
  }
},
{
  "model": "wagtailcore.referenceindex",
  "pk": 235,
  "fields": {
    "content_type": 30,
    "base_content_type": 30,
    "object_id": "24",
    "to_content_type": 32,
    "to_object_id": "2",
    "model_path": "olimpiadsoftskill.item.ss",
    "content_path": "olimpiadsoftskill.163.ss",
    "content_path_hash": "c4a5a74f-a879-54ff-8da4-5d6ae9a384f5"
  }
},
{
  "model": "wagtailcore.referenceindex",
  "pk": 236,
  "fields": {
    "content_type": 30,
    "base_content_type": 30,
    "object_id": "24",
    "to_content_type": 32,
    "to_object_id": "3",
    "model_path": "olimpiadsoftskill.item.ss",
    "content_path": "olimpiadsoftskill.164.ss",
    "content_path_hash": "e55e86bd-24cb-5454-895c-1c56a17883d4"
  }
},
{
  "model": "wagtailcore.referenceindex",
  "pk": 237,
  "fields": {
    "content_type": 30,
    "base_content_type": 30,
    "object_id": "24",
    "to_content_type": 32,
    "to_object_id": "4",
    "model_path": "olimpiadsoftskill.item.ss",
    "content_path": "olimpiadsoftskill.165.ss",
    "content_path_hash": "07d14078-1839-5fe6-8c5e-2c7ab7aff76a"
  }
},
{
  "model": "wagtailcore.referenceindex",
  "pk": 238,
  "fields": {
    "content_type": 30,
    "base_content_type": 30,
    "object_id": "24",
    "to_content_type": 32,
    "to_object_id": "5",
    "model_path": "olimpiadsoftskill.item.ss",
    "content_path": "olimpiadsoftskill.166.ss",
    "content_path_hash": "6ff50c21-8114-5c8e-a5f2-136449bbf1cc"
  }
},
{
  "model": "wagtailcore.referenceindex",
  "pk": 239,
  "fields": {
    "content_type": 30,
    "base_content_type": 30,
    "object_id": "24",
    "to_content_type": 32,
    "to_object_id": "6",
    "model_path": "olimpiadsoftskill.item.ss",
    "content_path": "olimpiadsoftskill.167.ss",
    "content_path_hash": "c6499f13-0a58-5f4c-b330-6865accd4fcf"
  }
},
{
  "model": "wagtailcore.referenceindex",
  "pk": 240,
  "fields": {
    "content_type": 30,
    "base_content_type": 30,
    "object_id": "24",
    "to_content_type": 32,
    "to_object_id": "7",
    "model_path": "olimpiadsoftskill.item.ss",
    "content_path": "olimpiadsoftskill.168.ss",
    "content_path_hash": "a9575f1e-8377-5301-8e85-33a545eef2a6"
  }
},
{
  "model": "wagtailcore.referenceindex",
  "pk": 241,
  "fields": {
    "content_type": 30,
    "base_content_type": 30,
    "object_id": "24",
    "to_content_type": 29,
    "to_object_id": "6",
    "model_path": "baseolimpiadlesson.item.lesson",
    "content_path": "baseolimpiadlesson.25.lesson",
    "content_path_hash": "5e4cb2a9-af8a-5fa0-8efe-0a3a13cc9a42"
  }
},
{
  "model": "wagtailcore.referenceindex",
  "pk": 242,
  "fields": {
    "content_type": 30,
    "base_content_type": 30,
    "object_id": "24",
    "to_content_type": 29,
    "to_object_id": "1",
    "model_path": "additionalolimpiadlesson.item.lesson",
    "content_path": "additionalolimpiadlesson.49.lesson",
    "content_path_hash": "b1887321-ad1d-5933-8e40-fb81c892f627"
  }
},
{
  "model": "wagtailcore.referenceindex",
  "pk": 243,
  "fields": {
    "content_type": 30,
    "base_content_type": 30,
    "object_id": "25",
    "to_content_type": 32,
    "to_object_id": "1",
    "model_path": "olimpiadsoftskill.item.ss",
    "content_path": "olimpiadsoftskill.169.ss",
    "content_path_hash": "2b97c213-77eb-545e-8827-d14b00197295"
  }
},
{
  "model": "wagtailcore.referenceindex",
  "pk": 244,
  "fields": {
    "content_type": 30,
    "base_content_type": 30,
    "object_id": "25",
    "to_content_type": 32,
    "to_object_id": "2",
    "model_path": "olimpiadsoftskill.item.ss",
    "content_path": "olimpiadsoftskill.170.ss",
    "content_path_hash": "1bdd004b-4ee2-5291-916b-1623dde2f641"
  }
},
{
  "model": "wagtailcore.referenceindex",
  "pk": 245,
  "fields": {
    "content_type": 30,
    "base_content_type": 30,
    "object_id": "25",
    "to_content_type": 32,
    "to_object_id": "3",
    "model_path": "olimpiadsoftskill.item.ss",
    "content_path": "olimpiadsoftskill.171.ss",
    "content_path_hash": "f2de7145-5b70-55de-bc01-edbd2cefe6d8"
  }
},
{
  "model": "wagtailcore.referenceindex",
  "pk": 246,
  "fields": {
    "content_type": 30,
    "base_content_type": 30,
    "object_id": "25",
    "to_content_type": 32,
    "to_object_id": "4",
    "model_path": "olimpiadsoftskill.item.ss",
    "content_path": "olimpiadsoftskill.172.ss",
    "content_path_hash": "8d1f0736-9857-50e0-b441-02743c9745e3"
  }
},
{
  "model": "wagtailcore.referenceindex",
  "pk": 247,
  "fields": {
    "content_type": 30,
    "base_content_type": 30,
    "object_id": "25",
    "to_content_type": 32,
    "to_object_id": "5",
    "model_path": "olimpiadsoftskill.item.ss",
    "content_path": "olimpiadsoftskill.173.ss",
    "content_path_hash": "9fad1f5c-e5bf-50e9-8d75-4c08cb6e8858"
  }
},
{
  "model": "wagtailcore.referenceindex",
  "pk": 248,
  "fields": {
    "content_type": 30,
    "base_content_type": 30,
    "object_id": "25",
    "to_content_type": 32,
    "to_object_id": "6",
    "model_path": "olimpiadsoftskill.item.ss",
    "content_path": "olimpiadsoftskill.174.ss",
    "content_path_hash": "4f63cf90-1afd-5c5e-9895-f9f7f35f7d14"
  }
},
{
  "model": "wagtailcore.referenceindex",
  "pk": 249,
  "fields": {
    "content_type": 30,
    "base_content_type": 30,
    "object_id": "25",
    "to_content_type": 32,
    "to_object_id": "7",
    "model_path": "olimpiadsoftskill.item.ss",
    "content_path": "olimpiadsoftskill.175.ss",
    "content_path_hash": "081c08e5-4249-5a98-a3da-8727bee12aa3"
  }
},
{
  "model": "wagtailcore.referenceindex",
  "pk": 250,
  "fields": {
    "content_type": 30,
    "base_content_type": 30,
    "object_id": "25",
    "to_content_type": 29,
    "to_object_id": "6",
    "model_path": "baseolimpiadlesson.item.lesson",
    "content_path": "baseolimpiadlesson.26.lesson",
    "content_path_hash": "b7766a94-9d7e-557e-aacb-82c25f1f3dd7"
  }
},
{
  "model": "wagtailcore.referenceindex",
  "pk": 251,
  "fields": {
    "content_type": 30,
    "base_content_type": 30,
    "object_id": "25",
    "to_content_type": 29,
    "to_object_id": "8",
    "model_path": "additionalolimpiadlesson.item.lesson",
    "content_path": "additionalolimpiadlesson.50.lesson",
    "content_path_hash": "fd197c50-d767-547f-86c5-ebfeb9ac014f"
  }
},
{
  "model": "wagtailcore.referenceindex",
  "pk": 252,
  "fields": {
    "content_type": 30,
    "base_content_type": 30,
    "object_id": "25",
    "to_content_type": 29,
    "to_object_id": "7",
    "model_path": "additionalolimpiadlesson.item.lesson",
    "content_path": "additionalolimpiadlesson.51.lesson",
    "content_path_hash": "d8e68f8c-7877-5306-b4be-680d8a7edb0d"
  }
},
{
  "model": "wagtailcore.referenceindex",
  "pk": 253,
  "fields": {
    "content_type": 30,
    "base_content_type": 30,
    "object_id": "25",
    "to_content_type": 29,
    "to_object_id": "1",
    "model_path": "additionalolimpiadlesson.item.lesson",
    "content_path": "additionalolimpiadlesson.52.lesson",
    "content_path_hash": "5665d273-20ce-559b-b74d-01dcba3cafa4"
  }
},
{
  "model": "wagtailcore.referenceindex",
  "pk": 254,
  "fields": {
    "content_type": 30,
    "base_content_type": 30,
    "object_id": "26",
    "to_content_type": 32,
    "to_object_id": "1",
    "model_path": "olimpiadsoftskill.item.ss",
    "content_path": "olimpiadsoftskill.176.ss",
    "content_path_hash": "86b4881a-c18e-50a8-8c9a-51b33bc71c30"
  }
},
{
  "model": "wagtailcore.referenceindex",
  "pk": 255,
  "fields": {
    "content_type": 30,
    "base_content_type": 30,
    "object_id": "26",
    "to_content_type": 32,
    "to_object_id": "2",
    "model_path": "olimpiadsoftskill.item.ss",
    "content_path": "olimpiadsoftskill.177.ss",
    "content_path_hash": "eb98dc6a-a558-5a4e-843f-3d01a6507811"
  }
},
{
  "model": "wagtailcore.referenceindex",
  "pk": 256,
  "fields": {
    "content_type": 30,
    "base_content_type": 30,
    "object_id": "26",
    "to_content_type": 32,
    "to_object_id": "3",
    "model_path": "olimpiadsoftskill.item.ss",
    "content_path": "olimpiadsoftskill.178.ss",
    "content_path_hash": "12d68681-70e5-5c67-b753-12433c17897b"
  }
},
{
  "model": "wagtailcore.referenceindex",
  "pk": 257,
  "fields": {
    "content_type": 30,
    "base_content_type": 30,
    "object_id": "26",
    "to_content_type": 32,
    "to_object_id": "4",
    "model_path": "olimpiadsoftskill.item.ss",
    "content_path": "olimpiadsoftskill.179.ss",
    "content_path_hash": "af82ba0a-f904-5b64-a33b-fee93961c881"
  }
},
{
  "model": "wagtailcore.referenceindex",
  "pk": 258,
  "fields": {
    "content_type": 30,
    "base_content_type": 30,
    "object_id": "26",
    "to_content_type": 32,
    "to_object_id": "5",
    "model_path": "olimpiadsoftskill.item.ss",
    "content_path": "olimpiadsoftskill.180.ss",
    "content_path_hash": "4c4473cf-2060-5c92-812a-ba22d59f1964"
  }
},
{
  "model": "wagtailcore.referenceindex",
  "pk": 259,
  "fields": {
    "content_type": 30,
    "base_content_type": 30,
    "object_id": "26",
    "to_content_type": 32,
    "to_object_id": "6",
    "model_path": "olimpiadsoftskill.item.ss",
    "content_path": "olimpiadsoftskill.181.ss",
    "content_path_hash": "c78d7c77-686a-5982-9484-9934ed6331a1"
  }
},
{
  "model": "wagtailcore.referenceindex",
  "pk": 260,
  "fields": {
    "content_type": 30,
    "base_content_type": 30,
    "object_id": "26",
    "to_content_type": 32,
    "to_object_id": "7",
    "model_path": "olimpiadsoftskill.item.ss",
    "content_path": "olimpiadsoftskill.182.ss",
    "content_path_hash": "9fc80b22-82bf-511d-97cf-76c88abc7768"
  }
},
{
  "model": "wagtailcore.referenceindex",
  "pk": 261,
  "fields": {
    "content_type": 30,
    "base_content_type": 30,
    "object_id": "26",
    "to_content_type": 29,
    "to_object_id": "6",
    "model_path": "baseolimpiadlesson.item.lesson",
    "content_path": "baseolimpiadlesson.27.lesson",
    "content_path_hash": "116aedde-051d-5298-9096-f081d972fbbb"
  }
},
{
  "model": "wagtailcore.referenceindex",
  "pk": 262,
  "fields": {
    "content_type": 30,
    "base_content_type": 30,
    "object_id": "26",
    "to_content_type": 29,
    "to_object_id": "7",
    "model_path": "additionalolimpiadlesson.item.lesson",
    "content_path": "additionalolimpiadlesson.53.lesson",
    "content_path_hash": "0523ba5a-8d66-5636-a61d-8a6d19ff2213"
  }
},
{
  "model": "wagtailcore.referenceindex",
  "pk": 263,
  "fields": {
    "content_type": 30,
    "base_content_type": 30,
    "object_id": "26",
    "to_content_type": 29,
    "to_object_id": "1",
    "model_path": "additionalolimpiadlesson.item.lesson",
    "content_path": "additionalolimpiadlesson.54.lesson",
    "content_path_hash": "940e87bb-3eb2-5867-8452-723bdb679cdd"
  }
},
{
  "model": "wagtailcore.referenceindex",
  "pk": 264,
  "fields": {
    "content_type": 30,
    "base_content_type": 30,
    "object_id": "26",
    "to_content_type": 29,
    "to_object_id": "4",
    "model_path": "additionalolimpiadlesson.item.lesson",
    "content_path": "additionalolimpiadlesson.55.lesson",
    "content_path_hash": "92638c97-9ea6-54db-936a-a32c11d5d5a0"
  }
},
{
  "model": "wagtailcore.referenceindex",
  "pk": 265,
  "fields": {
    "content_type": 30,
    "base_content_type": 30,
    "object_id": "27",
    "to_content_type": 32,
    "to_object_id": "1",
    "model_path": "olimpiadsoftskill.item.ss",
    "content_path": "olimpiadsoftskill.183.ss",
    "content_path_hash": "61b00888-0834-578a-8e22-30b854fa03b2"
  }
},
{
  "model": "wagtailcore.referenceindex",
  "pk": 266,
  "fields": {
    "content_type": 30,
    "base_content_type": 30,
    "object_id": "27",
    "to_content_type": 32,
    "to_object_id": "2",
    "model_path": "olimpiadsoftskill.item.ss",
    "content_path": "olimpiadsoftskill.184.ss",
    "content_path_hash": "b46553e5-04b1-5a7d-86e3-8cb1edb47414"
  }
},
{
  "model": "wagtailcore.referenceindex",
  "pk": 267,
  "fields": {
    "content_type": 30,
    "base_content_type": 30,
    "object_id": "27",
    "to_content_type": 32,
    "to_object_id": "3",
    "model_path": "olimpiadsoftskill.item.ss",
    "content_path": "olimpiadsoftskill.185.ss",
    "content_path_hash": "69966412-fd28-5174-820e-9e3b509aa168"
  }
},
{
  "model": "wagtailcore.referenceindex",
  "pk": 268,
  "fields": {
    "content_type": 30,
    "base_content_type": 30,
    "object_id": "27",
    "to_content_type": 32,
    "to_object_id": "4",
    "model_path": "olimpiadsoftskill.item.ss",
    "content_path": "olimpiadsoftskill.186.ss",
    "content_path_hash": "8e3d31e6-275b-5f6e-95d1-1ff291d7af1f"
  }
},
{
  "model": "wagtailcore.referenceindex",
  "pk": 269,
  "fields": {
    "content_type": 30,
    "base_content_type": 30,
    "object_id": "27",
    "to_content_type": 32,
    "to_object_id": "5",
    "model_path": "olimpiadsoftskill.item.ss",
    "content_path": "olimpiadsoftskill.187.ss",
    "content_path_hash": "9b0ce31f-a23e-58aa-af13-abe172648044"
  }
},
{
  "model": "wagtailcore.referenceindex",
  "pk": 270,
  "fields": {
    "content_type": 30,
    "base_content_type": 30,
    "object_id": "27",
    "to_content_type": 32,
    "to_object_id": "6",
    "model_path": "olimpiadsoftskill.item.ss",
    "content_path": "olimpiadsoftskill.188.ss",
    "content_path_hash": "be6692fb-739e-5eb9-9d56-1d19370c12ff"
  }
},
{
  "model": "wagtailcore.referenceindex",
  "pk": 271,
  "fields": {
    "content_type": 30,
    "base_content_type": 30,
    "object_id": "27",
    "to_content_type": 32,
    "to_object_id": "7",
    "model_path": "olimpiadsoftskill.item.ss",
    "content_path": "olimpiadsoftskill.189.ss",
    "content_path_hash": "1635bc40-4e07-5324-b1ea-01b2632d9f8a"
  }
},
{
  "model": "wagtailcore.referenceindex",
  "pk": 272,
  "fields": {
    "content_type": 30,
    "base_content_type": 30,
    "object_id": "27",
    "to_content_type": 29,
    "to_object_id": "6",
    "model_path": "baseolimpiadlesson.item.lesson",
    "content_path": "baseolimpiadlesson.28.lesson",
    "content_path_hash": "70ad1e74-6b52-5764-8600-5270c28833c9"
  }
},
{
  "model": "wagtailcore.referenceindex",
  "pk": 273,
  "fields": {
    "content_type": 30,
    "base_content_type": 30,
    "object_id": "27",
    "to_content_type": 29,
    "to_object_id": "1",
    "model_path": "additionalolimpiadlesson.item.lesson",
    "content_path": "additionalolimpiadlesson.56.lesson",
    "content_path_hash": "426f1e6f-232a-526e-bfce-d0770528cdb3"
  }
},
{
  "model": "wagtailcore.referenceindex",
  "pk": 274,
  "fields": {
    "content_type": 30,
    "base_content_type": 30,
    "object_id": "28",
    "to_content_type": 32,
    "to_object_id": "1",
    "model_path": "olimpiadsoftskill.item.ss",
    "content_path": "olimpiadsoftskill.190.ss",
    "content_path_hash": "4af8f69f-aa60-5015-9388-0a6a37a4757c"
  }
},
{
  "model": "wagtailcore.referenceindex",
  "pk": 275,
  "fields": {
    "content_type": 30,
    "base_content_type": 30,
    "object_id": "28",
    "to_content_type": 32,
    "to_object_id": "2",
    "model_path": "olimpiadsoftskill.item.ss",
    "content_path": "olimpiadsoftskill.191.ss",
    "content_path_hash": "8448f933-d7ca-5d9a-993e-752d944c1745"
  }
},
{
  "model": "wagtailcore.referenceindex",
  "pk": 276,
  "fields": {
    "content_type": 30,
    "base_content_type": 30,
    "object_id": "28",
    "to_content_type": 32,
    "to_object_id": "3",
    "model_path": "olimpiadsoftskill.item.ss",
    "content_path": "olimpiadsoftskill.192.ss",
    "content_path_hash": "e531c1ec-fa8b-57c6-b215-2b2d3c62ea25"
  }
},
{
  "model": "wagtailcore.referenceindex",
  "pk": 277,
  "fields": {
    "content_type": 30,
    "base_content_type": 30,
    "object_id": "28",
    "to_content_type": 32,
    "to_object_id": "4",
    "model_path": "olimpiadsoftskill.item.ss",
    "content_path": "olimpiadsoftskill.193.ss",
    "content_path_hash": "07969cf4-5599-586e-afee-84f2ad850082"
  }
},
{
  "model": "wagtailcore.referenceindex",
  "pk": 278,
  "fields": {
    "content_type": 30,
    "base_content_type": 30,
    "object_id": "28",
    "to_content_type": 32,
    "to_object_id": "5",
    "model_path": "olimpiadsoftskill.item.ss",
    "content_path": "olimpiadsoftskill.194.ss",
    "content_path_hash": "6fb3a22d-1a17-5b1d-be03-f85bbe81a72c"
  }
},
{
  "model": "wagtailcore.referenceindex",
  "pk": 279,
  "fields": {
    "content_type": 30,
    "base_content_type": 30,
    "object_id": "28",
    "to_content_type": 32,
    "to_object_id": "6",
    "model_path": "olimpiadsoftskill.item.ss",
    "content_path": "olimpiadsoftskill.195.ss",
    "content_path_hash": "6c1585f3-81ff-5b78-9120-073d5589e4be"
  }
},
{
  "model": "wagtailcore.referenceindex",
  "pk": 280,
  "fields": {
    "content_type": 30,
    "base_content_type": 30,
    "object_id": "28",
    "to_content_type": 32,
    "to_object_id": "7",
    "model_path": "olimpiadsoftskill.item.ss",
    "content_path": "olimpiadsoftskill.196.ss",
    "content_path_hash": "0c7fc4b7-f3d5-54d7-8ad7-b8697872adeb"
  }
},
{
  "model": "wagtailcore.referenceindex",
  "pk": 281,
  "fields": {
    "content_type": 30,
    "base_content_type": 30,
    "object_id": "28",
    "to_content_type": 29,
    "to_object_id": "6",
    "model_path": "baseolimpiadlesson.item.lesson",
    "content_path": "baseolimpiadlesson.29.lesson",
    "content_path_hash": "74bbe165-9f3b-58c1-ae16-07bc5cf0d83a"
  }
},
{
  "model": "wagtailcore.referenceindex",
  "pk": 282,
  "fields": {
    "content_type": 30,
    "base_content_type": 30,
    "object_id": "28",
    "to_content_type": 29,
    "to_object_id": "7",
    "model_path": "additionalolimpiadlesson.item.lesson",
    "content_path": "additionalolimpiadlesson.57.lesson",
    "content_path_hash": "02fa3e5e-5d45-53d4-b61e-1d72dcd41632"
  }
},
{
  "model": "wagtailcore.referenceindex",
  "pk": 283,
  "fields": {
    "content_type": 30,
    "base_content_type": 30,
    "object_id": "28",
    "to_content_type": 29,
    "to_object_id": "1",
    "model_path": "additionalolimpiadlesson.item.lesson",
    "content_path": "additionalolimpiadlesson.58.lesson",
    "content_path_hash": "b7b086e4-d9ac-51a3-ad61-e9ebacd53c30"
  }
},
{
  "model": "wagtailcore.referenceindex",
  "pk": 284,
  "fields": {
    "content_type": 30,
    "base_content_type": 30,
    "object_id": "29",
    "to_content_type": 32,
    "to_object_id": "1",
    "model_path": "olimpiadsoftskill.item.ss",
    "content_path": "olimpiadsoftskill.197.ss",
    "content_path_hash": "ed66b932-b0dd-5250-9ca0-0f8a63398009"
  }
},
{
  "model": "wagtailcore.referenceindex",
  "pk": 285,
  "fields": {
    "content_type": 30,
    "base_content_type": 30,
    "object_id": "29",
    "to_content_type": 32,
    "to_object_id": "2",
    "model_path": "olimpiadsoftskill.item.ss",
    "content_path": "olimpiadsoftskill.198.ss",
    "content_path_hash": "8e137d0c-b651-5daf-a546-3fe61e92198c"
  }
},
{
  "model": "wagtailcore.referenceindex",
  "pk": 286,
  "fields": {
    "content_type": 30,
    "base_content_type": 30,
    "object_id": "29",
    "to_content_type": 32,
    "to_object_id": "3",
    "model_path": "olimpiadsoftskill.item.ss",
    "content_path": "olimpiadsoftskill.199.ss",
    "content_path_hash": "145cba92-b7a4-5243-a3d3-c88331c14de6"
  }
},
{
  "model": "wagtailcore.referenceindex",
  "pk": 287,
  "fields": {
    "content_type": 30,
    "base_content_type": 30,
    "object_id": "29",
    "to_content_type": 32,
    "to_object_id": "4",
    "model_path": "olimpiadsoftskill.item.ss",
    "content_path": "olimpiadsoftskill.200.ss",
    "content_path_hash": "fe52ba31-2ade-5ce1-abf8-cccfb0aa6b8c"
  }
},
{
  "model": "wagtailcore.referenceindex",
  "pk": 288,
  "fields": {
    "content_type": 30,
    "base_content_type": 30,
    "object_id": "29",
    "to_content_type": 32,
    "to_object_id": "5",
    "model_path": "olimpiadsoftskill.item.ss",
    "content_path": "olimpiadsoftskill.201.ss",
    "content_path_hash": "f025f7b2-d7df-5d7b-a56d-ece1e0cd9314"
  }
},
{
  "model": "wagtailcore.referenceindex",
  "pk": 289,
  "fields": {
    "content_type": 30,
    "base_content_type": 30,
    "object_id": "29",
    "to_content_type": 32,
    "to_object_id": "6",
    "model_path": "olimpiadsoftskill.item.ss",
    "content_path": "olimpiadsoftskill.202.ss",
    "content_path_hash": "b45bc2f1-70c9-5d03-992c-406de8b60cc5"
  }
},
{
  "model": "wagtailcore.referenceindex",
  "pk": 290,
  "fields": {
    "content_type": 30,
    "base_content_type": 30,
    "object_id": "29",
    "to_content_type": 32,
    "to_object_id": "7",
    "model_path": "olimpiadsoftskill.item.ss",
    "content_path": "olimpiadsoftskill.203.ss",
    "content_path_hash": "2b7c53d6-c072-5b62-bda4-8626a4c27720"
  }
},
{
  "model": "wagtailcore.referenceindex",
  "pk": 291,
  "fields": {
    "content_type": 30,
    "base_content_type": 30,
    "object_id": "29",
    "to_content_type": 29,
    "to_object_id": "6",
    "model_path": "baseolimpiadlesson.item.lesson",
    "content_path": "baseolimpiadlesson.30.lesson",
    "content_path_hash": "397e9bf6-8e32-5940-9cb0-3efe3e865161"
  }
},
{
  "model": "wagtailcore.referenceindex",
  "pk": 292,
  "fields": {
    "content_type": 30,
    "base_content_type": 30,
    "object_id": "29",
    "to_content_type": 29,
    "to_object_id": "1",
    "model_path": "additionalolimpiadlesson.item.lesson",
    "content_path": "additionalolimpiadlesson.59.lesson",
    "content_path_hash": "14e9f5c4-bd75-5b0f-9776-d913fd83b226"
  }
},
{
  "model": "wagtailcore.referenceindex",
  "pk": 293,
  "fields": {
    "content_type": 30,
    "base_content_type": 30,
    "object_id": "29",
    "to_content_type": 29,
    "to_object_id": "7",
    "model_path": "additionalolimpiadlesson.item.lesson",
    "content_path": "additionalolimpiadlesson.60.lesson",
    "content_path_hash": "bcc3d694-0b4c-56ce-b335-2ea0f0ee6809"
  }
},
{
  "model": "wagtailcore.referenceindex",
  "pk": 294,
  "fields": {
    "content_type": 30,
    "base_content_type": 30,
    "object_id": "30",
    "to_content_type": 32,
    "to_object_id": "1",
    "model_path": "olimpiadsoftskill.item.ss",
    "content_path": "olimpiadsoftskill.204.ss",
    "content_path_hash": "afa13168-507c-50e4-86e8-3611311ca84c"
  }
},
{
  "model": "wagtailcore.referenceindex",
  "pk": 295,
  "fields": {
    "content_type": 30,
    "base_content_type": 30,
    "object_id": "30",
    "to_content_type": 32,
    "to_object_id": "2",
    "model_path": "olimpiadsoftskill.item.ss",
    "content_path": "olimpiadsoftskill.205.ss",
    "content_path_hash": "0a967b41-dd56-538d-8920-e000873b1c2e"
  }
},
{
  "model": "wagtailcore.referenceindex",
  "pk": 296,
  "fields": {
    "content_type": 30,
    "base_content_type": 30,
    "object_id": "30",
    "to_content_type": 32,
    "to_object_id": "3",
    "model_path": "olimpiadsoftskill.item.ss",
    "content_path": "olimpiadsoftskill.206.ss",
    "content_path_hash": "09391073-48cd-5a55-a7dd-39c84573a0a2"
  }
},
{
  "model": "wagtailcore.referenceindex",
  "pk": 297,
  "fields": {
    "content_type": 30,
    "base_content_type": 30,
    "object_id": "30",
    "to_content_type": 32,
    "to_object_id": "4",
    "model_path": "olimpiadsoftskill.item.ss",
    "content_path": "olimpiadsoftskill.207.ss",
    "content_path_hash": "fa850199-8f8a-57da-8c02-dc5a07984458"
  }
},
{
  "model": "wagtailcore.referenceindex",
  "pk": 298,
  "fields": {
    "content_type": 30,
    "base_content_type": 30,
    "object_id": "30",
    "to_content_type": 32,
    "to_object_id": "5",
    "model_path": "olimpiadsoftskill.item.ss",
    "content_path": "olimpiadsoftskill.208.ss",
    "content_path_hash": "00d68386-e369-5682-ad16-39be9e196ff8"
  }
},
{
  "model": "wagtailcore.referenceindex",
  "pk": 299,
  "fields": {
    "content_type": 30,
    "base_content_type": 30,
    "object_id": "30",
    "to_content_type": 32,
    "to_object_id": "6",
    "model_path": "olimpiadsoftskill.item.ss",
    "content_path": "olimpiadsoftskill.209.ss",
    "content_path_hash": "763427a6-8633-5c6b-be72-bdce147ce739"
  }
},
{
  "model": "wagtailcore.referenceindex",
  "pk": 300,
  "fields": {
    "content_type": 30,
    "base_content_type": 30,
    "object_id": "30",
    "to_content_type": 32,
    "to_object_id": "7",
    "model_path": "olimpiadsoftskill.item.ss",
    "content_path": "olimpiadsoftskill.210.ss",
    "content_path_hash": "5ace4449-8f60-5482-8dca-5d0180079298"
  }
},
{
  "model": "wagtailcore.referenceindex",
  "pk": 301,
  "fields": {
    "content_type": 30,
    "base_content_type": 30,
    "object_id": "30",
    "to_content_type": 29,
    "to_object_id": "6",
    "model_path": "baseolimpiadlesson.item.lesson",
    "content_path": "baseolimpiadlesson.31.lesson",
    "content_path_hash": "62c53718-3689-5004-bed3-a9a794d8c32b"
  }
},
{
  "model": "wagtailcore.referenceindex",
  "pk": 302,
  "fields": {
    "content_type": 30,
    "base_content_type": 30,
    "object_id": "30",
    "to_content_type": 29,
    "to_object_id": "1",
    "model_path": "additionalolimpiadlesson.item.lesson",
    "content_path": "additionalolimpiadlesson.61.lesson",
    "content_path_hash": "283d8a5d-9025-5656-9e30-f8d183752426"
  }
},
{
  "model": "wagtailcore.referenceindex",
  "pk": 303,
  "fields": {
    "content_type": 30,
    "base_content_type": 30,
    "object_id": "30",
    "to_content_type": 29,
    "to_object_id": "7",
    "model_path": "additionalolimpiadlesson.item.lesson",
    "content_path": "additionalolimpiadlesson.62.lesson",
    "content_path_hash": "221a148c-89cc-57b0-8fe8-b86ed3210166"
  }
},
{
  "model": "wagtailcore.referenceindex",
  "pk": 304,
  "fields": {
    "content_type": 30,
    "base_content_type": 30,
    "object_id": "31",
    "to_content_type": 32,
    "to_object_id": "1",
    "model_path": "olimpiadsoftskill.item.ss",
    "content_path": "olimpiadsoftskill.211.ss",
    "content_path_hash": "04dbd7aa-2a83-538d-bb9d-085a7e957141"
  }
},
{
  "model": "wagtailcore.referenceindex",
  "pk": 305,
  "fields": {
    "content_type": 30,
    "base_content_type": 30,
    "object_id": "31",
    "to_content_type": 32,
    "to_object_id": "2",
    "model_path": "olimpiadsoftskill.item.ss",
    "content_path": "olimpiadsoftskill.212.ss",
    "content_path_hash": "8efacf39-53c9-5cc4-a31b-f2f90d4e618c"
  }
},
{
  "model": "wagtailcore.referenceindex",
  "pk": 306,
  "fields": {
    "content_type": 30,
    "base_content_type": 30,
    "object_id": "31",
    "to_content_type": 32,
    "to_object_id": "3",
    "model_path": "olimpiadsoftskill.item.ss",
    "content_path": "olimpiadsoftskill.213.ss",
    "content_path_hash": "d2bf2a47-b486-5d42-a526-7024486154b7"
  }
},
{
  "model": "wagtailcore.referenceindex",
  "pk": 307,
  "fields": {
    "content_type": 30,
    "base_content_type": 30,
    "object_id": "31",
    "to_content_type": 32,
    "to_object_id": "4",
    "model_path": "olimpiadsoftskill.item.ss",
    "content_path": "olimpiadsoftskill.214.ss",
    "content_path_hash": "4065326f-bc8c-5f8f-82d9-0c7f0c33c17a"
  }
},
{
  "model": "wagtailcore.referenceindex",
  "pk": 308,
  "fields": {
    "content_type": 30,
    "base_content_type": 30,
    "object_id": "31",
    "to_content_type": 32,
    "to_object_id": "5",
    "model_path": "olimpiadsoftskill.item.ss",
    "content_path": "olimpiadsoftskill.215.ss",
    "content_path_hash": "36d2f1a9-f9a0-5795-bf04-a22c335bf4f8"
  }
},
{
  "model": "wagtailcore.referenceindex",
  "pk": 309,
  "fields": {
    "content_type": 30,
    "base_content_type": 30,
    "object_id": "31",
    "to_content_type": 32,
    "to_object_id": "6",
    "model_path": "olimpiadsoftskill.item.ss",
    "content_path": "olimpiadsoftskill.216.ss",
    "content_path_hash": "6ed5660e-dfac-5105-9ee1-be1f1f6cdb9b"
  }
},
{
  "model": "wagtailcore.referenceindex",
  "pk": 310,
  "fields": {
    "content_type": 30,
    "base_content_type": 30,
    "object_id": "31",
    "to_content_type": 32,
    "to_object_id": "7",
    "model_path": "olimpiadsoftskill.item.ss",
    "content_path": "olimpiadsoftskill.217.ss",
    "content_path_hash": "9afb9a8e-5500-5610-80b5-19b5c3374b3e"
  }
},
{
  "model": "wagtailcore.referenceindex",
  "pk": 311,
  "fields": {
    "content_type": 30,
    "base_content_type": 30,
    "object_id": "31",
    "to_content_type": 29,
    "to_object_id": "6",
    "model_path": "baseolimpiadlesson.item.lesson",
    "content_path": "baseolimpiadlesson.32.lesson",
    "content_path_hash": "86427a7e-f19f-5fe5-8881-9a1aa0840e7f"
  }
},
{
  "model": "wagtailcore.referenceindex",
  "pk": 312,
  "fields": {
    "content_type": 30,
    "base_content_type": 30,
    "object_id": "31",
    "to_content_type": 29,
    "to_object_id": "1",
    "model_path": "additionalolimpiadlesson.item.lesson",
    "content_path": "additionalolimpiadlesson.63.lesson",
    "content_path_hash": "0aefe1f9-1a2d-5c50-b5f7-55ffb9ce16b4"
  }
},
{
  "model": "wagtailcore.referenceindex",
  "pk": 313,
  "fields": {
    "content_type": 30,
    "base_content_type": 30,
    "object_id": "32",
    "to_content_type": 32,
    "to_object_id": "1",
    "model_path": "olimpiadsoftskill.item.ss",
    "content_path": "olimpiadsoftskill.218.ss",
    "content_path_hash": "09a560df-bad3-5a06-9597-aeb876b5f5fe"
  }
},
{
  "model": "wagtailcore.referenceindex",
  "pk": 314,
  "fields": {
    "content_type": 30,
    "base_content_type": 30,
    "object_id": "32",
    "to_content_type": 32,
    "to_object_id": "2",
    "model_path": "olimpiadsoftskill.item.ss",
    "content_path": "olimpiadsoftskill.219.ss",
    "content_path_hash": "ad3666c3-97ec-5286-887d-af1360638e43"
  }
},
{
  "model": "wagtailcore.referenceindex",
  "pk": 315,
  "fields": {
    "content_type": 30,
    "base_content_type": 30,
    "object_id": "32",
    "to_content_type": 32,
    "to_object_id": "3",
    "model_path": "olimpiadsoftskill.item.ss",
    "content_path": "olimpiadsoftskill.220.ss",
    "content_path_hash": "de843ca3-37dc-5c49-b2b2-4743f09b821f"
  }
},
{
  "model": "wagtailcore.referenceindex",
  "pk": 316,
  "fields": {
    "content_type": 30,
    "base_content_type": 30,
    "object_id": "32",
    "to_content_type": 32,
    "to_object_id": "4",
    "model_path": "olimpiadsoftskill.item.ss",
    "content_path": "olimpiadsoftskill.221.ss",
    "content_path_hash": "b9058fa3-6202-5188-a196-43b364123fe1"
  }
},
{
  "model": "wagtailcore.referenceindex",
  "pk": 317,
  "fields": {
    "content_type": 30,
    "base_content_type": 30,
    "object_id": "32",
    "to_content_type": 32,
    "to_object_id": "5",
    "model_path": "olimpiadsoftskill.item.ss",
    "content_path": "olimpiadsoftskill.222.ss",
    "content_path_hash": "dd562411-3c6c-5a1d-895f-534303a42c87"
  }
},
{
  "model": "wagtailcore.referenceindex",
  "pk": 318,
  "fields": {
    "content_type": 30,
    "base_content_type": 30,
    "object_id": "32",
    "to_content_type": 32,
    "to_object_id": "6",
    "model_path": "olimpiadsoftskill.item.ss",
    "content_path": "olimpiadsoftskill.223.ss",
    "content_path_hash": "aac6b280-e480-52d7-931a-7391399d2b69"
  }
},
{
  "model": "wagtailcore.referenceindex",
  "pk": 319,
  "fields": {
    "content_type": 30,
    "base_content_type": 30,
    "object_id": "32",
    "to_content_type": 32,
    "to_object_id": "7",
    "model_path": "olimpiadsoftskill.item.ss",
    "content_path": "olimpiadsoftskill.224.ss",
    "content_path_hash": "7b6c13d3-28b3-5363-85fc-11adf48d2187"
  }
},
{
  "model": "wagtailcore.referenceindex",
  "pk": 320,
  "fields": {
    "content_type": 30,
    "base_content_type": 30,
    "object_id": "32",
    "to_content_type": 29,
    "to_object_id": "6",
    "model_path": "baseolimpiadlesson.item.lesson",
    "content_path": "baseolimpiadlesson.33.lesson",
    "content_path_hash": "5911fb96-818d-547f-8ff8-ab42775308ec"
  }
},
{
  "model": "wagtailcore.referenceindex",
  "pk": 321,
  "fields": {
    "content_type": 30,
    "base_content_type": 30,
    "object_id": "32",
    "to_content_type": 29,
    "to_object_id": "7",
    "model_path": "additionalolimpiadlesson.item.lesson",
    "content_path": "additionalolimpiadlesson.64.lesson",
    "content_path_hash": "7144ff4a-aaf0-5a0d-a974-ea74a0ec61bb"
  }
},
{
  "model": "wagtailcore.referenceindex",
  "pk": 322,
  "fields": {
    "content_type": 30,
    "base_content_type": 30,
    "object_id": "32",
    "to_content_type": 29,
    "to_object_id": "8",
    "model_path": "additionalolimpiadlesson.item.lesson",
    "content_path": "additionalolimpiadlesson.65.lesson",
    "content_path_hash": "9b2af699-12c2-5c8c-80fd-0fb7cfff2449"
  }
},
{
  "model": "wagtailcore.referenceindex",
  "pk": 323,
  "fields": {
    "content_type": 30,
    "base_content_type": 30,
    "object_id": "33",
    "to_content_type": 32,
    "to_object_id": "1",
    "model_path": "olimpiadsoftskill.item.ss",
    "content_path": "olimpiadsoftskill.225.ss",
    "content_path_hash": "339a17af-b479-524b-83e1-0038692553f2"
  }
},
{
  "model": "wagtailcore.referenceindex",
  "pk": 324,
  "fields": {
    "content_type": 30,
    "base_content_type": 30,
    "object_id": "33",
    "to_content_type": 32,
    "to_object_id": "2",
    "model_path": "olimpiadsoftskill.item.ss",
    "content_path": "olimpiadsoftskill.226.ss",
    "content_path_hash": "20fa17b4-9b22-5839-94e8-da0024419284"
  }
},
{
  "model": "wagtailcore.referenceindex",
  "pk": 325,
  "fields": {
    "content_type": 30,
    "base_content_type": 30,
    "object_id": "33",
    "to_content_type": 32,
    "to_object_id": "3",
    "model_path": "olimpiadsoftskill.item.ss",
    "content_path": "olimpiadsoftskill.227.ss",
    "content_path_hash": "d63bded8-3360-514f-8398-597a810c1875"
  }
},
{
  "model": "wagtailcore.referenceindex",
  "pk": 326,
  "fields": {
    "content_type": 30,
    "base_content_type": 30,
    "object_id": "33",
    "to_content_type": 32,
    "to_object_id": "4",
    "model_path": "olimpiadsoftskill.item.ss",
    "content_path": "olimpiadsoftskill.228.ss",
    "content_path_hash": "3dc5182c-dfbf-5528-8c8c-8911db01c742"
  }
},
{
  "model": "wagtailcore.referenceindex",
  "pk": 327,
  "fields": {
    "content_type": 30,
    "base_content_type": 30,
    "object_id": "33",
    "to_content_type": 32,
    "to_object_id": "5",
    "model_path": "olimpiadsoftskill.item.ss",
    "content_path": "olimpiadsoftskill.229.ss",
    "content_path_hash": "edddb3c0-935e-5fc6-9fb1-debea18ce3d2"
  }
},
{
  "model": "wagtailcore.referenceindex",
  "pk": 328,
  "fields": {
    "content_type": 30,
    "base_content_type": 30,
    "object_id": "33",
    "to_content_type": 32,
    "to_object_id": "6",
    "model_path": "olimpiadsoftskill.item.ss",
    "content_path": "olimpiadsoftskill.230.ss",
    "content_path_hash": "6e9fae81-1616-5194-8dd3-c200338b805a"
  }
},
{
  "model": "wagtailcore.referenceindex",
  "pk": 329,
  "fields": {
    "content_type": 30,
    "base_content_type": 30,
    "object_id": "33",
    "to_content_type": 32,
    "to_object_id": "7",
    "model_path": "olimpiadsoftskill.item.ss",
    "content_path": "olimpiadsoftskill.231.ss",
    "content_path_hash": "64c97139-7912-5b78-8e7e-55aba611085f"
  }
},
{
  "model": "wagtailcore.referenceindex",
  "pk": 330,
  "fields": {
    "content_type": 30,
    "base_content_type": 30,
    "object_id": "33",
    "to_content_type": 29,
    "to_object_id": "6",
    "model_path": "baseolimpiadlesson.item.lesson",
    "content_path": "baseolimpiadlesson.34.lesson",
    "content_path_hash": "f46e17b2-1d6e-584f-92d5-2b1a6bd1edc7"
  }
},
{
  "model": "wagtailcore.referenceindex",
  "pk": 331,
  "fields": {
    "content_type": 30,
    "base_content_type": 30,
    "object_id": "33",
    "to_content_type": 29,
    "to_object_id": "8",
    "model_path": "additionalolimpiadlesson.item.lesson",
    "content_path": "additionalolimpiadlesson.66.lesson",
    "content_path_hash": "55839eb8-7075-5035-a510-4bcb9c15f7ab"
  }
},
{
  "model": "wagtailcore.referenceindex",
  "pk": 332,
  "fields": {
    "content_type": 30,
    "base_content_type": 30,
    "object_id": "33",
    "to_content_type": 29,
    "to_object_id": "1",
    "model_path": "additionalolimpiadlesson.item.lesson",
    "content_path": "additionalolimpiadlesson.67.lesson",
    "content_path_hash": "89765957-564b-5ce8-91a1-1088a6e1c57f"
  }
},
{
  "model": "wagtailcore.referenceindex",
  "pk": 333,
  "fields": {
    "content_type": 30,
    "base_content_type": 30,
    "object_id": "34",
    "to_content_type": 32,
    "to_object_id": "1",
    "model_path": "olimpiadsoftskill.item.ss",
    "content_path": "olimpiadsoftskill.232.ss",
    "content_path_hash": "2d5093bc-4dde-5ff2-a2a8-544c1b5e9107"
  }
},
{
  "model": "wagtailcore.referenceindex",
  "pk": 334,
  "fields": {
    "content_type": 30,
    "base_content_type": 30,
    "object_id": "34",
    "to_content_type": 32,
    "to_object_id": "2",
    "model_path": "olimpiadsoftskill.item.ss",
    "content_path": "olimpiadsoftskill.233.ss",
    "content_path_hash": "f6d06bb7-2126-50bf-ae5d-30de418c7cbc"
  }
},
{
  "model": "wagtailcore.referenceindex",
  "pk": 335,
  "fields": {
    "content_type": 30,
    "base_content_type": 30,
    "object_id": "34",
    "to_content_type": 32,
    "to_object_id": "3",
    "model_path": "olimpiadsoftskill.item.ss",
    "content_path": "olimpiadsoftskill.234.ss",
    "content_path_hash": "bf14cd46-6efa-535c-a8c5-ff257419fd46"
  }
},
{
  "model": "wagtailcore.referenceindex",
  "pk": 336,
  "fields": {
    "content_type": 30,
    "base_content_type": 30,
    "object_id": "34",
    "to_content_type": 32,
    "to_object_id": "4",
    "model_path": "olimpiadsoftskill.item.ss",
    "content_path": "olimpiadsoftskill.235.ss",
    "content_path_hash": "fe368827-2f47-536a-bd68-ae4534a8d16e"
  }
},
{
  "model": "wagtailcore.referenceindex",
  "pk": 337,
  "fields": {
    "content_type": 30,
    "base_content_type": 30,
    "object_id": "34",
    "to_content_type": 32,
    "to_object_id": "5",
    "model_path": "olimpiadsoftskill.item.ss",
    "content_path": "olimpiadsoftskill.236.ss",
    "content_path_hash": "829b14d7-eb9a-5800-876e-130914cad9c1"
  }
},
{
  "model": "wagtailcore.referenceindex",
  "pk": 338,
  "fields": {
    "content_type": 30,
    "base_content_type": 30,
    "object_id": "34",
    "to_content_type": 32,
    "to_object_id": "6",
    "model_path": "olimpiadsoftskill.item.ss",
    "content_path": "olimpiadsoftskill.237.ss",
    "content_path_hash": "7934a3b1-e13b-5708-a454-9b3373c8863c"
  }
},
{
  "model": "wagtailcore.referenceindex",
  "pk": 339,
  "fields": {
    "content_type": 30,
    "base_content_type": 30,
    "object_id": "34",
    "to_content_type": 32,
    "to_object_id": "7",
    "model_path": "olimpiadsoftskill.item.ss",
    "content_path": "olimpiadsoftskill.238.ss",
    "content_path_hash": "c3b9df95-d050-5620-a038-c12c90ce226d"
  }
},
{
  "model": "wagtailcore.referenceindex",
  "pk": 340,
  "fields": {
    "content_type": 30,
    "base_content_type": 30,
    "object_id": "34",
    "to_content_type": 29,
    "to_object_id": "8",
    "model_path": "baseolimpiadlesson.item.lesson",
    "content_path": "baseolimpiadlesson.35.lesson",
    "content_path_hash": "a0e8d6d6-a745-5a3c-9738-80ff84ebaeeb"
  }
},
{
  "model": "wagtailcore.referenceindex",
  "pk": 341,
  "fields": {
    "content_type": 30,
    "base_content_type": 30,
    "object_id": "34",
    "to_content_type": 29,
    "to_object_id": "1",
    "model_path": "additionalolimpiadlesson.item.lesson",
    "content_path": "additionalolimpiadlesson.68.lesson",
    "content_path_hash": "fd57da0d-1d13-580d-bd82-b4b1bb723e56"
  }
},
{
  "model": "wagtailcore.referenceindex",
  "pk": 342,
  "fields": {
    "content_type": 30,
    "base_content_type": 30,
    "object_id": "34",
    "to_content_type": 29,
    "to_object_id": "6",
    "model_path": "additionalolimpiadlesson.item.lesson",
    "content_path": "additionalolimpiadlesson.69.lesson",
    "content_path_hash": "f4b02bd8-ccae-5c72-a9cc-b47d10f23ac8"
  }
},
{
  "model": "wagtailcore.referenceindex",
  "pk": 343,
  "fields": {
    "content_type": 30,
    "base_content_type": 30,
    "object_id": "34",
    "to_content_type": 29,
    "to_object_id": "7",
    "model_path": "additionalolimpiadlesson.item.lesson",
    "content_path": "additionalolimpiadlesson.70.lesson",
    "content_path_hash": "6f879659-edfe-545d-b340-1ca7f11803a3"
  }
},
{
  "model": "wagtailcore.referenceindex",
  "pk": 344,
  "fields": {
    "content_type": 30,
    "base_content_type": 30,
    "object_id": "35",
    "to_content_type": 32,
    "to_object_id": "1",
    "model_path": "olimpiadsoftskill.item.ss",
    "content_path": "olimpiadsoftskill.239.ss",
    "content_path_hash": "1a28439d-84c1-5238-869f-b1e0c9daadf4"
  }
},
{
  "model": "wagtailcore.referenceindex",
  "pk": 345,
  "fields": {
    "content_type": 30,
    "base_content_type": 30,
    "object_id": "35",
    "to_content_type": 32,
    "to_object_id": "2",
    "model_path": "olimpiadsoftskill.item.ss",
    "content_path": "olimpiadsoftskill.240.ss",
    "content_path_hash": "124f752a-8d83-5a55-a710-e8fd040dec68"
  }
},
{
  "model": "wagtailcore.referenceindex",
  "pk": 346,
  "fields": {
    "content_type": 30,
    "base_content_type": 30,
    "object_id": "35",
    "to_content_type": 32,
    "to_object_id": "3",
    "model_path": "olimpiadsoftskill.item.ss",
    "content_path": "olimpiadsoftskill.241.ss",
    "content_path_hash": "0e841462-d2b2-5cbd-bca5-df891e316331"
  }
},
{
  "model": "wagtailcore.referenceindex",
  "pk": 347,
  "fields": {
    "content_type": 30,
    "base_content_type": 30,
    "object_id": "35",
    "to_content_type": 32,
    "to_object_id": "4",
    "model_path": "olimpiadsoftskill.item.ss",
    "content_path": "olimpiadsoftskill.242.ss",
    "content_path_hash": "65385d62-03c0-562f-ac1c-9b3426825a04"
  }
},
{
  "model": "wagtailcore.referenceindex",
  "pk": 348,
  "fields": {
    "content_type": 30,
    "base_content_type": 30,
    "object_id": "35",
    "to_content_type": 32,
    "to_object_id": "5",
    "model_path": "olimpiadsoftskill.item.ss",
    "content_path": "olimpiadsoftskill.243.ss",
    "content_path_hash": "5b8249b6-01e4-50f8-a2f2-2e12f2c7c325"
  }
},
{
  "model": "wagtailcore.referenceindex",
  "pk": 349,
  "fields": {
    "content_type": 30,
    "base_content_type": 30,
    "object_id": "35",
    "to_content_type": 32,
    "to_object_id": "6",
    "model_path": "olimpiadsoftskill.item.ss",
    "content_path": "olimpiadsoftskill.244.ss",
    "content_path_hash": "bdb02153-0d46-5a81-b874-fc01d0ab440e"
  }
},
{
  "model": "wagtailcore.referenceindex",
  "pk": 350,
  "fields": {
    "content_type": 30,
    "base_content_type": 30,
    "object_id": "35",
    "to_content_type": 32,
    "to_object_id": "7",
    "model_path": "olimpiadsoftskill.item.ss",
    "content_path": "olimpiadsoftskill.245.ss",
    "content_path_hash": "2daf66d3-fb22-5120-8e22-5064433157df"
  }
},
{
  "model": "wagtailcore.referenceindex",
  "pk": 351,
  "fields": {
    "content_type": 30,
    "base_content_type": 30,
    "object_id": "35",
    "to_content_type": 29,
    "to_object_id": "8",
    "model_path": "baseolimpiadlesson.item.lesson",
    "content_path": "baseolimpiadlesson.36.lesson",
    "content_path_hash": "39709419-0d31-525d-94a3-ca3829e4f639"
  }
},
{
  "model": "wagtailcore.referenceindex",
  "pk": 352,
  "fields": {
    "content_type": 30,
    "base_content_type": 30,
    "object_id": "35",
    "to_content_type": 29,
    "to_object_id": "1",
    "model_path": "additionalolimpiadlesson.item.lesson",
    "content_path": "additionalolimpiadlesson.71.lesson",
    "content_path_hash": "5f84b1af-4133-533f-b9b1-ae723a1f09ee"
  }
},
{
  "model": "wagtailcore.referenceindex",
  "pk": 353,
  "fields": {
    "content_type": 30,
    "base_content_type": 30,
    "object_id": "35",
    "to_content_type": 29,
    "to_object_id": "6",
    "model_path": "additionalolimpiadlesson.item.lesson",
    "content_path": "additionalolimpiadlesson.72.lesson",
    "content_path_hash": "b9359b23-0b99-57df-8801-06ad752f285e"
  }
},
{
  "model": "wagtailcore.referenceindex",
  "pk": 354,
  "fields": {
    "content_type": 30,
    "base_content_type": 30,
    "object_id": "35",
    "to_content_type": 29,
    "to_object_id": "7",
    "model_path": "additionalolimpiadlesson.item.lesson",
    "content_path": "additionalolimpiadlesson.73.lesson",
    "content_path_hash": "91a49f29-50d5-5943-a3d8-09afff8bb71f"
  }
},
{
  "model": "wagtailcore.referenceindex",
  "pk": 355,
  "fields": {
    "content_type": 30,
    "base_content_type": 30,
    "object_id": "36",
    "to_content_type": 32,
    "to_object_id": "1",
    "model_path": "olimpiadsoftskill.item.ss",
    "content_path": "olimpiadsoftskill.246.ss",
    "content_path_hash": "c2c6ced0-9f5d-5caf-822b-a58a8adee492"
  }
},
{
  "model": "wagtailcore.referenceindex",
  "pk": 356,
  "fields": {
    "content_type": 30,
    "base_content_type": 30,
    "object_id": "36",
    "to_content_type": 32,
    "to_object_id": "2",
    "model_path": "olimpiadsoftskill.item.ss",
    "content_path": "olimpiadsoftskill.247.ss",
    "content_path_hash": "81678d72-4c6d-50ca-b8bd-e2002617c024"
  }
},
{
  "model": "wagtailcore.referenceindex",
  "pk": 357,
  "fields": {
    "content_type": 30,
    "base_content_type": 30,
    "object_id": "36",
    "to_content_type": 32,
    "to_object_id": "3",
    "model_path": "olimpiadsoftskill.item.ss",
    "content_path": "olimpiadsoftskill.248.ss",
    "content_path_hash": "f49452a1-6d00-5456-b7ed-e7411d19e871"
  }
},
{
  "model": "wagtailcore.referenceindex",
  "pk": 358,
  "fields": {
    "content_type": 30,
    "base_content_type": 30,
    "object_id": "36",
    "to_content_type": 32,
    "to_object_id": "4",
    "model_path": "olimpiadsoftskill.item.ss",
    "content_path": "olimpiadsoftskill.249.ss",
    "content_path_hash": "617122e4-be30-550a-bdd8-66dae2d273c8"
  }
},
{
  "model": "wagtailcore.referenceindex",
  "pk": 359,
  "fields": {
    "content_type": 30,
    "base_content_type": 30,
    "object_id": "36",
    "to_content_type": 32,
    "to_object_id": "5",
    "model_path": "olimpiadsoftskill.item.ss",
    "content_path": "olimpiadsoftskill.250.ss",
    "content_path_hash": "1d776739-1c44-5179-8d43-1857900971e6"
  }
},
{
  "model": "wagtailcore.referenceindex",
  "pk": 360,
  "fields": {
    "content_type": 30,
    "base_content_type": 30,
    "object_id": "36",
    "to_content_type": 32,
    "to_object_id": "6",
    "model_path": "olimpiadsoftskill.item.ss",
    "content_path": "olimpiadsoftskill.251.ss",
    "content_path_hash": "681589c8-b000-527f-9f12-1ec85214b2bf"
  }
},
{
  "model": "wagtailcore.referenceindex",
  "pk": 361,
  "fields": {
    "content_type": 30,
    "base_content_type": 30,
    "object_id": "36",
    "to_content_type": 32,
    "to_object_id": "7",
    "model_path": "olimpiadsoftskill.item.ss",
    "content_path": "olimpiadsoftskill.252.ss",
    "content_path_hash": "7adbff2b-c6a2-5de1-97f7-4368ac657c55"
  }
},
{
  "model": "wagtailcore.referenceindex",
  "pk": 362,
  "fields": {
    "content_type": 30,
    "base_content_type": 30,
    "object_id": "36",
    "to_content_type": 29,
    "to_object_id": "8",
    "model_path": "baseolimpiadlesson.item.lesson",
    "content_path": "baseolimpiadlesson.37.lesson",
    "content_path_hash": "1b43671f-bd27-5d0c-9d0c-cec40eb023ec"
  }
},
{
  "model": "wagtailcore.referenceindex",
  "pk": 363,
  "fields": {
    "content_type": 30,
    "base_content_type": 30,
    "object_id": "36",
    "to_content_type": 29,
    "to_object_id": "7",
    "model_path": "additionalolimpiadlesson.item.lesson",
    "content_path": "additionalolimpiadlesson.74.lesson",
    "content_path_hash": "9ad4d059-5297-58af-af0a-a9ce3b97b910"
  }
},
{
  "model": "wagtailcore.referenceindex",
  "pk": 364,
  "fields": {
    "content_type": 30,
    "base_content_type": 30,
    "object_id": "36",
    "to_content_type": 29,
    "to_object_id": "1",
    "model_path": "additionalolimpiadlesson.item.lesson",
    "content_path": "additionalolimpiadlesson.75.lesson",
    "content_path_hash": "80ed0ec3-af7d-5df9-b562-ef57885eb1dd"
  }
},
{
  "model": "wagtailcore.referenceindex",
  "pk": 365,
  "fields": {
    "content_type": 30,
    "base_content_type": 30,
    "object_id": "37",
    "to_content_type": 32,
    "to_object_id": "1",
    "model_path": "olimpiadsoftskill.item.ss",
    "content_path": "olimpiadsoftskill.253.ss",
    "content_path_hash": "2b0b5278-dff4-5218-92d6-c92dc2e04b8a"
  }
},
{
  "model": "wagtailcore.referenceindex",
  "pk": 366,
  "fields": {
    "content_type": 30,
    "base_content_type": 30,
    "object_id": "37",
    "to_content_type": 32,
    "to_object_id": "2",
    "model_path": "olimpiadsoftskill.item.ss",
    "content_path": "olimpiadsoftskill.254.ss",
    "content_path_hash": "1a6f9a08-7318-5e78-bb1a-d5c6122957f7"
  }
},
{
  "model": "wagtailcore.referenceindex",
  "pk": 367,
  "fields": {
    "content_type": 30,
    "base_content_type": 30,
    "object_id": "37",
    "to_content_type": 32,
    "to_object_id": "3",
    "model_path": "olimpiadsoftskill.item.ss",
    "content_path": "olimpiadsoftskill.255.ss",
    "content_path_hash": "0006510f-7820-53fc-928c-b2c5b8e27c0f"
  }
},
{
  "model": "wagtailcore.referenceindex",
  "pk": 368,
  "fields": {
    "content_type": 30,
    "base_content_type": 30,
    "object_id": "37",
    "to_content_type": 32,
    "to_object_id": "4",
    "model_path": "olimpiadsoftskill.item.ss",
    "content_path": "olimpiadsoftskill.256.ss",
    "content_path_hash": "81b64d5f-076e-5fa1-a5d7-da00cfa62f60"
  }
},
{
  "model": "wagtailcore.referenceindex",
  "pk": 369,
  "fields": {
    "content_type": 30,
    "base_content_type": 30,
    "object_id": "37",
    "to_content_type": 32,
    "to_object_id": "5",
    "model_path": "olimpiadsoftskill.item.ss",
    "content_path": "olimpiadsoftskill.257.ss",
    "content_path_hash": "26dcbeb6-72e9-5d07-8e46-487c9ad97421"
  }
},
{
  "model": "wagtailcore.referenceindex",
  "pk": 370,
  "fields": {
    "content_type": 30,
    "base_content_type": 30,
    "object_id": "37",
    "to_content_type": 32,
    "to_object_id": "6",
    "model_path": "olimpiadsoftskill.item.ss",
    "content_path": "olimpiadsoftskill.258.ss",
    "content_path_hash": "82d0f8c1-99d5-5c40-8b49-57697bb19e4a"
  }
},
{
  "model": "wagtailcore.referenceindex",
  "pk": 371,
  "fields": {
    "content_type": 30,
    "base_content_type": 30,
    "object_id": "37",
    "to_content_type": 32,
    "to_object_id": "7",
    "model_path": "olimpiadsoftskill.item.ss",
    "content_path": "olimpiadsoftskill.259.ss",
    "content_path_hash": "a8cb6e3b-5506-5e8b-8010-965ec99790d0"
  }
},
{
  "model": "wagtailcore.referenceindex",
  "pk": 372,
  "fields": {
    "content_type": 30,
    "base_content_type": 30,
    "object_id": "37",
    "to_content_type": 29,
    "to_object_id": "8",
    "model_path": "baseolimpiadlesson.item.lesson",
    "content_path": "baseolimpiadlesson.38.lesson",
    "content_path_hash": "441a7292-be89-518b-bc24-6c31436eca18"
  }
},
{
  "model": "wagtailcore.referenceindex",
  "pk": 373,
  "fields": {
    "content_type": 30,
    "base_content_type": 30,
    "object_id": "37",
    "to_content_type": 29,
    "to_object_id": "7",
    "model_path": "additionalolimpiadlesson.item.lesson",
    "content_path": "additionalolimpiadlesson.76.lesson",
    "content_path_hash": "b482f0e7-a7e6-5ac4-bd4a-29637ed13941"
  }
},
{
  "model": "wagtailcore.referenceindex",
  "pk": 374,
  "fields": {
    "content_type": 30,
    "base_content_type": 30,
    "object_id": "37",
    "to_content_type": 29,
    "to_object_id": "1",
    "model_path": "additionalolimpiadlesson.item.lesson",
    "content_path": "additionalolimpiadlesson.77.lesson",
    "content_path_hash": "16904e45-709a-5728-b82b-53b58dc9a524"
  }
},
{
  "model": "wagtailcore.referenceindex",
  "pk": 375,
  "fields": {
    "content_type": 30,
    "base_content_type": 30,
    "object_id": "38",
    "to_content_type": 32,
    "to_object_id": "1",
    "model_path": "olimpiadsoftskill.item.ss",
    "content_path": "olimpiadsoftskill.260.ss",
    "content_path_hash": "ba5dc364-1916-5014-b21c-e29aa8465623"
  }
},
{
  "model": "wagtailcore.referenceindex",
  "pk": 376,
  "fields": {
    "content_type": 30,
    "base_content_type": 30,
    "object_id": "38",
    "to_content_type": 32,
    "to_object_id": "2",
    "model_path": "olimpiadsoftskill.item.ss",
    "content_path": "olimpiadsoftskill.261.ss",
    "content_path_hash": "e596a762-b07c-59a0-acb9-c07b26c2a4fd"
  }
},
{
  "model": "wagtailcore.referenceindex",
  "pk": 377,
  "fields": {
    "content_type": 30,
    "base_content_type": 30,
    "object_id": "38",
    "to_content_type": 32,
    "to_object_id": "3",
    "model_path": "olimpiadsoftskill.item.ss",
    "content_path": "olimpiadsoftskill.262.ss",
    "content_path_hash": "3432925f-e91e-59af-9ed6-1cdea05f81e8"
  }
},
{
  "model": "wagtailcore.referenceindex",
  "pk": 378,
  "fields": {
    "content_type": 30,
    "base_content_type": 30,
    "object_id": "38",
    "to_content_type": 32,
    "to_object_id": "4",
    "model_path": "olimpiadsoftskill.item.ss",
    "content_path": "olimpiadsoftskill.263.ss",
    "content_path_hash": "48803a90-ed63-5ade-856b-0f3e3603a27f"
  }
},
{
  "model": "wagtailcore.referenceindex",
  "pk": 379,
  "fields": {
    "content_type": 30,
    "base_content_type": 30,
    "object_id": "38",
    "to_content_type": 32,
    "to_object_id": "5",
    "model_path": "olimpiadsoftskill.item.ss",
    "content_path": "olimpiadsoftskill.264.ss",
    "content_path_hash": "20d56047-914f-5531-81d7-b9e35a6b93bd"
  }
},
{
  "model": "wagtailcore.referenceindex",
  "pk": 380,
  "fields": {
    "content_type": 30,
    "base_content_type": 30,
    "object_id": "38",
    "to_content_type": 32,
    "to_object_id": "6",
    "model_path": "olimpiadsoftskill.item.ss",
    "content_path": "olimpiadsoftskill.265.ss",
    "content_path_hash": "c058325d-1fda-5df3-a39e-e82b34b7b06e"
  }
},
{
  "model": "wagtailcore.referenceindex",
  "pk": 381,
  "fields": {
    "content_type": 30,
    "base_content_type": 30,
    "object_id": "38",
    "to_content_type": 32,
    "to_object_id": "7",
    "model_path": "olimpiadsoftskill.item.ss",
    "content_path": "olimpiadsoftskill.266.ss",
    "content_path_hash": "d1a43672-48de-573e-9597-6ea3c9cfe437"
  }
},
{
  "model": "wagtailcore.referenceindex",
  "pk": 382,
  "fields": {
    "content_type": 30,
    "base_content_type": 30,
    "object_id": "38",
    "to_content_type": 29,
    "to_object_id": "8",
    "model_path": "baseolimpiadlesson.item.lesson",
    "content_path": "baseolimpiadlesson.39.lesson",
    "content_path_hash": "64cdefe6-e672-5618-a891-051b6c4eaa70"
  }
},
{
  "model": "wagtailcore.referenceindex",
  "pk": 383,
  "fields": {
    "content_type": 30,
    "base_content_type": 30,
    "object_id": "38",
    "to_content_type": 29,
    "to_object_id": "6",
    "model_path": "additionalolimpiadlesson.item.lesson",
    "content_path": "additionalolimpiadlesson.78.lesson",
    "content_path_hash": "481cd8b9-a8da-5488-965a-7f5e38f0d5ff"
  }
},
{
  "model": "wagtailcore.referenceindex",
  "pk": 384,
  "fields": {
    "content_type": 30,
    "base_content_type": 30,
    "object_id": "38",
    "to_content_type": 29,
    "to_object_id": "7",
    "model_path": "additionalolimpiadlesson.item.lesson",
    "content_path": "additionalolimpiadlesson.79.lesson",
    "content_path_hash": "54c8800b-eacd-58c2-b054-c0f296af19a2"
  }
},
{
  "model": "wagtailcore.referenceindex",
  "pk": 385,
  "fields": {
    "content_type": 30,
    "base_content_type": 30,
    "object_id": "39",
    "to_content_type": 32,
    "to_object_id": "1",
    "model_path": "olimpiadsoftskill.item.ss",
    "content_path": "olimpiadsoftskill.267.ss",
    "content_path_hash": "8bfffe16-247a-5c46-a349-55c54a42b54b"
  }
},
{
  "model": "wagtailcore.referenceindex",
  "pk": 386,
  "fields": {
    "content_type": 30,
    "base_content_type": 30,
    "object_id": "39",
    "to_content_type": 32,
    "to_object_id": "2",
    "model_path": "olimpiadsoftskill.item.ss",
    "content_path": "olimpiadsoftskill.268.ss",
    "content_path_hash": "ae71342e-4cc4-58ba-9d56-1488319433e5"
  }
},
{
  "model": "wagtailcore.referenceindex",
  "pk": 387,
  "fields": {
    "content_type": 30,
    "base_content_type": 30,
    "object_id": "39",
    "to_content_type": 32,
    "to_object_id": "3",
    "model_path": "olimpiadsoftskill.item.ss",
    "content_path": "olimpiadsoftskill.269.ss",
    "content_path_hash": "4e749597-cebd-52c7-bb18-9e4327cc771a"
  }
},
{
  "model": "wagtailcore.referenceindex",
  "pk": 388,
  "fields": {
    "content_type": 30,
    "base_content_type": 30,
    "object_id": "39",
    "to_content_type": 32,
    "to_object_id": "4",
    "model_path": "olimpiadsoftskill.item.ss",
    "content_path": "olimpiadsoftskill.270.ss",
    "content_path_hash": "8b3b99ee-7ede-525a-b1ae-1671f09ab03a"
  }
},
{
  "model": "wagtailcore.referenceindex",
  "pk": 389,
  "fields": {
    "content_type": 30,
    "base_content_type": 30,
    "object_id": "39",
    "to_content_type": 32,
    "to_object_id": "5",
    "model_path": "olimpiadsoftskill.item.ss",
    "content_path": "olimpiadsoftskill.271.ss",
    "content_path_hash": "14bae8d0-4925-590d-9ca9-d76231aa5ace"
  }
},
{
  "model": "wagtailcore.referenceindex",
  "pk": 390,
  "fields": {
    "content_type": 30,
    "base_content_type": 30,
    "object_id": "39",
    "to_content_type": 32,
    "to_object_id": "6",
    "model_path": "olimpiadsoftskill.item.ss",
    "content_path": "olimpiadsoftskill.272.ss",
    "content_path_hash": "d439050d-da3a-5ab9-a72c-5f4e232ff623"
  }
},
{
  "model": "wagtailcore.referenceindex",
  "pk": 391,
  "fields": {
    "content_type": 30,
    "base_content_type": 30,
    "object_id": "39",
    "to_content_type": 32,
    "to_object_id": "7",
    "model_path": "olimpiadsoftskill.item.ss",
    "content_path": "olimpiadsoftskill.273.ss",
    "content_path_hash": "06300dce-6530-52dd-bd2c-46bcfa29aded"
  }
},
{
  "model": "wagtailcore.referenceindex",
  "pk": 392,
  "fields": {
    "content_type": 30,
    "base_content_type": 30,
    "object_id": "39",
    "to_content_type": 29,
    "to_object_id": "8",
    "model_path": "baseolimpiadlesson.item.lesson",
    "content_path": "baseolimpiadlesson.40.lesson",
    "content_path_hash": "4d614d79-0bc9-58f4-a76d-ded6510fc515"
  }
},
{
  "model": "wagtailcore.referenceindex",
  "pk": 393,
  "fields": {
    "content_type": 30,
    "base_content_type": 30,
    "object_id": "39",
    "to_content_type": 29,
    "to_object_id": "7",
    "model_path": "additionalolimpiadlesson.item.lesson",
    "content_path": "additionalolimpiadlesson.80.lesson",
    "content_path_hash": "22a7ec7c-c981-5f56-bda4-b673217853ac"
  }
},
{
  "model": "wagtailcore.referenceindex",
  "pk": 394,
  "fields": {
    "content_type": 30,
    "base_content_type": 30,
    "object_id": "39",
    "to_content_type": 29,
    "to_object_id": "1",
    "model_path": "additionalolimpiadlesson.item.lesson",
    "content_path": "additionalolimpiadlesson.81.lesson",
    "content_path_hash": "50191195-bbba-5770-b717-2d4ed1ea56e0"
  }
},
{
  "model": "wagtailcore.referenceindex",
  "pk": 395,
  "fields": {
    "content_type": 30,
    "base_content_type": 30,
    "object_id": "40",
    "to_content_type": 32,
    "to_object_id": "1",
    "model_path": "olimpiadsoftskill.item.ss",
    "content_path": "olimpiadsoftskill.274.ss",
    "content_path_hash": "367f99a2-1cfa-5512-b361-d14af7969354"
  }
},
{
  "model": "wagtailcore.referenceindex",
  "pk": 396,
  "fields": {
    "content_type": 30,
    "base_content_type": 30,
    "object_id": "40",
    "to_content_type": 32,
    "to_object_id": "2",
    "model_path": "olimpiadsoftskill.item.ss",
    "content_path": "olimpiadsoftskill.275.ss",
    "content_path_hash": "819f4d3b-7a2c-5b26-ba28-8aca9f24fe31"
  }
},
{
  "model": "wagtailcore.referenceindex",
  "pk": 397,
  "fields": {
    "content_type": 30,
    "base_content_type": 30,
    "object_id": "40",
    "to_content_type": 32,
    "to_object_id": "3",
    "model_path": "olimpiadsoftskill.item.ss",
    "content_path": "olimpiadsoftskill.276.ss",
    "content_path_hash": "9ee5dcf0-f6db-530b-9fc0-62768c7ed121"
  }
},
{
  "model": "wagtailcore.referenceindex",
  "pk": 398,
  "fields": {
    "content_type": 30,
    "base_content_type": 30,
    "object_id": "40",
    "to_content_type": 32,
    "to_object_id": "4",
    "model_path": "olimpiadsoftskill.item.ss",
    "content_path": "olimpiadsoftskill.277.ss",
    "content_path_hash": "cb608942-13fd-5b4c-8334-7e484763b9ae"
  }
},
{
  "model": "wagtailcore.referenceindex",
  "pk": 399,
  "fields": {
    "content_type": 30,
    "base_content_type": 30,
    "object_id": "40",
    "to_content_type": 32,
    "to_object_id": "5",
    "model_path": "olimpiadsoftskill.item.ss",
    "content_path": "olimpiadsoftskill.278.ss",
    "content_path_hash": "511532b4-b259-544e-8fc4-e71e74cddc7f"
  }
},
{
  "model": "wagtailcore.referenceindex",
  "pk": 400,
  "fields": {
    "content_type": 30,
    "base_content_type": 30,
    "object_id": "40",
    "to_content_type": 32,
    "to_object_id": "6",
    "model_path": "olimpiadsoftskill.item.ss",
    "content_path": "olimpiadsoftskill.279.ss",
    "content_path_hash": "e8649f5f-c73c-5c68-9579-5406e0c3f590"
  }
},
{
  "model": "wagtailcore.referenceindex",
  "pk": 401,
  "fields": {
    "content_type": 30,
    "base_content_type": 30,
    "object_id": "40",
    "to_content_type": 32,
    "to_object_id": "7",
    "model_path": "olimpiadsoftskill.item.ss",
    "content_path": "olimpiadsoftskill.280.ss",
    "content_path_hash": "aab65367-758a-5d4b-ba17-151606531ffa"
  }
},
{
  "model": "wagtailcore.referenceindex",
  "pk": 402,
  "fields": {
    "content_type": 30,
    "base_content_type": 30,
    "object_id": "40",
    "to_content_type": 29,
    "to_object_id": "14",
    "model_path": "baseolimpiadlesson.item.lesson",
    "content_path": "baseolimpiadlesson.41.lesson",
    "content_path_hash": "e28aa5a9-c7e5-5437-abf6-bf595c738e1a"
  }
},
{
  "model": "wagtailcore.referenceindex",
  "pk": 403,
  "fields": {
    "content_type": 30,
    "base_content_type": 30,
    "object_id": "40",
    "to_content_type": 29,
    "to_object_id": "5",
    "model_path": "additionalolimpiadlesson.item.lesson",
    "content_path": "additionalolimpiadlesson.82.lesson",
    "content_path_hash": "16644985-f2ab-5930-8394-398eaee2cdf1"
  }
},
{
  "model": "wagtailcore.referenceindex",
  "pk": 404,
  "fields": {
    "content_type": 30,
    "base_content_type": 30,
    "object_id": "40",
    "to_content_type": 29,
    "to_object_id": "13",
    "model_path": "additionalolimpiadlesson.item.lesson",
    "content_path": "additionalolimpiadlesson.83.lesson",
    "content_path_hash": "4000fdf7-b3cb-52d1-ae39-dcaa7352e891"
  }
},
{
  "model": "wagtailcore.referenceindex",
  "pk": 405,
  "fields": {
    "content_type": 30,
    "base_content_type": 30,
    "object_id": "41",
    "to_content_type": 32,
    "to_object_id": "1",
    "model_path": "olimpiadsoftskill.item.ss",
    "content_path": "olimpiadsoftskill.281.ss",
    "content_path_hash": "2bccaeaa-56b7-5621-bc22-a2e4345a148a"
  }
},
{
  "model": "wagtailcore.referenceindex",
  "pk": 406,
  "fields": {
    "content_type": 30,
    "base_content_type": 30,
    "object_id": "41",
    "to_content_type": 32,
    "to_object_id": "2",
    "model_path": "olimpiadsoftskill.item.ss",
    "content_path": "olimpiadsoftskill.282.ss",
    "content_path_hash": "4b1deab7-51f5-5a82-8b06-c041c8b35be2"
  }
},
{
  "model": "wagtailcore.referenceindex",
  "pk": 407,
  "fields": {
    "content_type": 30,
    "base_content_type": 30,
    "object_id": "41",
    "to_content_type": 32,
    "to_object_id": "3",
    "model_path": "olimpiadsoftskill.item.ss",
    "content_path": "olimpiadsoftskill.283.ss",
    "content_path_hash": "137455d9-4cbc-527b-b314-d09a5a13c0ea"
  }
},
{
  "model": "wagtailcore.referenceindex",
  "pk": 408,
  "fields": {
    "content_type": 30,
    "base_content_type": 30,
    "object_id": "41",
    "to_content_type": 32,
    "to_object_id": "4",
    "model_path": "olimpiadsoftskill.item.ss",
    "content_path": "olimpiadsoftskill.284.ss",
    "content_path_hash": "129d67aa-856c-5e9c-be41-7399d7617b24"
  }
},
{
  "model": "wagtailcore.referenceindex",
  "pk": 409,
  "fields": {
    "content_type": 30,
    "base_content_type": 30,
    "object_id": "41",
    "to_content_type": 32,
    "to_object_id": "5",
    "model_path": "olimpiadsoftskill.item.ss",
    "content_path": "olimpiadsoftskill.285.ss",
    "content_path_hash": "0d32aa2f-5d6b-5d6f-b9d8-16e02b410882"
  }
},
{
  "model": "wagtailcore.referenceindex",
  "pk": 410,
  "fields": {
    "content_type": 30,
    "base_content_type": 30,
    "object_id": "41",
    "to_content_type": 32,
    "to_object_id": "6",
    "model_path": "olimpiadsoftskill.item.ss",
    "content_path": "olimpiadsoftskill.286.ss",
    "content_path_hash": "b35dd83d-6e7c-5234-9894-4df9580a8c86"
  }
},
{
  "model": "wagtailcore.referenceindex",
  "pk": 411,
  "fields": {
    "content_type": 30,
    "base_content_type": 30,
    "object_id": "41",
    "to_content_type": 32,
    "to_object_id": "7",
    "model_path": "olimpiadsoftskill.item.ss",
    "content_path": "olimpiadsoftskill.287.ss",
    "content_path_hash": "680dda7a-ac23-55de-a9db-b75291ad1eb2"
  }
},
{
  "model": "wagtailcore.referenceindex",
  "pk": 412,
  "fields": {
    "content_type": 30,
    "base_content_type": 30,
    "object_id": "41",
    "to_content_type": 29,
    "to_object_id": "14",
    "model_path": "baseolimpiadlesson.item.lesson",
    "content_path": "baseolimpiadlesson.42.lesson",
    "content_path_hash": "f074261a-4827-5acb-863d-6c5d48af1f20"
  }
},
{
  "model": "wagtailcore.referenceindex",
  "pk": 413,
  "fields": {
    "content_type": 30,
    "base_content_type": 30,
    "object_id": "41",
    "to_content_type": 29,
    "to_object_id": "13",
    "model_path": "additionalolimpiadlesson.item.lesson",
    "content_path": "additionalolimpiadlesson.84.lesson",
    "content_path_hash": "b2f0adae-867e-551f-b44e-4e3be1e5d5bf"
  }
},
{
  "model": "wagtailcore.referenceindex",
  "pk": 414,
  "fields": {
    "content_type": 30,
    "base_content_type": 30,
    "object_id": "41",
    "to_content_type": 29,
    "to_object_id": "5",
    "model_path": "additionalolimpiadlesson.item.lesson",
    "content_path": "additionalolimpiadlesson.85.lesson",
    "content_path_hash": "5212e49a-dcba-5106-b223-22c728b0257e"
  }
},
{
  "model": "wagtailcore.referenceindex",
  "pk": 415,
  "fields": {
    "content_type": 30,
    "base_content_type": 30,
    "object_id": "42",
    "to_content_type": 32,
    "to_object_id": "1",
    "model_path": "olimpiadsoftskill.item.ss",
    "content_path": "olimpiadsoftskill.288.ss",
    "content_path_hash": "43f33d53-2715-5996-88ec-c63a96e533ac"
  }
},
{
  "model": "wagtailcore.referenceindex",
  "pk": 416,
  "fields": {
    "content_type": 30,
    "base_content_type": 30,
    "object_id": "42",
    "to_content_type": 32,
    "to_object_id": "2",
    "model_path": "olimpiadsoftskill.item.ss",
    "content_path": "olimpiadsoftskill.289.ss",
    "content_path_hash": "571550c6-0f9f-5b0d-bbbf-37e1aa9574a0"
  }
},
{
  "model": "wagtailcore.referenceindex",
  "pk": 417,
  "fields": {
    "content_type": 30,
    "base_content_type": 30,
    "object_id": "42",
    "to_content_type": 32,
    "to_object_id": "3",
    "model_path": "olimpiadsoftskill.item.ss",
    "content_path": "olimpiadsoftskill.290.ss",
    "content_path_hash": "3a433ee4-e085-51e1-af72-17d544e5f9eb"
  }
},
{
  "model": "wagtailcore.referenceindex",
  "pk": 418,
  "fields": {
    "content_type": 30,
    "base_content_type": 30,
    "object_id": "42",
    "to_content_type": 32,
    "to_object_id": "4",
    "model_path": "olimpiadsoftskill.item.ss",
    "content_path": "olimpiadsoftskill.291.ss",
    "content_path_hash": "32770cba-238d-529e-bcc4-79366c115dee"
  }
},
{
  "model": "wagtailcore.referenceindex",
  "pk": 419,
  "fields": {
    "content_type": 30,
    "base_content_type": 30,
    "object_id": "42",
    "to_content_type": 32,
    "to_object_id": "5",
    "model_path": "olimpiadsoftskill.item.ss",
    "content_path": "olimpiadsoftskill.292.ss",
    "content_path_hash": "8ffb40ee-e7c4-5f3e-9681-c7af14493446"
  }
},
{
  "model": "wagtailcore.referenceindex",
  "pk": 420,
  "fields": {
    "content_type": 30,
    "base_content_type": 30,
    "object_id": "42",
    "to_content_type": 32,
    "to_object_id": "6",
    "model_path": "olimpiadsoftskill.item.ss",
    "content_path": "olimpiadsoftskill.293.ss",
    "content_path_hash": "5672dac6-b1c9-5c7b-be0e-8f3dd3b8e09c"
  }
},
{
  "model": "wagtailcore.referenceindex",
  "pk": 421,
  "fields": {
    "content_type": 30,
    "base_content_type": 30,
    "object_id": "42",
    "to_content_type": 32,
    "to_object_id": "7",
    "model_path": "olimpiadsoftskill.item.ss",
    "content_path": "olimpiadsoftskill.294.ss",
    "content_path_hash": "7160c173-57b0-5108-a16d-c1c5fb347f68"
  }
},
{
  "model": "wagtailcore.referenceindex",
  "pk": 422,
  "fields": {
    "content_type": 30,
    "base_content_type": 30,
    "object_id": "42",
    "to_content_type": 29,
    "to_object_id": "14",
    "model_path": "baseolimpiadlesson.item.lesson",
    "content_path": "baseolimpiadlesson.43.lesson",
    "content_path_hash": "e3a92278-82d6-5556-8831-616fc3a95894"
  }
},
{
  "model": "wagtailcore.referenceindex",
  "pk": 423,
  "fields": {
    "content_type": 30,
    "base_content_type": 30,
    "object_id": "42",
    "to_content_type": 29,
    "to_object_id": "13",
    "model_path": "additionalolimpiadlesson.item.lesson",
    "content_path": "additionalolimpiadlesson.86.lesson",
    "content_path_hash": "05eb0b53-b878-5b07-abe4-ea8c0c3ed857"
  }
},
{
  "model": "wagtailcore.referenceindex",
  "pk": 424,
  "fields": {
    "content_type": 30,
    "base_content_type": 30,
    "object_id": "42",
    "to_content_type": 29,
    "to_object_id": "5",
    "model_path": "additionalolimpiadlesson.item.lesson",
    "content_path": "additionalolimpiadlesson.87.lesson",
    "content_path_hash": "b6b6247c-1586-5e4e-ab91-eaa1699679fa"
  }
},
{
  "model": "wagtailcore.referenceindex",
  "pk": 425,
  "fields": {
    "content_type": 30,
    "base_content_type": 30,
    "object_id": "43",
    "to_content_type": 32,
    "to_object_id": "1",
    "model_path": "olimpiadsoftskill.item.ss",
    "content_path": "olimpiadsoftskill.295.ss",
    "content_path_hash": "3b63c0f2-0f6f-5fc1-8f69-6bc51a3622ea"
  }
},
{
  "model": "wagtailcore.referenceindex",
  "pk": 426,
  "fields": {
    "content_type": 30,
    "base_content_type": 30,
    "object_id": "43",
    "to_content_type": 32,
    "to_object_id": "2",
    "model_path": "olimpiadsoftskill.item.ss",
    "content_path": "olimpiadsoftskill.296.ss",
    "content_path_hash": "aeec45b1-edc3-5bca-8686-d8e69ba6c63a"
  }
},
{
  "model": "wagtailcore.referenceindex",
  "pk": 427,
  "fields": {
    "content_type": 30,
    "base_content_type": 30,
    "object_id": "43",
    "to_content_type": 32,
    "to_object_id": "3",
    "model_path": "olimpiadsoftskill.item.ss",
    "content_path": "olimpiadsoftskill.297.ss",
    "content_path_hash": "72f82af7-8518-5edf-9f4a-d77171e7051e"
  }
},
{
  "model": "wagtailcore.referenceindex",
  "pk": 428,
  "fields": {
    "content_type": 30,
    "base_content_type": 30,
    "object_id": "43",
    "to_content_type": 32,
    "to_object_id": "4",
    "model_path": "olimpiadsoftskill.item.ss",
    "content_path": "olimpiadsoftskill.298.ss",
    "content_path_hash": "ecb429a0-2b9a-5de5-bf25-35b22c378d5f"
  }
},
{
  "model": "wagtailcore.referenceindex",
  "pk": 429,
  "fields": {
    "content_type": 30,
    "base_content_type": 30,
    "object_id": "43",
    "to_content_type": 32,
    "to_object_id": "5",
    "model_path": "olimpiadsoftskill.item.ss",
    "content_path": "olimpiadsoftskill.299.ss",
    "content_path_hash": "e135046a-f717-5421-8b13-0d55ee28ed86"
  }
},
{
  "model": "wagtailcore.referenceindex",
  "pk": 430,
  "fields": {
    "content_type": 30,
    "base_content_type": 30,
    "object_id": "43",
    "to_content_type": 32,
    "to_object_id": "6",
    "model_path": "olimpiadsoftskill.item.ss",
    "content_path": "olimpiadsoftskill.300.ss",
    "content_path_hash": "447d0209-a028-5503-8d19-7e7a08efdf67"
  }
},
{
  "model": "wagtailcore.referenceindex",
  "pk": 431,
  "fields": {
    "content_type": 30,
    "base_content_type": 30,
    "object_id": "43",
    "to_content_type": 32,
    "to_object_id": "7",
    "model_path": "olimpiadsoftskill.item.ss",
    "content_path": "olimpiadsoftskill.301.ss",
    "content_path_hash": "9b2c6abb-a230-5123-8fe8-8d228086ca46"
  }
},
{
  "model": "wagtailcore.referenceindex",
  "pk": 432,
  "fields": {
    "content_type": 30,
    "base_content_type": 30,
    "object_id": "43",
    "to_content_type": 29,
    "to_object_id": "14",
    "model_path": "baseolimpiadlesson.item.lesson",
    "content_path": "baseolimpiadlesson.44.lesson",
    "content_path_hash": "031e88b9-8d87-5b20-b10d-9e895e8fc873"
  }
},
{
  "model": "wagtailcore.referenceindex",
  "pk": 433,
  "fields": {
    "content_type": 30,
    "base_content_type": 30,
    "object_id": "43",
    "to_content_type": 29,
    "to_object_id": "13",
    "model_path": "additionalolimpiadlesson.item.lesson",
    "content_path": "additionalolimpiadlesson.88.lesson",
    "content_path_hash": "0d35ce3e-dd5b-50f4-8eff-39dc5f1178e1"
  }
},
{
  "model": "wagtailcore.referenceindex",
  "pk": 434,
  "fields": {
    "content_type": 30,
    "base_content_type": 30,
    "object_id": "43",
    "to_content_type": 29,
    "to_object_id": "5",
    "model_path": "additionalolimpiadlesson.item.lesson",
    "content_path": "additionalolimpiadlesson.89.lesson",
    "content_path_hash": "7268208c-c64f-57c3-a9f5-f0a885a079c8"
  }
},
{
  "model": "wagtailcore.referenceindex",
  "pk": 435,
  "fields": {
    "content_type": 30,
    "base_content_type": 30,
    "object_id": "44",
    "to_content_type": 32,
    "to_object_id": "1",
    "model_path": "olimpiadsoftskill.item.ss",
    "content_path": "olimpiadsoftskill.302.ss",
    "content_path_hash": "009e144c-d884-549c-938e-243871cb8551"
  }
},
{
  "model": "wagtailcore.referenceindex",
  "pk": 436,
  "fields": {
    "content_type": 30,
    "base_content_type": 30,
    "object_id": "44",
    "to_content_type": 32,
    "to_object_id": "2",
    "model_path": "olimpiadsoftskill.item.ss",
    "content_path": "olimpiadsoftskill.303.ss",
    "content_path_hash": "5fdf630b-c075-51be-af2f-4e50595dc530"
  }
},
{
  "model": "wagtailcore.referenceindex",
  "pk": 437,
  "fields": {
    "content_type": 30,
    "base_content_type": 30,
    "object_id": "44",
    "to_content_type": 32,
    "to_object_id": "3",
    "model_path": "olimpiadsoftskill.item.ss",
    "content_path": "olimpiadsoftskill.304.ss",
    "content_path_hash": "e47d74ff-2a98-5efd-94a7-1b507b92402c"
  }
},
{
  "model": "wagtailcore.referenceindex",
  "pk": 438,
  "fields": {
    "content_type": 30,
    "base_content_type": 30,
    "object_id": "44",
    "to_content_type": 32,
    "to_object_id": "4",
    "model_path": "olimpiadsoftskill.item.ss",
    "content_path": "olimpiadsoftskill.305.ss",
    "content_path_hash": "c6866a54-6bf3-5f44-9de4-e6a392b2933d"
  }
},
{
  "model": "wagtailcore.referenceindex",
  "pk": 439,
  "fields": {
    "content_type": 30,
    "base_content_type": 30,
    "object_id": "44",
    "to_content_type": 32,
    "to_object_id": "5",
    "model_path": "olimpiadsoftskill.item.ss",
    "content_path": "olimpiadsoftskill.306.ss",
    "content_path_hash": "4f8919f2-9d70-51c5-a538-b0ffc2533f4c"
  }
},
{
  "model": "wagtailcore.referenceindex",
  "pk": 440,
  "fields": {
    "content_type": 30,
    "base_content_type": 30,
    "object_id": "44",
    "to_content_type": 32,
    "to_object_id": "6",
    "model_path": "olimpiadsoftskill.item.ss",
    "content_path": "olimpiadsoftskill.307.ss",
    "content_path_hash": "3ff99063-a3ac-51e8-9e14-cbf563fd89fe"
  }
},
{
  "model": "wagtailcore.referenceindex",
  "pk": 441,
  "fields": {
    "content_type": 30,
    "base_content_type": 30,
    "object_id": "44",
    "to_content_type": 32,
    "to_object_id": "7",
    "model_path": "olimpiadsoftskill.item.ss",
    "content_path": "olimpiadsoftskill.308.ss",
    "content_path_hash": "2fe2a182-e761-53c4-ac97-8fe858e4a6c4"
  }
},
{
  "model": "wagtailcore.referenceindex",
  "pk": 442,
  "fields": {
    "content_type": 30,
    "base_content_type": 30,
    "object_id": "44",
    "to_content_type": 29,
    "to_object_id": "14",
    "model_path": "baseolimpiadlesson.item.lesson",
    "content_path": "baseolimpiadlesson.45.lesson",
    "content_path_hash": "aa0ccbaa-4629-500d-b399-0df823f720f5"
  }
},
{
  "model": "wagtailcore.referenceindex",
  "pk": 443,
  "fields": {
    "content_type": 30,
    "base_content_type": 30,
    "object_id": "44",
    "to_content_type": 29,
    "to_object_id": "10",
    "model_path": "additionalolimpiadlesson.item.lesson",
    "content_path": "additionalolimpiadlesson.90.lesson",
    "content_path_hash": "00b8407f-ba9a-53e4-9313-83aa2576538a"
  }
},
{
  "model": "wagtailcore.referenceindex",
  "pk": 444,
  "fields": {
    "content_type": 30,
    "base_content_type": 30,
    "object_id": "44",
    "to_content_type": 29,
    "to_object_id": "13",
    "model_path": "additionalolimpiadlesson.item.lesson",
    "content_path": "additionalolimpiadlesson.91.lesson",
    "content_path_hash": "1b7c1e8a-f9bb-5943-bd20-65aeb62b8bec"
  }
},
{
  "model": "wagtailcore.referenceindex",
  "pk": 445,
  "fields": {
    "content_type": 30,
    "base_content_type": 30,
    "object_id": "44",
    "to_content_type": 29,
    "to_object_id": "11",
    "model_path": "additionalolimpiadlesson.item.lesson",
    "content_path": "additionalolimpiadlesson.92.lesson",
    "content_path_hash": "e3b93c76-095e-560f-b376-862ebc6bf1e7"
  }
},
{
  "model": "wagtailcore.referenceindex",
  "pk": 446,
  "fields": {
    "content_type": 30,
    "base_content_type": 30,
    "object_id": "45",
    "to_content_type": 32,
    "to_object_id": "1",
    "model_path": "olimpiadsoftskill.item.ss",
    "content_path": "olimpiadsoftskill.309.ss",
    "content_path_hash": "a645a104-9faf-5e9b-9250-ef2f0b273d2a"
  }
},
{
  "model": "wagtailcore.referenceindex",
  "pk": 447,
  "fields": {
    "content_type": 30,
    "base_content_type": 30,
    "object_id": "45",
    "to_content_type": 32,
    "to_object_id": "2",
    "model_path": "olimpiadsoftskill.item.ss",
    "content_path": "olimpiadsoftskill.310.ss",
    "content_path_hash": "cf6713f0-8efe-5998-aba0-66d66def002e"
  }
},
{
  "model": "wagtailcore.referenceindex",
  "pk": 448,
  "fields": {
    "content_type": 30,
    "base_content_type": 30,
    "object_id": "45",
    "to_content_type": 32,
    "to_object_id": "3",
    "model_path": "olimpiadsoftskill.item.ss",
    "content_path": "olimpiadsoftskill.311.ss",
    "content_path_hash": "d065b98e-3abc-5bc5-9c43-b92991bf72d0"
  }
},
{
  "model": "wagtailcore.referenceindex",
  "pk": 449,
  "fields": {
    "content_type": 30,
    "base_content_type": 30,
    "object_id": "45",
    "to_content_type": 32,
    "to_object_id": "4",
    "model_path": "olimpiadsoftskill.item.ss",
    "content_path": "olimpiadsoftskill.312.ss",
    "content_path_hash": "86723fa2-9b1c-5b58-a4b7-ada27ae2be81"
  }
},
{
  "model": "wagtailcore.referenceindex",
  "pk": 450,
  "fields": {
    "content_type": 30,
    "base_content_type": 30,
    "object_id": "45",
    "to_content_type": 32,
    "to_object_id": "5",
    "model_path": "olimpiadsoftskill.item.ss",
    "content_path": "olimpiadsoftskill.313.ss",
    "content_path_hash": "52e0ba6e-6fbc-5b64-aded-9838d6e88244"
  }
},
{
  "model": "wagtailcore.referenceindex",
  "pk": 451,
  "fields": {
    "content_type": 30,
    "base_content_type": 30,
    "object_id": "45",
    "to_content_type": 32,
    "to_object_id": "6",
    "model_path": "olimpiadsoftskill.item.ss",
    "content_path": "olimpiadsoftskill.314.ss",
    "content_path_hash": "87f7a48b-9321-5acf-97ae-3d802068f97e"
  }
},
{
  "model": "wagtailcore.referenceindex",
  "pk": 452,
  "fields": {
    "content_type": 30,
    "base_content_type": 30,
    "object_id": "45",
    "to_content_type": 32,
    "to_object_id": "7",
    "model_path": "olimpiadsoftskill.item.ss",
    "content_path": "olimpiadsoftskill.315.ss",
    "content_path_hash": "a8494a66-b4fa-57a8-8762-a476496d32ff"
  }
},
{
  "model": "wagtailcore.referenceindex",
  "pk": 453,
  "fields": {
    "content_type": 30,
    "base_content_type": 30,
    "object_id": "45",
    "to_content_type": 29,
    "to_object_id": "11",
    "model_path": "baseolimpiadlesson.item.lesson",
    "content_path": "baseolimpiadlesson.46.lesson",
    "content_path_hash": "be895c15-f53e-508e-a5a4-02ac66c72971"
  }
},
{
  "model": "wagtailcore.referenceindex",
  "pk": 454,
  "fields": {
    "content_type": 30,
    "base_content_type": 30,
    "object_id": "45",
    "to_content_type": 29,
    "to_object_id": "10",
    "model_path": "additionalolimpiadlesson.item.lesson",
    "content_path": "additionalolimpiadlesson.93.lesson",
    "content_path_hash": "d4ab0f72-4035-5980-9f6b-807cb0dff4bb"
  }
},
{
  "model": "wagtailcore.referenceindex",
  "pk": 455,
  "fields": {
    "content_type": 30,
    "base_content_type": 30,
    "object_id": "46",
    "to_content_type": 32,
    "to_object_id": "1",
    "model_path": "olimpiadsoftskill.item.ss",
    "content_path": "olimpiadsoftskill.316.ss",
    "content_path_hash": "5ccc01c0-4d76-592b-9831-8dd8885ecb87"
  }
},
{
  "model": "wagtailcore.referenceindex",
  "pk": 456,
  "fields": {
    "content_type": 30,
    "base_content_type": 30,
    "object_id": "46",
    "to_content_type": 32,
    "to_object_id": "2",
    "model_path": "olimpiadsoftskill.item.ss",
    "content_path": "olimpiadsoftskill.317.ss",
    "content_path_hash": "877c562e-7462-541f-a3ba-69e0fc2b6220"
  }
},
{
  "model": "wagtailcore.referenceindex",
  "pk": 457,
  "fields": {
    "content_type": 30,
    "base_content_type": 30,
    "object_id": "46",
    "to_content_type": 32,
    "to_object_id": "3",
    "model_path": "olimpiadsoftskill.item.ss",
    "content_path": "olimpiadsoftskill.318.ss",
    "content_path_hash": "7f7ad0b9-5ee3-5cfe-92a1-5262bfcfb98d"
  }
},
{
  "model": "wagtailcore.referenceindex",
  "pk": 458,
  "fields": {
    "content_type": 30,
    "base_content_type": 30,
    "object_id": "46",
    "to_content_type": 32,
    "to_object_id": "4",
    "model_path": "olimpiadsoftskill.item.ss",
    "content_path": "olimpiadsoftskill.319.ss",
    "content_path_hash": "110d2bc4-a48b-58f4-87a7-44a393f2f04b"
  }
},
{
  "model": "wagtailcore.referenceindex",
  "pk": 459,
  "fields": {
    "content_type": 30,
    "base_content_type": 30,
    "object_id": "46",
    "to_content_type": 32,
    "to_object_id": "5",
    "model_path": "olimpiadsoftskill.item.ss",
    "content_path": "olimpiadsoftskill.320.ss",
    "content_path_hash": "547de631-e36d-5f2b-b8ce-f155e7a591ce"
  }
},
{
  "model": "wagtailcore.referenceindex",
  "pk": 460,
  "fields": {
    "content_type": 30,
    "base_content_type": 30,
    "object_id": "46",
    "to_content_type": 32,
    "to_object_id": "6",
    "model_path": "olimpiadsoftskill.item.ss",
    "content_path": "olimpiadsoftskill.321.ss",
    "content_path_hash": "6e05e99e-d615-5d01-8bce-074983d04926"
  }
},
{
  "model": "wagtailcore.referenceindex",
  "pk": 461,
  "fields": {
    "content_type": 30,
    "base_content_type": 30,
    "object_id": "46",
    "to_content_type": 32,
    "to_object_id": "7",
    "model_path": "olimpiadsoftskill.item.ss",
    "content_path": "olimpiadsoftskill.322.ss",
    "content_path_hash": "9abbf029-a656-526c-8fc1-cedcd033d42a"
  }
},
{
  "model": "wagtailcore.referenceindex",
  "pk": 462,
  "fields": {
    "content_type": 30,
    "base_content_type": 30,
    "object_id": "46",
    "to_content_type": 29,
    "to_object_id": "11",
    "model_path": "baseolimpiadlesson.item.lesson",
    "content_path": "baseolimpiadlesson.47.lesson",
    "content_path_hash": "602ffbf3-3563-5610-8dbb-dab5ae0a7fb2"
  }
},
{
  "model": "wagtailcore.referenceindex",
  "pk": 463,
  "fields": {
    "content_type": 30,
    "base_content_type": 30,
    "object_id": "46",
    "to_content_type": 29,
    "to_object_id": "10",
    "model_path": "additionalolimpiadlesson.item.lesson",
    "content_path": "additionalolimpiadlesson.94.lesson",
    "content_path_hash": "7c29cc32-e496-5695-a680-54f5e725d350"
  }
},
{
  "model": "wagtailcore.referenceindex",
  "pk": 464,
  "fields": {
    "content_type": 30,
    "base_content_type": 30,
    "object_id": "46",
    "to_content_type": 29,
    "to_object_id": "5",
    "model_path": "additionalolimpiadlesson.item.lesson",
    "content_path": "additionalolimpiadlesson.95.lesson",
    "content_path_hash": "a2a241ff-bd4d-51cc-ba84-045bb51f53c8"
  }
},
{
  "model": "wagtailcore.referenceindex",
  "pk": 465,
  "fields": {
    "content_type": 30,
    "base_content_type": 30,
    "object_id": "46",
    "to_content_type": 29,
    "to_object_id": "12",
    "model_path": "additionalolimpiadlesson.item.lesson",
    "content_path": "additionalolimpiadlesson.96.lesson",
    "content_path_hash": "49f38170-bdb9-510c-bc20-bfd9ae36684b"
  }
},
{
  "model": "wagtailcore.referenceindex",
  "pk": 466,
  "fields": {
    "content_type": 30,
    "base_content_type": 30,
    "object_id": "47",
    "to_content_type": 32,
    "to_object_id": "1",
    "model_path": "olimpiadsoftskill.item.ss",
    "content_path": "olimpiadsoftskill.323.ss",
    "content_path_hash": "4020c5bc-613f-5c42-ab92-c77388faf3c2"
  }
},
{
  "model": "wagtailcore.referenceindex",
  "pk": 467,
  "fields": {
    "content_type": 30,
    "base_content_type": 30,
    "object_id": "47",
    "to_content_type": 32,
    "to_object_id": "2",
    "model_path": "olimpiadsoftskill.item.ss",
    "content_path": "olimpiadsoftskill.324.ss",
    "content_path_hash": "e8dbb92f-2a5d-5bde-b549-c9e31a8407ef"
  }
},
{
  "model": "wagtailcore.referenceindex",
  "pk": 468,
  "fields": {
    "content_type": 30,
    "base_content_type": 30,
    "object_id": "47",
    "to_content_type": 32,
    "to_object_id": "3",
    "model_path": "olimpiadsoftskill.item.ss",
    "content_path": "olimpiadsoftskill.325.ss",
    "content_path_hash": "47ee5b0a-2431-583f-a75c-c253c543b4b6"
  }
},
{
  "model": "wagtailcore.referenceindex",
  "pk": 469,
  "fields": {
    "content_type": 30,
    "base_content_type": 30,
    "object_id": "47",
    "to_content_type": 32,
    "to_object_id": "4",
    "model_path": "olimpiadsoftskill.item.ss",
    "content_path": "olimpiadsoftskill.326.ss",
    "content_path_hash": "3004c3d2-8ca9-53a8-8164-866dea720463"
  }
},
{
  "model": "wagtailcore.referenceindex",
  "pk": 470,
  "fields": {
    "content_type": 30,
    "base_content_type": 30,
    "object_id": "47",
    "to_content_type": 32,
    "to_object_id": "5",
    "model_path": "olimpiadsoftskill.item.ss",
    "content_path": "olimpiadsoftskill.327.ss",
    "content_path_hash": "83056499-6728-5d2e-b211-b2ce2bcaae25"
  }
},
{
  "model": "wagtailcore.referenceindex",
  "pk": 471,
  "fields": {
    "content_type": 30,
    "base_content_type": 30,
    "object_id": "47",
    "to_content_type": 32,
    "to_object_id": "6",
    "model_path": "olimpiadsoftskill.item.ss",
    "content_path": "olimpiadsoftskill.328.ss",
    "content_path_hash": "71b8082a-1777-55cc-804f-3f6bb37d4ecb"
  }
},
{
  "model": "wagtailcore.referenceindex",
  "pk": 472,
  "fields": {
    "content_type": 30,
    "base_content_type": 30,
    "object_id": "47",
    "to_content_type": 32,
    "to_object_id": "7",
    "model_path": "olimpiadsoftskill.item.ss",
    "content_path": "olimpiadsoftskill.329.ss",
    "content_path_hash": "aee1a0a9-bd2d-5279-ac3d-0c8b0b87b1c5"
  }
},
{
  "model": "wagtailcore.referenceindex",
  "pk": 473,
  "fields": {
    "content_type": 30,
    "base_content_type": 30,
    "object_id": "47",
    "to_content_type": 29,
    "to_object_id": "11",
    "model_path": "baseolimpiadlesson.item.lesson",
    "content_path": "baseolimpiadlesson.48.lesson",
    "content_path_hash": "873dd161-9999-50ab-a12a-494a1af7c0bb"
  }
},
{
  "model": "wagtailcore.referenceindex",
  "pk": 474,
  "fields": {
    "content_type": 30,
    "base_content_type": 30,
    "object_id": "47",
    "to_content_type": 29,
    "to_object_id": "10",
    "model_path": "additionalolimpiadlesson.item.lesson",
    "content_path": "additionalolimpiadlesson.97.lesson",
    "content_path_hash": "87038ede-c9e8-5683-8624-fa2a941c1086"
  }
},
{
  "model": "wagtailcore.referenceindex",
  "pk": 475,
  "fields": {
    "content_type": 30,
    "base_content_type": 30,
    "object_id": "47",
    "to_content_type": 29,
    "to_object_id": "12",
    "model_path": "additionalolimpiadlesson.item.lesson",
    "content_path": "additionalolimpiadlesson.98.lesson",
    "content_path_hash": "73607a31-9a47-5899-a046-65bc89359b13"
  }
},
{
  "model": "wagtailcore.referenceindex",
  "pk": 476,
  "fields": {
    "content_type": 30,
    "base_content_type": 30,
    "object_id": "48",
    "to_content_type": 32,
    "to_object_id": "1",
    "model_path": "olimpiadsoftskill.item.ss",
    "content_path": "olimpiadsoftskill.330.ss",
    "content_path_hash": "8568f432-31ec-5063-b240-6af88871de4d"
  }
},
{
  "model": "wagtailcore.referenceindex",
  "pk": 477,
  "fields": {
    "content_type": 30,
    "base_content_type": 30,
    "object_id": "48",
    "to_content_type": 32,
    "to_object_id": "2",
    "model_path": "olimpiadsoftskill.item.ss",
    "content_path": "olimpiadsoftskill.331.ss",
    "content_path_hash": "a6a43acf-6805-5119-b690-7d4df34167d4"
  }
},
{
  "model": "wagtailcore.referenceindex",
  "pk": 478,
  "fields": {
    "content_type": 30,
    "base_content_type": 30,
    "object_id": "48",
    "to_content_type": 32,
    "to_object_id": "3",
    "model_path": "olimpiadsoftskill.item.ss",
    "content_path": "olimpiadsoftskill.332.ss",
    "content_path_hash": "06a6a86b-c3b4-570a-9b71-2377d3c4d75d"
  }
},
{
  "model": "wagtailcore.referenceindex",
  "pk": 479,
  "fields": {
    "content_type": 30,
    "base_content_type": 30,
    "object_id": "48",
    "to_content_type": 32,
    "to_object_id": "4",
    "model_path": "olimpiadsoftskill.item.ss",
    "content_path": "olimpiadsoftskill.333.ss",
    "content_path_hash": "300d23c8-a74b-558b-a9f3-72a2ab162732"
  }
},
{
  "model": "wagtailcore.referenceindex",
  "pk": 480,
  "fields": {
    "content_type": 30,
    "base_content_type": 30,
    "object_id": "48",
    "to_content_type": 32,
    "to_object_id": "5",
    "model_path": "olimpiadsoftskill.item.ss",
    "content_path": "olimpiadsoftskill.334.ss",
    "content_path_hash": "ca697e80-250e-5f44-840f-704df078f497"
  }
},
{
  "model": "wagtailcore.referenceindex",
  "pk": 481,
  "fields": {
    "content_type": 30,
    "base_content_type": 30,
    "object_id": "48",
    "to_content_type": 32,
    "to_object_id": "6",
    "model_path": "olimpiadsoftskill.item.ss",
    "content_path": "olimpiadsoftskill.335.ss",
    "content_path_hash": "e9856f80-c450-5770-86aa-e5c7f47affa7"
  }
},
{
  "model": "wagtailcore.referenceindex",
  "pk": 482,
  "fields": {
    "content_type": 30,
    "base_content_type": 30,
    "object_id": "48",
    "to_content_type": 32,
    "to_object_id": "7",
    "model_path": "olimpiadsoftskill.item.ss",
    "content_path": "olimpiadsoftskill.336.ss",
    "content_path_hash": "5e061f17-da26-5d84-9b8b-022c579f7b2c"
  }
},
{
  "model": "wagtailcore.referenceindex",
  "pk": 483,
  "fields": {
    "content_type": 30,
    "base_content_type": 30,
    "object_id": "48",
    "to_content_type": 29,
    "to_object_id": "11",
    "model_path": "baseolimpiadlesson.item.lesson",
    "content_path": "baseolimpiadlesson.49.lesson",
    "content_path_hash": "a0dd2a9b-7957-5b14-b398-5f46c5c7493f"
  }
},
{
  "model": "wagtailcore.referenceindex",
  "pk": 484,
  "fields": {
    "content_type": 30,
    "base_content_type": 30,
    "object_id": "48",
    "to_content_type": 29,
    "to_object_id": "1",
    "model_path": "additionalolimpiadlesson.item.lesson",
    "content_path": "additionalolimpiadlesson.99.lesson",
    "content_path_hash": "73fcd829-4c97-50fd-ae48-87f3ab6ecc36"
  }
},
{
  "model": "wagtailcore.referenceindex",
  "pk": 485,
  "fields": {
    "content_type": 30,
    "base_content_type": 30,
    "object_id": "48",
    "to_content_type": 29,
    "to_object_id": "10",
    "model_path": "additionalolimpiadlesson.item.lesson",
    "content_path": "additionalolimpiadlesson.100.lesson",
    "content_path_hash": "071ecf1d-e94b-58a2-8957-cdf3dc7681d0"
  }
},
{
  "model": "wagtailcore.referenceindex",
  "pk": 486,
  "fields": {
    "content_type": 30,
    "base_content_type": 30,
    "object_id": "48",
    "to_content_type": 29,
    "to_object_id": "18",
    "model_path": "additionalolimpiadlesson.item.lesson",
    "content_path": "additionalolimpiadlesson.101.lesson",
    "content_path_hash": "7397b5a6-190a-5ecc-878d-3f2cef7a7759"
  }
},
{
  "model": "wagtailcore.page",
  "pk": 1,
  "fields": {
    "path": "0001",
    "depth": 1,
    "numchild": 5,
    "translation_key": "578e68cb-74a1-4d83-863f-cba35e219c39",
    "locale": 1,
    "latest_revision": null,
    "live": true,
    "has_unpublished_changes": false,
    "first_published_at": null,
    "last_published_at": null,
    "live_revision": null,
    "go_live_at": null,
    "expire_at": null,
    "expired": false,
    "locked": false,
    "locked_at": null,
    "locked_by": null,
    "title": "Root",
    "draft_title": "Root",
    "slug": "root",
    "content_type": 1,
    "url_path": "/",
    "owner": null,
    "seo_title": "",
    "show_in_menus": false,
    "search_description": "",
    "latest_revision_created_at": null,
    "alias_of": null
  }
},
{
  "model": "wagtailcore.page",
  "pk": 3,
  "fields": {
    "path": "00010002",
    "depth": 2,
    "numchild": 0,
    "translation_key": "7a915dc5-1b7b-4ae7-82c5-7b73a8ea8cc7",
    "locale": 1,
    "latest_revision": 3,
    "live": true,
    "has_unpublished_changes": false,
    "first_published_at": "2024-05-14T20:22:25.455Z",
    "last_published_at": "2024-05-14T20:22:25.455Z",
    "live_revision": 3,
    "go_live_at": null,
    "expire_at": null,
    "expired": false,
    "locked": false,
    "locked_at": null,
    "locked_by": null,
    "title": "Креативность",
    "draft_title": "Креативность",
    "slug": "kreativnost",
    "content_type": 40,
    "url_path": "/kreativnost/",
    "owner": 1,
    "seo_title": "",
    "show_in_menus": false,
    "search_description": "",
    "latest_revision_created_at": "2024-05-14T20:22:25.333Z",
    "alias_of": null
  }
},
{
  "model": "wagtailcore.page",
  "pk": 4,
  "fields": {
    "path": "00010003",
    "depth": 2,
    "numchild": 0,
    "translation_key": "70a1ccf0-a20a-4976-9488-fddf4a8ccd02",
    "locale": 1,
    "latest_revision": 5,
    "live": true,
    "has_unpublished_changes": false,
    "first_published_at": "2024-05-14T21:01:43.897Z",
    "last_published_at": "2024-05-14T21:01:43.897Z",
    "live_revision": 5,
    "go_live_at": null,
    "expire_at": null,
    "expired": false,
    "locked": false,
    "locked_at": null,
    "locked_by": null,
    "title": "Самоорганизация",
    "draft_title": "Самоорганизация",
    "slug": "samoorganizaciya",
    "content_type": 40,
    "url_path": "/samoorganizaciya/",
    "owner": 1,
    "seo_title": "",
    "show_in_menus": false,
    "search_description": "",
    "latest_revision_created_at": "2024-05-14T21:01:43.784Z",
    "alias_of": null
  }
},
{
  "model": "wagtailcore.page",
  "pk": 5,
  "fields": {
    "path": "00010004",
    "depth": 2,
    "numchild": 0,
    "translation_key": "1025166c-fb90-4661-bf5d-ba059f37c55b",
    "locale": 1,
    "latest_revision": 7,
    "live": true,
    "has_unpublished_changes": false,
    "first_published_at": "2024-05-14T21:18:04.748Z",
    "last_published_at": "2024-05-14T21:18:04.748Z",
    "live_revision": 7,
    "go_live_at": null,
    "expire_at": null,
    "expired": false,
    "locked": false,
    "locked_at": null,
    "locked_by": null,
    "title": "Критическое мышление",
    "draft_title": "Критическое мышление",
    "slug": "kriticheskoe-myshlenie",
    "content_type": 40,
    "url_path": "/kriticheskoe-myshlenie/",
    "owner": 1,
    "seo_title": "",
    "show_in_menus": false,
    "search_description": "",
    "latest_revision_created_at": "2024-05-14T21:18:04.638Z",
    "alias_of": null
  }
},
{
  "model": "wagtailcore.page",
  "pk": 6,
  "fields": {
    "path": "00010005",
    "depth": 2,
    "numchild": 0,
    "translation_key": "6f1d0e66-6c5c-472b-8f48-96c3f66ab08b",
    "locale": 1,
    "latest_revision": 9,
    "live": true,
    "has_unpublished_changes": false,
    "first_published_at": "2024-05-14T21:52:14.963Z",
    "last_published_at": "2024-05-14T21:52:14.963Z",
    "live_revision": 9,
    "go_live_at": null,
    "expire_at": null,
    "expired": false,
    "locked": false,
    "locked_at": null,
    "locked_by": null,
    "title": "Логическое мышление",
    "draft_title": "Логическое мышление",
    "slug": "logicheskoe-myshlenie",
    "content_type": 40,
    "url_path": "/logicheskoe-myshlenie/",
    "owner": 1,
    "seo_title": "",
    "show_in_menus": false,
    "search_description": "",
    "latest_revision_created_at": "2024-05-14T21:52:14.838Z",
    "alias_of": null
  }
},
{
  "model": "wagtailcore.page",
  "pk": 7,
  "fields": {
    "path": "00010006",
    "depth": 2,
    "numchild": 0,
    "translation_key": "4b322dfb-dcc8-4fc0-a180-571815fab18a",
    "locale": 1,
    "latest_revision": 11,
    "live": true,
    "has_unpublished_changes": false,
    "first_published_at": "2024-05-14T22:08:55.014Z",
    "last_published_at": "2024-05-14T22:08:55.014Z",
    "live_revision": 11,
    "go_live_at": null,
    "expire_at": null,
    "expired": false,
    "locked": false,
    "locked_at": null,
    "locked_by": null,
    "title": "Эмоциональный интеллект",
    "draft_title": "Эмоциональный интеллект",
    "slug": "emocionalnyj-intellekt",
    "content_type": 40,
    "url_path": "/emocionalnyj-intellekt/",
    "owner": 1,
    "seo_title": "",
    "show_in_menus": false,
    "search_description": "",
    "latest_revision_created_at": "2024-05-14T22:08:54.895Z",
    "alias_of": null
  }
},
{
  "model": "wagtailcore.revision",
  "pk": 1,
  "fields": {
    "content_type": 40,
    "base_content_type": 1,
    "object_id": "3",
    "created_at": "2024-05-14T20:15:14.052Z",
    "user": 1,
    "object_str": "Креативность",
    "content": {
      "pk": 3,
      "path": "00010002",
      "depth": 2,
      "numchild": 0,
      "translation_key": "7a915dc5-1b7b-4ae7-82c5-7b73a8ea8cc7",
      "locale": 1,
      "latest_revision": null,
      "live": false,
      "has_unpublished_changes": false,
      "first_published_at": null,
      "last_published_at": null,
      "live_revision": null,
      "go_live_at": null,
      "expire_at": null,
      "expired": false,
      "locked": false,
      "locked_at": null,
      "locked_by": null,
      "title": "Креативность",
      "draft_title": "Креативность",
      "slug": "kreativnost",
      "content_type": 39,
      "url_path": "/kreativnost/",
      "owner": 1,
      "seo_title": "",
      "show_in_menus": false,
      "search_description": "",
      "latest_revision_created_at": null,
      "alias_of": null,
      "image": null,
      "intro": "<p data-block-key=\"ftfn9\"><b>Добро пожаловать</b> на тест по изучению <i>креативности</i> учащегося! </p><p data-block-key=\"2hr5g\"><b>Креативность</b> - это важное качество, способность мыслить нестандартно, находить новые решения и воплощать свои идеи в жизнь. В этом тесте мы предлагаем вам ряд вопросов и заданий, которые помогут определить ваш уровень креативности.</p><p data-block-key=\"4gi7i\">Пожалуйста, ответьте на вопросы, используя input-поля, где вы сможете ввести свои ответы вручную. Будьте творческими и не бойтесь проявлять свою уникальность! Ваша способность к креативному мышлению поможет вам не только в учебе, но и в повседневной жизни.</p><p data-block-key=\"2ct3f\">Желаем вам удачи и надеемся, что этот тест поможет вам лучше понять и развить вашу креативность. Начнем!</p>",
      "softSkill": 1,
      "thank_you_text": "",
      "wagtail_admin_comments": [],
      "questions": [
        {
          "pk": 1,
          "test": 3,
          "question_text": "<p data-block-key=\"rjc6u\">Внимательно посмотрите на картинку и скажите, кто на ней изображён?</p><embed embedtype=\"image\" format=\"fullwidth\" id=\"1\" alt=\"\"/><p data-block-key=\"bj49e\"></p>",
          "time_limit": null,
          "score": 1,
          "answers": [
            {
              "pk": 1,
              "question": 1,
              "answer_text": "<p data-block-key=\"2hffe\">лягушка, лошадь, жаба</p>",
              "correct": true
            }
          ]
        },
        {
          "pk": 2,
          "test": 3,
          "question_text": "<p data-block-key=\"rjc6u\">Производитель обуви принял странное на первый взгляд решение: все правые ботинки начали производить в одном городе, а все левые - в другом. Зачем это было нужно?</p><embed embedtype=\"image\" format=\"fullwidth\" id=\"2\" alt=\"\"/><p data-block-key=\"1q8hq\"></p>",
          "time_limit": null,
          "score": 1,
          "answers": [
            {
              "pk": 2,
              "question": 2,
              "answer_text": "<p data-block-key=\"2hffe\">вор, кража, воровство</p>",
              "correct": true
            }
          ]
        },
        {
          "pk": 3,
          "test": 3,
          "question_text": "<p data-block-key=\"rjc6u\">Монета упала на дно колодца. Придумай несколько способов достать её.</p><embed embedtype=\"image\" format=\"fullwidth\" id=\"3\" alt=\"\"/><p data-block-key=\"cj5a4\"></p>",
          "time_limit": null,
          "score": 1,
          "answers": [
            {
              "pk": 3,
              "question": 3,
              "answer_text": "<p data-block-key=\"2hffe\">магнит, магнитом</p>",
              "correct": true
            }
          ]
        }
      ]
    },
    "approved_go_live_at": null
  }
},
{
  "model": "wagtailcore.revision",
  "pk": 2,
  "fields": {
    "content_type": 40,
    "base_content_type": 1,
    "object_id": "3",
    "created_at": "2024-05-14T20:22:09.500Z",
    "user": 1,
    "object_str": "Креативность",
    "content": {
      "pk": 3,
      "path": "00010002",
      "depth": 2,
      "numchild": 0,
      "translation_key": "7a915dc5-1b7b-4ae7-82c5-7b73a8ea8cc7",
      "locale": 1,
      "latest_revision": 1,
      "live": false,
      "has_unpublished_changes": true,
      "first_published_at": null,
      "last_published_at": null,
      "live_revision": null,
      "go_live_at": null,
      "expire_at": null,
      "expired": false,
      "locked": false,
      "locked_at": null,
      "locked_by": null,
      "title": "Креативность",
      "draft_title": "Креативность",
      "slug": "kreativnost",
      "content_type": 39,
      "url_path": "/kreativnost/",
      "owner": 1,
      "seo_title": "",
      "show_in_menus": false,
      "search_description": "",
      "latest_revision_created_at": "2024-05-14T20:15:14.052Z",
      "alias_of": null,
      "image": null,
      "intro": "<p data-block-key=\"ftfn9\"><b>Добро пожаловать</b> на тест по изучению <i>креативности</i> учащегося!</p><p data-block-key=\"2hr5g\"><b>Креативность</b> - это важное качество, способность мыслить нестандартно, находить новые решения и воплощать свои идеи в жизнь. В этом тесте мы предлагаем вам ряд вопросов и заданий, которые помогут определить ваш уровень креативности.</p><p data-block-key=\"4gi7i\">Пожалуйста, ответьте на вопросы, используя input-поля, где вы сможете ввести свои ответы вручную. Будьте творческими и не бойтесь проявлять свою уникальность! Ваша способность к креативному мышлению поможет вам не только в учебе, но и в повседневной жизни.</p><p data-block-key=\"2ct3f\">Желаем вам удачи и надеемся, что этот тест поможет вам лучше понять и развить вашу креативность. Начнем!</p>",
      "softSkill": 1,
      "thank_you_text": "",
      "wagtail_admin_comments": [],
      "questions": [
        {
          "pk": 1,
          "test": 3,
          "question_text": "<p data-block-key=\"rjc6u\">Внимательно посмотрите на картинку и скажите, кто на ней изображён?</p><embed embedtype=\"image\" format=\"fullwidth\" id=\"1\" alt=\"\"/><p data-block-key=\"bj49e\"></p>",
          "time_limit": null,
          "score": 1,
          "answers": [
            {
              "pk": 1,
              "question": 1,
              "answer_text": "<p data-block-key=\"2hffe\">лягушка, лошадь, жаба</p>",
              "correct": true
            }
          ]
        },
        {
          "pk": 2,
          "test": 3,
          "question_text": "<p data-block-key=\"rjc6u\">Производитель обуви принял странное на первый взгляд решение: все правые ботинки начали производить в одном городе, а все левые - в другом. Зачем это было нужно?</p><embed embedtype=\"image\" format=\"fullwidth\" id=\"2\" alt=\"\"/><p data-block-key=\"1q8hq\"></p>",
          "time_limit": null,
          "score": 1,
          "answers": [
            {
              "pk": 2,
              "question": 2,
              "answer_text": "<p data-block-key=\"2hffe\">вор, кража, воровство</p>",
              "correct": true
            }
          ]
        },
        {
          "pk": 3,
          "test": 3,
          "question_text": "<p data-block-key=\"rjc6u\">Монета упала на дно колодца. Придумай несколько способов достать её.</p><embed embedtype=\"image\" format=\"fullwidth\" id=\"3\" alt=\"\"/><p data-block-key=\"cj5a4\"></p>",
          "time_limit": null,
          "score": 1,
          "answers": [
            {
              "pk": 3,
              "question": 3,
              "answer_text": "<p data-block-key=\"2hffe\">магнит, магнитом</p>",
              "correct": true
            }
          ]
        },
        {
          "pk": 4,
          "test": 3,
          "question_text": "<p data-block-key=\"d5gl9\">В прошлом веке Япония закупила за рубежом огромное количество битого стекла в деревянных ящиках. Но когда им пришел товар, всё стекло они высыпали в море. Зачем им понадобилась такая сделка?</p><embed embedtype=\"image\" format=\"fullwidth\" id=\"4\" alt=\"\"/><p data-block-key=\"54csl\"></p>",
          "time_limit": null,
          "score": 1,
          "answers": [
            {
              "pk": 4,
              "question": 4,
              "answer_text": "<p data-block-key=\"8gt24\">дерево, древесина, доски</p>",
              "correct": true
            }
          ]
        },
        {
          "pk": 5,
          "test": 3,
          "question_text": "<p data-block-key=\"d5gl9\">Первые поколения европейских поселенцев на территории Америки время от времени оставляли освоенные территории и продвигались вглубь континента. Перед уходом они всегда сжигали все деревянные постройки. Для чего?</p><embed embedtype=\"image\" format=\"fullwidth\" id=\"5\" alt=\"\"/><p data-block-key=\"g0b3\"></p>",
          "time_limit": null,
          "score": 1,
          "answers": [
            {
              "pk": 5,
              "question": 5,
              "answer_text": "<p data-block-key=\"8gt24\">гвозди, гвоздей</p>",
              "correct": true
            }
          ]
        }
      ]
    },
    "approved_go_live_at": null
  }
},
{
  "model": "wagtailcore.revision",
  "pk": 3,
  "fields": {
    "content_type": 40,
    "base_content_type": 1,
    "object_id": "3",
    "created_at": "2024-05-14T20:22:25.333Z",
    "user": 1,
    "object_str": "Креативность",
    "content": {
      "pk": 3,
      "path": "00010002",
      "depth": 2,
      "numchild": 0,
      "translation_key": "7a915dc5-1b7b-4ae7-82c5-7b73a8ea8cc7",
      "locale": 1,
      "latest_revision": 2,
      "live": false,
      "has_unpublished_changes": true,
      "first_published_at": null,
      "last_published_at": null,
      "live_revision": null,
      "go_live_at": null,
      "expire_at": null,
      "expired": false,
      "locked": false,
      "locked_at": null,
      "locked_by": null,
      "title": "Креативность",
      "draft_title": "Креативность",
      "slug": "kreativnost",
      "content_type": 39,
      "url_path": "/kreativnost/",
      "owner": 1,
      "seo_title": "",
      "show_in_menus": false,
      "search_description": "",
      "latest_revision_created_at": "2024-05-14T20:22:09.500Z",
      "alias_of": null,
      "image": null,
      "intro": "<p data-block-key=\"ftfn9\"><b>Добро пожаловать</b> на тест по изучению <i>креативности</i> учащегося!</p><p data-block-key=\"2hr5g\"><b>Креативность</b> - это важное качество, способность мыслить нестандартно, находить новые решения и воплощать свои идеи в жизнь. В этом тесте мы предлагаем вам ряд вопросов и заданий, которые помогут определить ваш уровень креативности.</p><p data-block-key=\"4gi7i\">Пожалуйста, ответьте на вопросы, используя input-поля, где вы сможете ввести свои ответы вручную. Будьте творческими и не бойтесь проявлять свою уникальность! Ваша способность к креативному мышлению поможет вам не только в учебе, но и в повседневной жизни.</p><p data-block-key=\"2ct3f\">Желаем вам удачи и надеемся, что этот тест поможет вам лучше понять и развить вашу креативность. Начнем!</p>",
      "softSkill": 1,
      "thank_you_text": "",
      "wagtail_admin_comments": [],
      "questions": [
        {
          "pk": 1,
          "test": 3,
          "question_text": "<p data-block-key=\"rjc6u\">Внимательно посмотрите на картинку и скажите, кто на ней изображён?</p><embed embedtype=\"image\" format=\"fullwidth\" id=\"1\" alt=\"\"/><p data-block-key=\"bj49e\"></p>",
          "time_limit": null,
          "score": 1,
          "answers": [
            {
              "pk": 1,
              "question": 1,
              "answer_text": "<p data-block-key=\"2hffe\">лягушка, лошадь, жаба</p>",
              "correct": true
            }
          ]
        },
        {
          "pk": 2,
          "test": 3,
          "question_text": "<p data-block-key=\"rjc6u\">Производитель обуви принял странное на первый взгляд решение: все правые ботинки начали производить в одном городе, а все левые - в другом. Зачем это было нужно?</p><embed embedtype=\"image\" format=\"fullwidth\" id=\"2\" alt=\"\"/><p data-block-key=\"1q8hq\"></p>",
          "time_limit": null,
          "score": 1,
          "answers": [
            {
              "pk": 2,
              "question": 2,
              "answer_text": "<p data-block-key=\"2hffe\">вор, кража, воровство</p>",
              "correct": true
            }
          ]
        },
        {
          "pk": 3,
          "test": 3,
          "question_text": "<p data-block-key=\"rjc6u\">Монета упала на дно колодца. Придумай несколько способов достать её.</p><embed embedtype=\"image\" format=\"fullwidth\" id=\"3\" alt=\"\"/><p data-block-key=\"cj5a4\"></p>",
          "time_limit": null,
          "score": 1,
          "answers": [
            {
              "pk": 3,
              "question": 3,
              "answer_text": "<p data-block-key=\"2hffe\">магнит, магнитом</p>",
              "correct": true
            }
          ]
        },
        {
          "pk": 4,
          "test": 3,
          "question_text": "<p data-block-key=\"d5gl9\">В прошлом веке Япония закупила за рубежом огромное количество битого стекла в деревянных ящиках. Но когда им пришел товар, всё стекло они высыпали в море. Зачем им понадобилась такая сделка?</p><embed embedtype=\"image\" format=\"fullwidth\" id=\"4\" alt=\"\"/><p data-block-key=\"54csl\"></p>",
          "time_limit": null,
          "score": 1,
          "answers": [
            {
              "pk": 4,
              "question": 4,
              "answer_text": "<p data-block-key=\"8gt24\">дерево, древесина, доски</p>",
              "correct": true
            }
          ]
        },
        {
          "pk": 5,
          "test": 3,
          "question_text": "<p data-block-key=\"d5gl9\">Первые поколения европейских поселенцев на территории Америки время от времени оставляли освоенные территории и продвигались вглубь континента. Перед уходом они всегда сжигали все деревянные постройки. Для чего?</p><embed embedtype=\"image\" format=\"fullwidth\" id=\"5\" alt=\"\"/><p data-block-key=\"g0b3\"></p>",
          "time_limit": null,
          "score": 1,
          "answers": [
            {
              "pk": 5,
              "question": 5,
              "answer_text": "<p data-block-key=\"8gt24\">гвозди, гвоздей</p>",
              "correct": true
            }
          ]
        }
      ]
    },
    "approved_go_live_at": null
  }
},
{
  "model": "wagtailcore.revision",
  "pk": 4,
  "fields": {
    "content_type": 40,
    "base_content_type": 1,
    "object_id": "4",
    "created_at": "2024-05-14T20:54:57.306Z",
    "user": 1,
    "object_str": "Самоорганизация",
    "content": {
      "pk": 4,
      "path": "00010003",
      "depth": 2,
      "numchild": 0,
      "translation_key": "70a1ccf0-a20a-4976-9488-fddf4a8ccd02",
      "locale": 1,
      "latest_revision": null,
      "live": false,
      "has_unpublished_changes": false,
      "first_published_at": null,
      "last_published_at": null,
      "live_revision": null,
      "go_live_at": null,
      "expire_at": null,
      "expired": false,
      "locked": false,
      "locked_at": null,
      "locked_by": null,
      "title": "Самоорганизация",
      "draft_title": "Самоорганизация",
      "slug": "samoorganizaciya",
      "content_type": 39,
      "url_path": "/samoorganizaciya/",
      "owner": 1,
      "seo_title": "",
      "show_in_menus": false,
      "search_description": "",
      "latest_revision_created_at": null,
      "alias_of": null,
      "image": null,
      "intro": "<p data-block-key=\"tm823\"><b>Добро пожаловать</b> на тест по изучению <i>самоорганизации</i> учащегося!</p><p data-block-key=\"d9mck\"><b>Самоорганизация</b> - это способность эффективно планировать свою деятельность, управлять временем, устанавливать цели и достигать их. В этом тесте мы предлагаем вам ряд вопросов и заданий, которые помогут определить ваш уровень самоорганизации. Пожалуйста, отмечайте галочками (checkbox) и выбирайте один из вариантов (radiobutton) в ответах на вопросы. Будьте внимательны и честны в своих ответах, это поможет вам лучше понять свои сильные и слабые стороны в организации своей деятельности. Готовы начать тестирование своей самоорганизации? Поехали!</p>",
      "softSkill": 2,
      "thank_you_text": "",
      "wagtail_admin_comments": [],
      "questions": [
        {
          "pk": 6,
          "test": 4,
          "question_text": "<p data-block-key=\"5sqny\">У Насти накопилось много важных дел, которые никак не отложить. Какие из них Настя может делегировать, то есть поручить кому-то другому?</p><embed embedtype=\"image\" format=\"fullwidth\" id=\"6\" alt=\"\"/><p data-block-key=\"6bdjm\"></p>",
          "time_limit": null,
          "score": 1,
          "answers": [
            {
              "pk": 6,
              "question": 6,
              "answer_text": "<p data-block-key=\"es65e\">Отвезти кота к ветеринару</p>",
              "correct": false
            },
            {
              "pk": 7,
              "question": 6,
              "answer_text": "<p data-block-key=\"es65e\">Приготовить ужин</p>",
              "correct": true
            },
            {
              "pk": 8,
              "question": 6,
              "answer_text": "<p data-block-key=\"es65e\">Навестить бабушку в больнице</p>",
              "correct": false
            },
            {
              "pk": 9,
              "question": 6,
              "answer_text": "<p data-block-key=\"es65e\">Написать сочинение по литературе</p>",
              "correct": false
            },
            {
              "pk": 10,
              "question": 6,
              "answer_text": "<p data-block-key=\"es65e\">Забрать посылку на почте</p>",
              "correct": true
            },
            {
              "pk": 11,
              "question": 6,
              "answer_text": "<p data-block-key=\"es65e\">Купить билеты на спектакль</p>",
              "correct": true
            }
          ]
        },
        {
          "pk": 7,
          "test": 4,
          "question_text": "<p data-block-key=\"5sqny\">Ребята долго делали домашнее задание и решили передохнуть. Какие варианты отдыха наиболее эффективны?</p><embed embedtype=\"image\" format=\"fullwidth\" id=\"7\" alt=\"\"/><p data-block-key=\"99hph\"></p>",
          "time_limit": null,
          "score": 1,
          "answers": [
            {
              "pk": 12,
              "question": 7,
              "answer_text": "<p data-block-key=\"es65e\">Сходить в душ</p>",
              "correct": true
            },
            {
              "pk": 13,
              "question": 7,
              "answer_text": "<p data-block-key=\"es65e\">Поиграть в телефоне в любимую игру</p>",
              "correct": false
            },
            {
              "pk": 14,
              "question": 7,
              "answer_text": "<p data-block-key=\"es65e\">Немного погулять во дворе</p>",
              "correct": true
            },
            {
              "pk": 15,
              "question": 7,
              "answer_text": "<p data-block-key=\"es65e\">Почитать книжку</p>",
              "correct": false
            }
          ]
        },
        {
          "pk": 8,
          "test": 4,
          "question_text": "<p data-block-key=\"5sqny\">Завтра у Милены важная контрольная по математике. Обычно она ложиться спать в 10 вечера. Сегодня Милена вернется домой только в 8 вечера. Как ей лучше поступить?</p><embed embedtype=\"image\" format=\"fullwidth\" id=\"8\" alt=\"\"/><p data-block-key=\"ftnc3\"></p>",
          "time_limit": null,
          "score": 1,
          "answers": [
            {
              "pk": 16,
              "question": 8,
              "answer_text": "<p data-block-key=\"es65e\">Лечь спать позже, чтобы успеть больше выучить и повторить</p>",
              "correct": false
            },
            {
              "pk": 17,
              "question": 8,
              "answer_text": "<p data-block-key=\"es65e\">Порисовать и пойти спать в обычное время: во время рисования примеры сами вспомнятся и отложатся в памяти</p>",
              "correct": true
            },
            {
              "pk": 18,
              "question": 8,
              "answer_text": "<p data-block-key=\"es65e\">Посвятить полчаса повторению правил и решению примеров и лечь спать в обычное время</p>",
              "correct": false
            }
          ]
        },
        {
          "pk": 9,
          "test": 4,
          "question_text": "<p data-block-key=\"5sqny\">Ренат пригласил Стёпу к себе на день рождения к 14:00. Стёпе до выхода нужно пожарить оладушки, позавтракать почистить клетку хомяка, упаковать подарок, сделать домашку по математике, а ещё хотелось бы посмотреть видеоурок по программированию. Как лучше выполнить эти дела?</p><embed embedtype=\"image\" format=\"fullwidth\" id=\"9\" alt=\"\"/><p data-block-key=\"efk41\"></p>",
          "time_limit": null,
          "score": 1,
          "answers": [
            {
              "pk": 19,
              "question": 9,
              "answer_text": "<p data-block-key=\"es65e\">Некоторые дела можно совместить: так Стёпа сэкономит время и потренирует многозадачность</p>",
              "correct": false
            },
            {
              "pk": 20,
              "question": 9,
              "answer_text": "<p data-block-key=\"es65e\">Последовательно, потому что делать несколько вещей одновременно непродуктивно.</p>",
              "correct": true
            }
          ]
        },
        {
          "pk": 10,
          "test": 4,
          "question_text": "<p data-block-key=\"5sqny\">Полина составила список дел после школы на сегодня и отменила время на их выполнение. Что из этого списка придётся перенести на другой день?</p><embed embedtype=\"image\" format=\"fullwidth\" id=\"10\" alt=\"\"/><p data-block-key=\"ap71j\"></p>",
          "time_limit": null,
          "score": 1,
          "answers": [
            {
              "pk": 21,
              "question": 10,
              "answer_text": "<p data-block-key=\"es65e\">Выгулять Тотошку (30 мин.)</p>",
              "correct": false
            },
            {
              "pk": 22,
              "question": 10,
              "answer_text": "<p data-block-key=\"es65e\">ДЗ на завтра (3 часа)</p>",
              "correct": false
            },
            {
              "pk": 23,
              "question": 10,
              "answer_text": "<p data-block-key=\"es65e\">Поболтать по телефону с Дашей (30 мин.)</p>",
              "correct": false
            },
            {
              "pk": 24,
              "question": 10,
              "answer_text": "<p data-block-key=\"es65e\">Ужин и дела перед сном (1.5 часа)</p>",
              "correct": false
            },
            {
              "pk": 25,
              "question": 10,
              "answer_text": "<p data-block-key=\"es65e\">Почитать книгу (30 мин.)</p>",
              "correct": true
            },
            {
              "pk": 26,
              "question": 10,
              "answer_text": "<p data-block-key=\"es65e\">Научиться печь ватрушки (1.5 часа)</p>",
              "correct": true
            }
          ]
        }
      ]
    },
    "approved_go_live_at": null
  }
},
{
  "model": "wagtailcore.revision",
  "pk": 5,
  "fields": {
    "content_type": 40,
    "base_content_type": 1,
    "object_id": "4",
    "created_at": "2024-05-14T21:01:43.784Z",
    "user": 1,
    "object_str": "Самоорганизация",
    "content": {
      "pk": 4,
      "path": "00010003",
      "depth": 2,
      "numchild": 0,
      "translation_key": "70a1ccf0-a20a-4976-9488-fddf4a8ccd02",
      "locale": 1,
      "latest_revision": 4,
      "live": false,
      "has_unpublished_changes": true,
      "first_published_at": null,
      "last_published_at": null,
      "live_revision": null,
      "go_live_at": null,
      "expire_at": null,
      "expired": false,
      "locked": false,
      "locked_at": null,
      "locked_by": null,
      "title": "Самоорганизация",
      "draft_title": "Самоорганизация",
      "slug": "samoorganizaciya",
      "content_type": 39,
      "url_path": "/samoorganizaciya/",
      "owner": 1,
      "seo_title": "",
      "show_in_menus": false,
      "search_description": "",
      "latest_revision_created_at": "2024-05-14T20:54:57.306Z",
      "alias_of": null,
      "image": null,
      "intro": "<p data-block-key=\"tm823\"><b>Добро пожаловать</b> на тест по изучению <i>самоорганизации</i> учащегося!</p><p data-block-key=\"d9mck\"><b>Самоорганизация</b> - это способность эффективно планировать свою деятельность, управлять временем, устанавливать цели и достигать их. В этом тесте мы предлагаем вам ряд вопросов и заданий, которые помогут определить ваш уровень самоорганизации. Пожалуйста, отмечайте галочками (checkbox) и выбирайте один из вариантов (radiobutton) в ответах на вопросы. Будьте внимательны и честны в своих ответах, это поможет вам лучше понять свои сильные и слабые стороны в организации своей деятельности. Готовы начать тестирование своей самоорганизации? Поехали!</p>",
      "softSkill": 2,
      "thank_you_text": "",
      "wagtail_admin_comments": [],
      "questions": [
        {
          "pk": 6,
          "test": 4,
          "question_text": "<p data-block-key=\"5sqny\">У Насти накопилось много важных дел, которые никак не отложить. Какие из них Настя может делегировать, то есть поручить кому-то другому?</p><embed embedtype=\"image\" format=\"fullwidth\" id=\"6\" alt=\"\"/><p data-block-key=\"6bdjm\"></p>",
          "time_limit": null,
          "score": 1,
          "answers": [
            {
              "pk": 6,
              "question": 6,
              "answer_text": "<p data-block-key=\"es65e\">Отвезти кота к ветеринару</p>",
              "correct": false
            },
            {
              "pk": 7,
              "question": 6,
              "answer_text": "<p data-block-key=\"es65e\">Приготовить ужин</p>",
              "correct": true
            },
            {
              "pk": 8,
              "question": 6,
              "answer_text": "<p data-block-key=\"es65e\">Навестить бабушку в больнице</p>",
              "correct": false
            },
            {
              "pk": 9,
              "question": 6,
              "answer_text": "<p data-block-key=\"es65e\">Написать сочинение по литературе</p>",
              "correct": false
            },
            {
              "pk": 10,
              "question": 6,
              "answer_text": "<p data-block-key=\"es65e\">Забрать посылку на почте</p>",
              "correct": true
            },
            {
              "pk": 11,
              "question": 6,
              "answer_text": "<p data-block-key=\"es65e\">Купить билеты на спектакль</p>",
              "correct": true
            }
          ]
        },
        {
          "pk": 7,
          "test": 4,
          "question_text": "<p data-block-key=\"5sqny\">Ребята долго делали домашнее задание и решили передохнуть. Какие варианты отдыха наиболее эффективны?</p><embed embedtype=\"image\" format=\"fullwidth\" id=\"7\" alt=\"\"/><p data-block-key=\"99hph\"></p>",
          "time_limit": null,
          "score": 1,
          "answers": [
            {
              "pk": 12,
              "question": 7,
              "answer_text": "<p data-block-key=\"es65e\">Сходить в душ</p>",
              "correct": true
            },
            {
              "pk": 13,
              "question": 7,
              "answer_text": "<p data-block-key=\"es65e\">Поиграть в телефоне в любимую игру</p>",
              "correct": false
            },
            {
              "pk": 14,
              "question": 7,
              "answer_text": "<p data-block-key=\"es65e\">Немного погулять во дворе</p>",
              "correct": true
            },
            {
              "pk": 15,
              "question": 7,
              "answer_text": "<p data-block-key=\"es65e\">Почитать книжку</p>",
              "correct": false
            }
          ]
        },
        {
          "pk": 8,
          "test": 4,
          "question_text": "<p data-block-key=\"5sqny\">Завтра у Милены важная контрольная по математике. Обычно она ложиться спать в 10 вечера. Сегодня Милена вернется домой только в 8 вечера. Как ей лучше поступить?</p><embed embedtype=\"image\" format=\"fullwidth\" id=\"8\" alt=\"\"/><p data-block-key=\"ftnc3\"></p>",
          "time_limit": null,
          "score": 1,
          "answers": [
            {
              "pk": 16,
              "question": 8,
              "answer_text": "<p data-block-key=\"es65e\">Лечь спать позже, чтобы успеть больше выучить и повторить</p>",
              "correct": false
            },
            {
              "pk": 17,
              "question": 8,
              "answer_text": "<p data-block-key=\"es65e\">Порисовать и пойти спать в обычное время: во время рисования примеры сами вспомнятся и отложатся в памяти</p>",
              "correct": true
            },
            {
              "pk": 18,
              "question": 8,
              "answer_text": "<p data-block-key=\"es65e\">Посвятить полчаса повторению правил и решению примеров и лечь спать в обычное время</p>",
              "correct": false
            }
          ]
        },
        {
          "pk": 9,
          "test": 4,
          "question_text": "<p data-block-key=\"5sqny\">Ренат пригласил Стёпу к себе на день рождения к 14:00. Стёпе до выхода нужно пожарить оладушки, позавтракать почистить клетку хомяка, упаковать подарок, сделать домашку по математике, а ещё хотелось бы посмотреть видеоурок по программированию. Как лучше выполнить эти дела?</p><embed embedtype=\"image\" format=\"fullwidth\" id=\"9\" alt=\"\"/><p data-block-key=\"efk41\"></p>",
          "time_limit": null,
          "score": 1,
          "answers": [
            {
              "pk": 19,
              "question": 9,
              "answer_text": "<p data-block-key=\"es65e\">Некоторые дела можно совместить: так Стёпа сэкономит время и потренирует многозадачность</p>",
              "correct": false
            },
            {
              "pk": 20,
              "question": 9,
              "answer_text": "<p data-block-key=\"es65e\">Последовательно, потому что делать несколько вещей одновременно непродуктивно.</p>",
              "correct": true
            }
          ]
        },
        {
          "pk": 10,
          "test": 4,
          "question_text": "<p data-block-key=\"5sqny\">Полина составила список дел после школы на сегодня и отменила время на их выполнение. Что из этого списка придётся перенести на другой день?</p><embed embedtype=\"image\" format=\"fullwidth\" id=\"10\" alt=\"\"/><p data-block-key=\"ap71j\"></p>",
          "time_limit": null,
          "score": 1,
          "answers": [
            {
              "pk": 21,
              "question": 10,
              "answer_text": "<p data-block-key=\"es65e\">Выгулять Тотошку (30 мин.)</p>",
              "correct": false
            },
            {
              "pk": 22,
              "question": 10,
              "answer_text": "<p data-block-key=\"es65e\">ДЗ на завтра (3 часа)</p>",
              "correct": false
            },
            {
              "pk": 23,
              "question": 10,
              "answer_text": "<p data-block-key=\"es65e\">Поболтать по телефону с Дашей (30 мин.)</p>",
              "correct": false
            },
            {
              "pk": 24,
              "question": 10,
              "answer_text": "<p data-block-key=\"es65e\">Ужин и дела перед сном (1.5 часа)</p>",
              "correct": false
            },
            {
              "pk": 25,
              "question": 10,
              "answer_text": "<p data-block-key=\"es65e\">Почитать книгу (30 мин.)</p>",
              "correct": true
            },
            {
              "pk": 26,
              "question": 10,
              "answer_text": "<p data-block-key=\"es65e\">Научиться печь ватрушки (1.5 часа)</p>",
              "correct": true
            }
          ]
        }
      ]
    },
    "approved_go_live_at": null
  }
},
{
  "model": "wagtailcore.revision",
  "pk": 6,
  "fields": {
    "content_type": 40,
    "base_content_type": 1,
    "object_id": "5",
    "created_at": "2024-05-14T21:18:00.865Z",
    "user": 1,
    "object_str": "Критическое мышление",
    "content": {
      "pk": 5,
      "path": "00010004",
      "depth": 2,
      "numchild": 0,
      "translation_key": "1025166c-fb90-4661-bf5d-ba059f37c55b",
      "locale": 1,
      "latest_revision": null,
      "live": false,
      "has_unpublished_changes": false,
      "first_published_at": null,
      "last_published_at": null,
      "live_revision": null,
      "go_live_at": null,
      "expire_at": null,
      "expired": false,
      "locked": false,
      "locked_at": null,
      "locked_by": null,
      "title": "Критическое мышление",
      "draft_title": "Критическое мышление",
      "slug": "kriticheskoe-myshlenie",
      "content_type": 39,
      "url_path": "/kriticheskoe-myshlenie/",
      "owner": 1,
      "seo_title": "",
      "show_in_menus": false,
      "search_description": "",
      "latest_revision_created_at": null,
      "alias_of": null,
      "image": null,
      "intro": "<p data-block-key=\"daq4j\"><b>Добро пожаловать</b> на тест по изучению <i>критического мышления</i> учащегося! </p><p data-block-key=\"6ag9r\"><b>Критическое мышление</b> - это способность анализировать информацию, делать обоснованные выводы, задавать вопросы и вырабатывать собственные мнения. В этом тесте мы предлагаем вам ряд вопросов и заданий, которые помогут определить ваш уровень критического мышления. </p><p data-block-key=\"2fdsh\">Пожалуйста, выбирайте один из вариантов ответа в виде radiobutton в ответах на вопросы. </p><p data-block-key=\"9psjl\">Будьте внимательны и аналитичны в своих ответах, это поможет вам развить свои навыки критического мышления. </p><p data-block-key=\"1rgjf\">Готовы начать тестирование своего критического мышления? Поехали!</p>",
      "softSkill": 3,
      "thank_you_text": "",
      "wagtail_admin_comments": [],
      "questions": [
        {
          "pk": 11,
          "test": 5,
          "question_text": "<p data-block-key=\"tre7v\">В чём заблуждается мама Стёпы?</p><embed embedtype=\"image\" format=\"fullwidth\" id=\"11\" alt=\"\"/><p data-block-key=\"8emdb\"></p>",
          "time_limit": null,
          "score": 1,
          "answers": [
            {
              "pk": 27,
              "question": 11,
              "answer_text": "<p data-block-key=\"34ah1\">Она не заблуждается, страх наказания - лучшая мотивация</p>",
              "correct": false
            },
            {
              "pk": 28,
              "question": 11,
              "answer_text": "<p data-block-key=\"34ah1\">Наказание может никак не влиять на последующие оценки</p>",
              "correct": true
            },
            {
              "pk": 29,
              "question": 11,
              "answer_text": "<p data-block-key=\"34ah1\">Наказывать нужно не только за плохие оценки, а регулярно для профилактики</p>",
              "correct": false
            },
            {
              "pk": 30,
              "question": 11,
              "answer_text": "<p data-block-key=\"34ah1\">Лишать телефона - это не наказание</p>",
              "correct": false
            }
          ]
        },
        {
          "pk": 12,
          "test": 5,
          "question_text": "<p data-block-key=\"tre7v\">Вы подбросили монету четыре раза, и каждый раз выпадал орёл. Какова вероятность, что в пятый раз тоже выпадет орёл?</p>",
          "time_limit": null,
          "score": 1,
          "answers": [
            {
              "pk": 31,
              "question": 12,
              "answer_text": "<p data-block-key=\"34ah1\">Более вероятно, что снова выпадет орёл, ведь предыдущие разы на этой монете выпадал орёл</p>",
              "correct": false
            },
            {
              "pk": 32,
              "question": 12,
              "answer_text": "<p data-block-key=\"34ah1\">Вероятность 50%, потому что у монеты две стороны, и у каждой равные шансы выпасть</p>",
              "correct": true
            },
            {
              "pk": 33,
              "question": 12,
              "answer_text": "<p data-block-key=\"34ah1\">Скорее всего, выпадет решка, поскольку вероятность выпадения орла 50%, а он только что выпал много раз подряд - значит, математическое ожидание выпадения решки выросло</p>",
              "correct": false
            },
            {
              "pk": 34,
              "question": 12,
              "answer_text": "<p data-block-key=\"34ah1\">Если перед броском сказать \"Орёл лети, ко мне приди\", то более вероятно выпадет орёл, а если \"Решка, выпадай без спешки\" - то решка</p>",
              "correct": false
            }
          ]
        },
        {
          "pk": 13,
          "test": 5,
          "question_text": "<p data-block-key=\"tre7v\">В статье о здоровом питании автор пришёл к выводу, что много овощей, зелени и рыбы в рационе не улучшают здоровье. В подтверждение автор приводит примеры людей, которые пытались придерживаться здоровой диеты, но в итоге срывались и начинали есть ещё больше вредных продуктов. Кроме этого, они начинали испытывать психологические проблемы из-за чувства вины. А еще многие профессиональные фотомодели, спортсмены и фитнес-тренеры признаются, что у них есть любимая \"вредная\" еда, которую они включают в свой рацион. Обоснован ли вывод автора?</p>",
          "time_limit": null,
          "score": 1,
          "answers": [
            {
              "pk": 35,
              "question": 13,
              "answer_text": "<p data-block-key=\"34ah1\">Да, хотя стоило учесть ещё и полезность яиц и творога</p>",
              "correct": false
            },
            {
              "pk": 36,
              "question": 13,
              "answer_text": "<p data-block-key=\"34ah1\">Да, конкретные примеры - лучшее обоснование</p>",
              "correct": false
            },
            {
              "pk": 37,
              "question": 13,
              "answer_text": "<p data-block-key=\"34ah1\">Нет, приведённые примеры никак не связаны со сделанным выводом</p>",
              "correct": true
            },
            {
              "pk": 38,
              "question": 13,
              "answer_text": "<p data-block-key=\"34ah1\">Нет, поскольку профессиональные фотомодели, спортсмены и фитнес-тренеры лгут ради популярности</p>",
              "correct": false
            }
          ]
        },
        {
          "pk": 14,
          "test": 5,
          "question_text": "<p data-block-key=\"tre7v\">Согласно статистике, с течением времени уменьшается численность пиратов, а также увеличивается средняя температура на Земле. Динамики этих процессов идеально соответствуют друг другу. Как пираты и глобальное потепление влияют друг на друга?</p><embed embedtype=\"image\" format=\"fullwidth\" id=\"12\" alt=\"\"/><p data-block-key=\"2miuf\"></p>",
          "time_limit": null,
          "score": 1,
          "answers": [
            {
              "pk": 39,
              "question": 14,
              "answer_text": "<p data-block-key=\"34ah1\">Из-за потепления пиратам становится слишком жарко в южных широтах, где пролегают торговые пути</p>",
              "correct": false
            },
            {
              "pk": 40,
              "question": 14,
              "answer_text": "<p data-block-key=\"34ah1\">Пираты сдерживали перевозку нефти и другого ископаемого топлива, поэтому на Земле его сжигалось меньше</p>",
              "correct": false
            },
            {
              "pk": 41,
              "question": 14,
              "answer_text": "<p data-block-key=\"34ah1\">Численность пиратов и глобальное потепление не влияют друг на друга</p>",
              "correct": true
            }
          ]
        },
        {
          "pk": 15,
          "test": 5,
          "question_text": "<p data-block-key=\"tre7v\">Прочитайте цепочку рассуждений и найдите в ней ошибку: \"Как известно, тяжелые предметы падают быстрее легких. Соединим верёвкой два предмета: тяжёлый и лёгкий. Если тяжёлые предметы падают быстрее, то легкий предмет будет замедлять падение тяжёлого. Но раз эти предметы соединены и стали одним ещё более тяжелым предметом, то теперь они вместе, наоборот, должны падать быстрее. Мы пришли к противоречию, а значит, тяжёлые и лёгкие предметы должны падать с одинаковой скоростью\"</p>",
          "time_limit": null,
          "score": 1,
          "answers": [
            {
              "pk": 42,
              "question": 15,
              "answer_text": "<p data-block-key=\"34ah1\">Неверный начальный тезис</p>",
              "correct": true
            },
            {
              "pk": 43,
              "question": 15,
              "answer_text": "<p data-block-key=\"34ah1\">Соединение верёвкой не делает предметы одним целым предметом</p>",
              "correct": false
            },
            {
              "pk": 44,
              "question": 15,
              "answer_text": "<p data-block-key=\"34ah1\">Не конкретизировано, какие именно предметы, из-за этого возникает путаница</p>",
              "correct": false
            },
            {
              "pk": 45,
              "question": 15,
              "answer_text": "<p data-block-key=\"34ah1\">Неверный вывод</p>",
              "correct": false
            }
          ]
        }
      ]
    },
    "approved_go_live_at": null
  }
},
{
  "model": "wagtailcore.revision",
  "pk": 7,
  "fields": {
    "content_type": 40,
    "base_content_type": 1,
    "object_id": "5",
    "created_at": "2024-05-14T21:18:04.638Z",
    "user": 1,
    "object_str": "Критическое мышление",
    "content": {
      "pk": 5,
      "path": "00010004",
      "depth": 2,
      "numchild": 0,
      "translation_key": "1025166c-fb90-4661-bf5d-ba059f37c55b",
      "locale": 1,
      "latest_revision": 6,
      "live": false,
      "has_unpublished_changes": true,
      "first_published_at": null,
      "last_published_at": null,
      "live_revision": null,
      "go_live_at": null,
      "expire_at": null,
      "expired": false,
      "locked": false,
      "locked_at": null,
      "locked_by": null,
      "title": "Критическое мышление",
      "draft_title": "Критическое мышление",
      "slug": "kriticheskoe-myshlenie",
      "content_type": 39,
      "url_path": "/kriticheskoe-myshlenie/",
      "owner": 1,
      "seo_title": "",
      "show_in_menus": false,
      "search_description": "",
      "latest_revision_created_at": "2024-05-14T21:18:00.865Z",
      "alias_of": null,
      "image": null,
      "intro": "<p data-block-key=\"daq4j\"><b>Добро пожаловать</b> на тест по изучению <i>критического мышления</i> учащегося!</p><p data-block-key=\"6ag9r\"><b>Критическое мышление</b> - это способность анализировать информацию, делать обоснованные выводы, задавать вопросы и вырабатывать собственные мнения. В этом тесте мы предлагаем вам ряд вопросов и заданий, которые помогут определить ваш уровень критического мышления.</p><p data-block-key=\"2fdsh\">Пожалуйста, выбирайте один из вариантов ответа в виде radiobutton в ответах на вопросы.</p><p data-block-key=\"9psjl\">Будьте внимательны и аналитичны в своих ответах, это поможет вам развить свои навыки критического мышления.</p><p data-block-key=\"1rgjf\">Готовы начать тестирование своего критического мышления? Поехали!</p>",
      "softSkill": 3,
      "thank_you_text": "",
      "wagtail_admin_comments": [],
      "questions": [
        {
          "pk": 11,
          "test": 5,
          "question_text": "<p data-block-key=\"tre7v\">В чём заблуждается мама Стёпы?</p><embed embedtype=\"image\" format=\"fullwidth\" id=\"11\" alt=\"\"/><p data-block-key=\"8emdb\"></p>",
          "time_limit": null,
          "score": 1,
          "answers": [
            {
              "pk": 27,
              "question": 11,
              "answer_text": "<p data-block-key=\"34ah1\">Она не заблуждается, страх наказания - лучшая мотивация</p>",
              "correct": false
            },
            {
              "pk": 28,
              "question": 11,
              "answer_text": "<p data-block-key=\"34ah1\">Наказание может никак не влиять на последующие оценки</p>",
              "correct": true
            },
            {
              "pk": 29,
              "question": 11,
              "answer_text": "<p data-block-key=\"34ah1\">Наказывать нужно не только за плохие оценки, а регулярно для профилактики</p>",
              "correct": false
            },
            {
              "pk": 30,
              "question": 11,
              "answer_text": "<p data-block-key=\"34ah1\">Лишать телефона - это не наказание</p>",
              "correct": false
            }
          ]
        },
        {
          "pk": 12,
          "test": 5,
          "question_text": "<p data-block-key=\"tre7v\">Вы подбросили монету четыре раза, и каждый раз выпадал орёл. Какова вероятность, что в пятый раз тоже выпадет орёл?</p>",
          "time_limit": null,
          "score": 1,
          "answers": [
            {
              "pk": 31,
              "question": 12,
              "answer_text": "<p data-block-key=\"34ah1\">Более вероятно, что снова выпадет орёл, ведь предыдущие разы на этой монете выпадал орёл</p>",
              "correct": false
            },
            {
              "pk": 32,
              "question": 12,
              "answer_text": "<p data-block-key=\"34ah1\">Вероятность 50%, потому что у монеты две стороны, и у каждой равные шансы выпасть</p>",
              "correct": true
            },
            {
              "pk": 33,
              "question": 12,
              "answer_text": "<p data-block-key=\"34ah1\">Скорее всего, выпадет решка, поскольку вероятность выпадения орла 50%, а он только что выпал много раз подряд - значит, математическое ожидание выпадения решки выросло</p>",
              "correct": false
            },
            {
              "pk": 34,
              "question": 12,
              "answer_text": "<p data-block-key=\"34ah1\">Если перед броском сказать \"Орёл лети, ко мне приди\", то более вероятно выпадет орёл, а если \"Решка, выпадай без спешки\" - то решка</p>",
              "correct": false
            }
          ]
        },
        {
          "pk": 13,
          "test": 5,
          "question_text": "<p data-block-key=\"tre7v\">В статье о здоровом питании автор пришёл к выводу, что много овощей, зелени и рыбы в рационе не улучшают здоровье. В подтверждение автор приводит примеры людей, которые пытались придерживаться здоровой диеты, но в итоге срывались и начинали есть ещё больше вредных продуктов. Кроме этого, они начинали испытывать психологические проблемы из-за чувства вины. А еще многие профессиональные фотомодели, спортсмены и фитнес-тренеры признаются, что у них есть любимая \"вредная\" еда, которую они включают в свой рацион. Обоснован ли вывод автора?</p>",
          "time_limit": null,
          "score": 1,
          "answers": [
            {
              "pk": 35,
              "question": 13,
              "answer_text": "<p data-block-key=\"34ah1\">Да, хотя стоило учесть ещё и полезность яиц и творога</p>",
              "correct": false
            },
            {
              "pk": 36,
              "question": 13,
              "answer_text": "<p data-block-key=\"34ah1\">Да, конкретные примеры - лучшее обоснование</p>",
              "correct": false
            },
            {
              "pk": 37,
              "question": 13,
              "answer_text": "<p data-block-key=\"34ah1\">Нет, приведённые примеры никак не связаны со сделанным выводом</p>",
              "correct": true
            },
            {
              "pk": 38,
              "question": 13,
              "answer_text": "<p data-block-key=\"34ah1\">Нет, поскольку профессиональные фотомодели, спортсмены и фитнес-тренеры лгут ради популярности</p>",
              "correct": false
            }
          ]
        },
        {
          "pk": 14,
          "test": 5,
          "question_text": "<p data-block-key=\"tre7v\">Согласно статистике, с течением времени уменьшается численность пиратов, а также увеличивается средняя температура на Земле. Динамики этих процессов идеально соответствуют друг другу. Как пираты и глобальное потепление влияют друг на друга?</p><embed embedtype=\"image\" format=\"fullwidth\" id=\"12\" alt=\"\"/><p data-block-key=\"2miuf\"></p>",
          "time_limit": null,
          "score": 1,
          "answers": [
            {
              "pk": 39,
              "question": 14,
              "answer_text": "<p data-block-key=\"34ah1\">Из-за потепления пиратам становится слишком жарко в южных широтах, где пролегают торговые пути</p>",
              "correct": false
            },
            {
              "pk": 40,
              "question": 14,
              "answer_text": "<p data-block-key=\"34ah1\">Пираты сдерживали перевозку нефти и другого ископаемого топлива, поэтому на Земле его сжигалось меньше</p>",
              "correct": false
            },
            {
              "pk": 41,
              "question": 14,
              "answer_text": "<p data-block-key=\"34ah1\">Численность пиратов и глобальное потепление не влияют друг на друга</p>",
              "correct": true
            }
          ]
        },
        {
          "pk": 15,
          "test": 5,
          "question_text": "<p data-block-key=\"tre7v\">Прочитайте цепочку рассуждений и найдите в ней ошибку: \"Как известно, тяжелые предметы падают быстрее легких. Соединим верёвкой два предмета: тяжёлый и лёгкий. Если тяжёлые предметы падают быстрее, то легкий предмет будет замедлять падение тяжёлого. Но раз эти предметы соединены и стали одним ещё более тяжелым предметом, то теперь они вместе, наоборот, должны падать быстрее. Мы пришли к противоречию, а значит, тяжёлые и лёгкие предметы должны падать с одинаковой скоростью\"</p>",
          "time_limit": null,
          "score": 1,
          "answers": [
            {
              "pk": 42,
              "question": 15,
              "answer_text": "<p data-block-key=\"34ah1\">Неверный начальный тезис</p>",
              "correct": true
            },
            {
              "pk": 43,
              "question": 15,
              "answer_text": "<p data-block-key=\"34ah1\">Соединение верёвкой не делает предметы одним целым предметом</p>",
              "correct": false
            },
            {
              "pk": 44,
              "question": 15,
              "answer_text": "<p data-block-key=\"34ah1\">Не конкретизировано, какие именно предметы, из-за этого возникает путаница</p>",
              "correct": false
            },
            {
              "pk": 45,
              "question": 15,
              "answer_text": "<p data-block-key=\"34ah1\">Неверный вывод</p>",
              "correct": false
            }
          ]
        }
      ]
    },
    "approved_go_live_at": null
  }
},
{
  "model": "wagtailcore.revision",
  "pk": 8,
  "fields": {
    "content_type": 40,
    "base_content_type": 1,
    "object_id": "6",
    "created_at": "2024-05-14T21:52:08.876Z",
    "user": 1,
    "object_str": "Логическое мышление",
    "content": {
      "pk": 6,
      "path": "00010005",
      "depth": 2,
      "numchild": 0,
      "translation_key": "6f1d0e66-6c5c-472b-8f48-96c3f66ab08b",
      "locale": 1,
      "latest_revision": null,
      "live": false,
      "has_unpublished_changes": false,
      "first_published_at": null,
      "last_published_at": null,
      "live_revision": null,
      "go_live_at": null,
      "expire_at": null,
      "expired": false,
      "locked": false,
      "locked_at": null,
      "locked_by": null,
      "title": "Логическое мышление",
      "draft_title": "Логическое мышление",
      "slug": "logicheskoe-myshlenie",
      "content_type": 39,
      "url_path": "/logicheskoe-myshlenie/",
      "owner": 1,
      "seo_title": "",
      "show_in_menus": false,
      "search_description": "",
      "latest_revision_created_at": null,
      "alias_of": null,
      "image": null,
      "intro": "<p data-block-key=\"btvtq\"><b>Добро пожаловать</b> на тест по изучению <i>логического мышления</i> учащегося! </p><p data-block-key=\"d0vej\"><b>Логическое мышление</b> - это способность анализировать информацию, находить закономерности, строить логические цепочки рассуждений и принимать обоснованные решения. </p><p data-block-key=\"d2i7a\">В этом тесте мы предлагаем вам ряд вопросов и заданий, которые помогут определить ваш уровень логического мышления. </p><p data-block-key=\"a86tl\">Пожалуйста, выбирайте один из вариантов ответа в виде radiobutton в ответах на вопросы. Будьте внимательны и логичны в своих рассуждениях, это поможет вам развить свои навыки логического мышления. </p><p data-block-key=\"8rbht\">Готовы начать тестирование своего логического мышления? Поехали!</p>",
      "softSkill": 5,
      "thank_you_text": "",
      "wagtail_admin_comments": [],
      "questions": [
        {
          "pk": 16,
          "test": 6,
          "question_text": "<p data-block-key=\"u7rpv\">Рабочий день длится с 9 до 18. Если утром сотрудники опаздывают, то вечером задерживаются до 18:30. А если приходят раньше, то уходят в 17:30. Если сотрудники приходят к началу рабочего дня, то уходят в 18. В 18:15 в офисе 5 сотрудников. Что может быть верно?</p>",
          "time_limit": null,
          "score": 1,
          "answers": [
            {
              "pk": 46,
              "question": 16,
              "answer_text": "<p data-block-key=\"5luk5\">Двое пришли вовремя, а трое опоздали</p>",
              "correct": false
            },
            {
              "pk": 47,
              "question": 16,
              "answer_text": "<p data-block-key=\"5luk5\">Все пятеро пришли пораньше</p>",
              "correct": false
            },
            {
              "pk": 48,
              "question": 16,
              "answer_text": "<p data-block-key=\"5luk5\">Все пятеро сотрудников опоздали</p>",
              "correct": true
            },
            {
              "pk": 49,
              "question": 16,
              "answer_text": "<p data-block-key=\"5luk5\">Один опоздал, а остальные пришли вовремя</p>",
              "correct": false
            }
          ]
        },
        {
          "pk": 17,
          "test": 6,
          "question_text": "<p data-block-key=\"u7rpv\">В первые два месяца лета Игорь продаёт сахарную вату, а с июля по сентябрь он продаёт яблоки в карамели. Ещё Игорь продаёт пирожки с повидлом, но только во второй половине года. В какой из месяцев Игорь продаёт все три вида сладостей?</p>",
          "time_limit": null,
          "score": 1,
          "answers": [
            {
              "pk": 50,
              "question": 17,
              "answer_text": "<p data-block-key=\"5luk5\">В сентябре</p>",
              "correct": false
            },
            {
              "pk": 51,
              "question": 17,
              "answer_text": "<p data-block-key=\"5luk5\">В июле и августе</p>",
              "correct": false
            },
            {
              "pk": 52,
              "question": 17,
              "answer_text": "<p data-block-key=\"5luk5\">В июле</p>",
              "correct": true
            },
            {
              "pk": 53,
              "question": 17,
              "answer_text": "<p data-block-key=\"5luk5\">Ни в один из месяцев</p>",
              "correct": false
            }
          ]
        },
        {
          "pk": 18,
          "test": 6,
          "question_text": "<p data-block-key=\"u7rpv\">На двери склада два замка. У Кости есть ключи от обоих замков. У Светы есть ключ только от первого замка, а у Влада - ключ только от второго замка. Первый замок можно открыть только в случае, если закрыт второй. Вчера склад закрывала Света.</p><p data-block-key=\"7tc3t\">Кто точно не сможет открыть склад сегодня утром?</p>",
          "time_limit": null,
          "score": 1,
          "answers": [
            {
              "pk": 54,
              "question": 18,
              "answer_text": "<p data-block-key=\"5luk5\">Света и Влад по одиночке </p>",
              "correct": true
            },
            {
              "pk": 55,
              "question": 18,
              "answer_text": "<p data-block-key=\"5luk5\">Костя</p>",
              "correct": false
            },
            {
              "pk": 56,
              "question": 18,
              "answer_text": "<p data-block-key=\"5luk5\">Света вместе с Владом</p>",
              "correct": false
            }
          ]
        },
        {
          "pk": 19,
          "test": 6,
          "question_text": "<p data-block-key=\"u7rpv\">Врач принимает пациентов только в будние дни по чётным числам. Завтра первое июля, а послезавтра воскресенье.</p><p data-block-key=\"78ucm\">Когда врач сможет принять пациентов?</p>",
          "time_limit": null,
          "score": 1,
          "answers": [
            {
              "pk": 57,
              "question": 19,
              "answer_text": "<p data-block-key=\"5luk5\">Сегодня или в следующий вторник</p>",
              "correct": true
            },
            {
              "pk": 58,
              "question": 19,
              "answer_text": "<p data-block-key=\"5luk5\">Завтра или послезавтра</p>",
              "correct": false
            },
            {
              "pk": 59,
              "question": 19,
              "answer_text": "<p data-block-key=\"5luk5\">В воскресенье или в следующий понедельник</p>",
              "correct": false
            },
            {
              "pk": 60,
              "question": 19,
              "answer_text": "<p data-block-key=\"5luk5\">Только затра</p>",
              "correct": false
            }
          ]
        },
        {
          "pk": 20,
          "test": 6,
          "question_text": "<p data-block-key=\"u7rpv\">В магазине проходит две акции: \"Скидка 20% на всё\" и \"Два одинаковых товара по цене одного\". Алексей купил 2 телевизора и сэкономил 2000 рублей. Какое из утверждений однозначно ложное?</p>",
          "time_limit": null,
          "score": 1,
          "answers": [
            {
              "pk": 61,
              "question": 20,
              "answer_text": "<p data-block-key=\"5luk5\">Сумма покупки с учётом скидки могла составить 8000 рублей</p>",
              "correct": false
            },
            {
              "pk": 62,
              "question": 20,
              "answer_text": "<p data-block-key=\"5luk5\">Один из телевизоров мог стоить на 2000 дороже, чем второй</p>",
              "correct": false
            },
            {
              "pk": 63,
              "question": 20,
              "answer_text": "<p data-block-key=\"5luk5\">Сумма цен телевизоров до скидки могла быть 6000 рублей</p>",
              "correct": true
            },
            {
              "pk": 64,
              "question": 20,
              "answer_text": "<p data-block-key=\"5luk5\">Сумма цен телевизоров до скидки могла быть 4000 рублей</p>",
              "correct": false
            }
          ]
        }
      ]
    },
    "approved_go_live_at": null
  }
},
{
  "model": "wagtailcore.revision",
  "pk": 9,
  "fields": {
    "content_type": 40,
    "base_content_type": 1,
    "object_id": "6",
    "created_at": "2024-05-14T21:52:14.838Z",
    "user": 1,
    "object_str": "Логическое мышление",
    "content": {
      "pk": 6,
      "path": "00010005",
      "depth": 2,
      "numchild": 0,
      "translation_key": "6f1d0e66-6c5c-472b-8f48-96c3f66ab08b",
      "locale": 1,
      "latest_revision": 8,
      "live": false,
      "has_unpublished_changes": true,
      "first_published_at": null,
      "last_published_at": null,
      "live_revision": null,
      "go_live_at": null,
      "expire_at": null,
      "expired": false,
      "locked": false,
      "locked_at": null,
      "locked_by": null,
      "title": "Логическое мышление",
      "draft_title": "Логическое мышление",
      "slug": "logicheskoe-myshlenie",
      "content_type": 39,
      "url_path": "/logicheskoe-myshlenie/",
      "owner": 1,
      "seo_title": "",
      "show_in_menus": false,
      "search_description": "",
      "latest_revision_created_at": "2024-05-14T21:52:08.876Z",
      "alias_of": null,
      "image": null,
      "intro": "<p data-block-key=\"btvtq\"><b>Добро пожаловать</b> на тест по изучению <i>логического мышления</i> учащегося!</p><p data-block-key=\"d0vej\"><b>Логическое мышление</b> - это способность анализировать информацию, находить закономерности, строить логические цепочки рассуждений и принимать обоснованные решения.</p><p data-block-key=\"d2i7a\">В этом тесте мы предлагаем вам ряд вопросов и заданий, которые помогут определить ваш уровень логического мышления.</p><p data-block-key=\"a86tl\">Пожалуйста, выбирайте один из вариантов ответа в виде radiobutton в ответах на вопросы. Будьте внимательны и логичны в своих рассуждениях, это поможет вам развить свои навыки логического мышления.</p><p data-block-key=\"8rbht\">Готовы начать тестирование своего логического мышления? Поехали!</p>",
      "softSkill": 5,
      "thank_you_text": "",
      "wagtail_admin_comments": [],
      "questions": [
        {
          "pk": 16,
          "test": 6,
          "question_text": "<p data-block-key=\"u7rpv\">Рабочий день длится с 9 до 18. Если утром сотрудники опаздывают, то вечером задерживаются до 18:30. А если приходят раньше, то уходят в 17:30. Если сотрудники приходят к началу рабочего дня, то уходят в 18. В 18:15 в офисе 5 сотрудников. Что может быть верно?</p>",
          "time_limit": null,
          "score": 1,
          "answers": [
            {
              "pk": 46,
              "question": 16,
              "answer_text": "<p data-block-key=\"5luk5\">Двое пришли вовремя, а трое опоздали</p>",
              "correct": false
            },
            {
              "pk": 47,
              "question": 16,
              "answer_text": "<p data-block-key=\"5luk5\">Все пятеро пришли пораньше</p>",
              "correct": false
            },
            {
              "pk": 48,
              "question": 16,
              "answer_text": "<p data-block-key=\"5luk5\">Все пятеро сотрудников опоздали</p>",
              "correct": true
            },
            {
              "pk": 49,
              "question": 16,
              "answer_text": "<p data-block-key=\"5luk5\">Один опоздал, а остальные пришли вовремя</p>",
              "correct": false
            }
          ]
        },
        {
          "pk": 17,
          "test": 6,
          "question_text": "<p data-block-key=\"u7rpv\">В первые два месяца лета Игорь продаёт сахарную вату, а с июля по сентябрь он продаёт яблоки в карамели. Ещё Игорь продаёт пирожки с повидлом, но только во второй половине года. В какой из месяцев Игорь продаёт все три вида сладостей?</p>",
          "time_limit": null,
          "score": 1,
          "answers": [
            {
              "pk": 50,
              "question": 17,
              "answer_text": "<p data-block-key=\"5luk5\">В сентябре</p>",
              "correct": false
            },
            {
              "pk": 51,
              "question": 17,
              "answer_text": "<p data-block-key=\"5luk5\">В июле и августе</p>",
              "correct": false
            },
            {
              "pk": 52,
              "question": 17,
              "answer_text": "<p data-block-key=\"5luk5\">В июле</p>",
              "correct": true
            },
            {
              "pk": 53,
              "question": 17,
              "answer_text": "<p data-block-key=\"5luk5\">Ни в один из месяцев</p>",
              "correct": false
            }
          ]
        },
        {
          "pk": 18,
          "test": 6,
          "question_text": "<p data-block-key=\"u7rpv\">На двери склада два замка. У Кости есть ключи от обоих замков. У Светы есть ключ только от первого замка, а у Влада - ключ только от второго замка. Первый замок можно открыть только в случае, если закрыт второй. Вчера склад закрывала Света.</p><p data-block-key=\"7tc3t\">Кто точно не сможет открыть склад сегодня утром?</p>",
          "time_limit": null,
          "score": 1,
          "answers": [
            {
              "pk": 54,
              "question": 18,
              "answer_text": "<p data-block-key=\"5luk5\">Света и Влад по одиночке</p>",
              "correct": true
            },
            {
              "pk": 55,
              "question": 18,
              "answer_text": "<p data-block-key=\"5luk5\">Костя</p>",
              "correct": false
            },
            {
              "pk": 56,
              "question": 18,
              "answer_text": "<p data-block-key=\"5luk5\">Света вместе с Владом</p>",
              "correct": false
            }
          ]
        },
        {
          "pk": 19,
          "test": 6,
          "question_text": "<p data-block-key=\"u7rpv\">Врач принимает пациентов только в будние дни по чётным числам. Завтра первое июля, а послезавтра воскресенье.</p><p data-block-key=\"78ucm\">Когда врач сможет принять пациентов?</p>",
          "time_limit": null,
          "score": 1,
          "answers": [
            {
              "pk": 57,
              "question": 19,
              "answer_text": "<p data-block-key=\"5luk5\">Сегодня или в следующий вторник</p>",
              "correct": true
            },
            {
              "pk": 58,
              "question": 19,
              "answer_text": "<p data-block-key=\"5luk5\">Завтра или послезавтра</p>",
              "correct": false
            },
            {
              "pk": 59,
              "question": 19,
              "answer_text": "<p data-block-key=\"5luk5\">В воскресенье или в следующий понедельник</p>",
              "correct": false
            },
            {
              "pk": 60,
              "question": 19,
              "answer_text": "<p data-block-key=\"5luk5\">Только затра</p>",
              "correct": false
            }
          ]
        },
        {
          "pk": 20,
          "test": 6,
          "question_text": "<p data-block-key=\"u7rpv\">В магазине проходит две акции: \"Скидка 20% на всё\" и \"Два одинаковых товара по цене одного\". Алексей купил 2 телевизора и сэкономил 2000 рублей. Какое из утверждений однозначно ложное?</p>",
          "time_limit": null,
          "score": 1,
          "answers": [
            {
              "pk": 61,
              "question": 20,
              "answer_text": "<p data-block-key=\"5luk5\">Сумма покупки с учётом скидки могла составить 8000 рублей</p>",
              "correct": false
            },
            {
              "pk": 62,
              "question": 20,
              "answer_text": "<p data-block-key=\"5luk5\">Один из телевизоров мог стоить на 2000 дороже, чем второй</p>",
              "correct": false
            },
            {
              "pk": 63,
              "question": 20,
              "answer_text": "<p data-block-key=\"5luk5\">Сумма цен телевизоров до скидки могла быть 6000 рублей</p>",
              "correct": true
            },
            {
              "pk": 64,
              "question": 20,
              "answer_text": "<p data-block-key=\"5luk5\">Сумма цен телевизоров до скидки могла быть 4000 рублей</p>",
              "correct": false
            }
          ]
        }
      ]
    },
    "approved_go_live_at": null
  }
},
{
  "model": "wagtailcore.revision",
  "pk": 10,
  "fields": {
    "content_type": 40,
    "base_content_type": 1,
    "object_id": "7",
    "created_at": "2024-05-14T22:08:51.090Z",
    "user": 1,
    "object_str": "Эмоциональный интеллект",
    "content": {
      "pk": 7,
      "path": "00010006",
      "depth": 2,
      "numchild": 0,
      "translation_key": "4b322dfb-dcc8-4fc0-a180-571815fab18a",
      "locale": 1,
      "latest_revision": null,
      "live": false,
      "has_unpublished_changes": false,
      "first_published_at": null,
      "last_published_at": null,
      "live_revision": null,
      "go_live_at": null,
      "expire_at": null,
      "expired": false,
      "locked": false,
      "locked_at": null,
      "locked_by": null,
      "title": "Эмоциональный интеллект",
      "draft_title": "Эмоциональный интеллект",
      "slug": "emocionalnyj-intellekt",
      "content_type": 39,
      "url_path": "/emocionalnyj-intellekt/",
      "owner": 1,
      "seo_title": "",
      "show_in_menus": false,
      "search_description": "",
      "latest_revision_created_at": null,
      "alias_of": null,
      "image": null,
      "intro": "<p data-block-key=\"ivte9\"><b>Добро пожаловать</b> на тест по изучению <i>эмоционального интеллекта</i> учащегося! </p><p data-block-key=\"fvp24\"><b>Эмоциональный интеллект</b> - это способность понимать, управлять и выражать свои эмоции, а также эмпатия и умение взаимодействовать с окружающими людьми. </p><p data-block-key=\"aqtb4\">В этом тесте мы предлагаем вам ряд вопросов и заданий, которые помогут определить ваш уровень эмоционального интеллекта. Пожалуйста, выберите один верный ответ из предложенных вариантов, представленных в виде radiobutton. </p><p data-block-key=\"29vn2\">Ваша чувствительность к эмоциям и умение управлять ими важны для успешного общения и взаимодействия с окружающими. </p><p data-block-key=\"donvs\">Готовы начать тестирование вашего эмоционального интеллекта? Давайте начнем!</p>",
      "softSkill": 6,
      "thank_you_text": "",
      "wagtail_admin_comments": [],
      "questions": [
        {
          "pk": 21,
          "test": 7,
          "question_text": "<p data-block-key=\"7f1ie\">На какой из фотографий Федя гордится пятёркой по математике?</p><embed embedtype=\"image\" format=\"fullwidth\" id=\"13\" alt=\"\"/><p data-block-key=\"eqlto\"></p>",
          "time_limit": null,
          "score": 1,
          "answers": [
            {
              "pk": 65,
              "question": 21,
              "answer_text": "<p data-block-key=\"cuwbs\">а</p>",
              "correct": false
            },
            {
              "pk": 66,
              "question": 21,
              "answer_text": "<p data-block-key=\"cuwbs\">б</p>",
              "correct": false
            },
            {
              "pk": 67,
              "question": 21,
              "answer_text": "<p data-block-key=\"cuwbs\">в</p>",
              "correct": false
            },
            {
              "pk": 68,
              "question": 21,
              "answer_text": "<p data-block-key=\"cuwbs\">г</p>",
              "correct": true
            }
          ]
        },
        {
          "pk": 22,
          "test": 7,
          "question_text": "<p data-block-key=\"7f1ie\">Ты допустил ошибку и знаешь, что за это будут ругать. Как далеко нужно оказаться от собеседника, чтобы он мягче выражался и быстрее сменил гнев на милость?</p><embed embedtype=\"image\" format=\"fullwidth\" id=\"14\" alt=\"\"/><p data-block-key=\"85ort\"></p>",
          "time_limit": null,
          "score": 1,
          "answers": [
            {
              "pk": 69,
              "question": 22,
              "answer_text": "<p data-block-key=\"cuwbs\">Лучше встать или сесть рядом</p>",
              "correct": true
            },
            {
              "pk": 70,
              "question": 22,
              "answer_text": "<p data-block-key=\"cuwbs\">Лучше держаться на расстоянии 2-3 метров</p>",
              "correct": false
            },
            {
              "pk": 71,
              "question": 22,
              "answer_text": "<p data-block-key=\"cuwbs\">Чем дальше - тем лучше</p>",
              "correct": false
            }
          ]
        },
        {
          "pk": 23,
          "test": 7,
          "question_text": "<p data-block-key=\"7f1ie\">Посмотри на картинку и скажи, что здесь может происходить?</p><embed embedtype=\"image\" format=\"fullwidth\" id=\"15\" alt=\"\"/><p data-block-key=\"e2dk5\"></p>",
          "time_limit": null,
          "score": 1,
          "answers": [
            {
              "pk": 72,
              "question": 23,
              "answer_text": "<p data-block-key=\"cuwbs\">Мужчина рассказывает смешную шутку</p>",
              "correct": false
            },
            {
              "pk": 73,
              "question": 23,
              "answer_text": "<p data-block-key=\"cuwbs\">Женщина старается не замечать мужчину</p>",
              "correct": false
            },
            {
              "pk": 74,
              "question": 23,
              "answer_text": "<p data-block-key=\"cuwbs\">Женщина узнаёт о чём-то опасном</p>",
              "correct": true
            }
          ]
        },
        {
          "pk": 24,
          "test": 7,
          "question_text": "<p data-block-key=\"7f1ie\">Что чувствует человек слева по отношению к собеседнику?</p><embed embedtype=\"image\" format=\"fullwidth\" id=\"16\" alt=\"\"/><p data-block-key=\"5rhcd\"></p>",
          "time_limit": null,
          "score": 1,
          "answers": [
            {
              "pk": 75,
              "question": 24,
              "answer_text": "<p data-block-key=\"cuwbs\">Он в ярости от услышанного</p>",
              "correct": false
            },
            {
              "pk": 76,
              "question": 24,
              "answer_text": "<p data-block-key=\"cuwbs\">Он презирает собеседника</p>",
              "correct": false
            },
            {
              "pk": 77,
              "question": 24,
              "answer_text": "<p data-block-key=\"cuwbs\">Он заинтересован разговором</p>",
              "correct": true
            }
          ]
        },
        {
          "pk": 25,
          "test": 7,
          "question_text": "<p data-block-key=\"7f1ie\">Твой друг не сдал экзамен и сильно расстроился из-за этого. Как вести себя, чтобы другу стало легче?</p>",
          "time_limit": null,
          "score": 1,
          "answers": [
            {
              "pk": 78,
              "question": 25,
              "answer_text": "<p data-block-key=\"cuwbs\">Сказать: \"Да не грусти ты, сего раскис? С другими людьми случаются неприятности и похуже! Привыкай, жизнь вообще не сахар!\"</p>",
              "correct": false
            },
            {
              "pk": 79,
              "question": 25,
              "answer_text": "<p data-block-key=\"cuwbs\">Вести себя как обычно и не обращать внимание на плохое настроение друга - погрустит и успокоится</p>",
              "correct": false
            },
            {
              "pk": 80,
              "question": 25,
              "answer_text": "<p data-block-key=\"cuwbs\">Напомнить другу, что ты тоже в прошлом году завалил экзамен, но потом всё успешно пересдал</p>",
              "correct": true
            }
          ]
        }
      ]
    },
    "approved_go_live_at": null
  }
},
{
  "model": "wagtailcore.revision",
  "pk": 11,
  "fields": {
    "content_type": 40,
    "base_content_type": 1,
    "object_id": "7",
    "created_at": "2024-05-14T22:08:54.895Z",
    "user": 1,
    "object_str": "Эмоциональный интеллект",
    "content": {
      "pk": 7,
      "path": "00010006",
      "depth": 2,
      "numchild": 0,
      "translation_key": "4b322dfb-dcc8-4fc0-a180-571815fab18a",
      "locale": 1,
      "latest_revision": 10,
      "live": false,
      "has_unpublished_changes": true,
      "first_published_at": null,
      "last_published_at": null,
      "live_revision": null,
      "go_live_at": null,
      "expire_at": null,
      "expired": false,
      "locked": false,
      "locked_at": null,
      "locked_by": null,
      "title": "Эмоциональный интеллект",
      "draft_title": "Эмоциональный интеллект",
      "slug": "emocionalnyj-intellekt",
      "content_type": 39,
      "url_path": "/emocionalnyj-intellekt/",
      "owner": 1,
      "seo_title": "",
      "show_in_menus": false,
      "search_description": "",
      "latest_revision_created_at": "2024-05-14T22:08:51.090Z",
      "alias_of": null,
      "image": null,
      "intro": "<p data-block-key=\"ivte9\"><b>Добро пожаловать</b> на тест по изучению <i>эмоционального интеллекта</i> учащегося!</p><p data-block-key=\"fvp24\"><b>Эмоциональный интеллект</b> - это способность понимать, управлять и выражать свои эмоции, а также эмпатия и умение взаимодействовать с окружающими людьми.</p><p data-block-key=\"aqtb4\">В этом тесте мы предлагаем вам ряд вопросов и заданий, которые помогут определить ваш уровень эмоционального интеллекта. Пожалуйста, выберите один верный ответ из предложенных вариантов, представленных в виде radiobutton.</p><p data-block-key=\"29vn2\">Ваша чувствительность к эмоциям и умение управлять ими важны для успешного общения и взаимодействия с окружающими.</p><p data-block-key=\"donvs\">Готовы начать тестирование вашего эмоционального интеллекта? Давайте начнем!</p>",
      "softSkill": 6,
      "thank_you_text": "",
      "wagtail_admin_comments": [],
      "questions": [
        {
          "pk": 21,
          "test": 7,
          "question_text": "<p data-block-key=\"7f1ie\">На какой из фотографий Федя гордится пятёркой по математике?</p><embed embedtype=\"image\" format=\"fullwidth\" id=\"13\" alt=\"\"/><p data-block-key=\"eqlto\"></p>",
          "time_limit": null,
          "score": 1,
          "answers": [
            {
              "pk": 65,
              "question": 21,
              "answer_text": "<p data-block-key=\"cuwbs\">а</p>",
              "correct": false
            },
            {
              "pk": 66,
              "question": 21,
              "answer_text": "<p data-block-key=\"cuwbs\">б</p>",
              "correct": false
            },
            {
              "pk": 67,
              "question": 21,
              "answer_text": "<p data-block-key=\"cuwbs\">в</p>",
              "correct": false
            },
            {
              "pk": 68,
              "question": 21,
              "answer_text": "<p data-block-key=\"cuwbs\">г</p>",
              "correct": true
            }
          ]
        },
        {
          "pk": 22,
          "test": 7,
          "question_text": "<p data-block-key=\"7f1ie\">Ты допустил ошибку и знаешь, что за это будут ругать. Как далеко нужно оказаться от собеседника, чтобы он мягче выражался и быстрее сменил гнев на милость?</p><embed embedtype=\"image\" format=\"fullwidth\" id=\"14\" alt=\"\"/><p data-block-key=\"85ort\"></p>",
          "time_limit": null,
          "score": 1,
          "answers": [
            {
              "pk": 69,
              "question": 22,
              "answer_text": "<p data-block-key=\"cuwbs\">Лучше встать или сесть рядом</p>",
              "correct": true
            },
            {
              "pk": 70,
              "question": 22,
              "answer_text": "<p data-block-key=\"cuwbs\">Лучше держаться на расстоянии 2-3 метров</p>",
              "correct": false
            },
            {
              "pk": 71,
              "question": 22,
              "answer_text": "<p data-block-key=\"cuwbs\">Чем дальше - тем лучше</p>",
              "correct": false
            }
          ]
        },
        {
          "pk": 23,
          "test": 7,
          "question_text": "<p data-block-key=\"7f1ie\">Посмотри на картинку и скажи, что здесь может происходить?</p><embed embedtype=\"image\" format=\"fullwidth\" id=\"15\" alt=\"\"/><p data-block-key=\"e2dk5\"></p>",
          "time_limit": null,
          "score": 1,
          "answers": [
            {
              "pk": 72,
              "question": 23,
              "answer_text": "<p data-block-key=\"cuwbs\">Мужчина рассказывает смешную шутку</p>",
              "correct": false
            },
            {
              "pk": 73,
              "question": 23,
              "answer_text": "<p data-block-key=\"cuwbs\">Женщина старается не замечать мужчину</p>",
              "correct": false
            },
            {
              "pk": 74,
              "question": 23,
              "answer_text": "<p data-block-key=\"cuwbs\">Женщина узнаёт о чём-то опасном</p>",
              "correct": true
            }
          ]
        },
        {
          "pk": 24,
          "test": 7,
          "question_text": "<p data-block-key=\"7f1ie\">Что чувствует человек слева по отношению к собеседнику?</p><embed embedtype=\"image\" format=\"fullwidth\" id=\"16\" alt=\"\"/><p data-block-key=\"5rhcd\"></p>",
          "time_limit": null,
          "score": 1,
          "answers": [
            {
              "pk": 75,
              "question": 24,
              "answer_text": "<p data-block-key=\"cuwbs\">Он в ярости от услышанного</p>",
              "correct": false
            },
            {
              "pk": 76,
              "question": 24,
              "answer_text": "<p data-block-key=\"cuwbs\">Он презирает собеседника</p>",
              "correct": false
            },
            {
              "pk": 77,
              "question": 24,
              "answer_text": "<p data-block-key=\"cuwbs\">Он заинтересован разговором</p>",
              "correct": true
            }
          ]
        },
        {
          "pk": 25,
          "test": 7,
          "question_text": "<p data-block-key=\"7f1ie\">Твой друг не сдал экзамен и сильно расстроился из-за этого. Как вести себя, чтобы другу стало легче?</p>",
          "time_limit": null,
          "score": 1,
          "answers": [
            {
              "pk": 78,
              "question": 25,
              "answer_text": "<p data-block-key=\"cuwbs\">Сказать: \"Да не грусти ты, сего раскис? С другими людьми случаются неприятности и похуже! Привыкай, жизнь вообще не сахар!\"</p>",
              "correct": false
            },
            {
              "pk": 79,
              "question": 25,
              "answer_text": "<p data-block-key=\"cuwbs\">Вести себя как обычно и не обращать внимание на плохое настроение друга - погрустит и успокоится</p>",
              "correct": false
            },
            {
              "pk": 80,
              "question": 25,
              "answer_text": "<p data-block-key=\"cuwbs\">Напомнить другу, что ты тоже в прошлом году завалил экзамен, но потом всё успешно пересдал</p>",
              "correct": true
            }
          ]
        }
      ]
    },
    "approved_go_live_at": null
  }
},
{
  "model": "wagtailcore.grouppagepermission",
  "pk": 1,
  "fields": {
    "group": 1,
    "page": 1,
    "permission": 33
  }
},
{
  "model": "wagtailcore.grouppagepermission",
  "pk": 2,
  "fields": {
    "group": 1,
    "page": 1,
    "permission": 34
  }
},
{
  "model": "wagtailcore.grouppagepermission",
  "pk": 3,
  "fields": {
    "group": 1,
    "page": 1,
    "permission": 39
  }
},
{
  "model": "wagtailcore.grouppagepermission",
  "pk": 4,
  "fields": {
    "group": 2,
    "page": 1,
    "permission": 33
  }
},
{
  "model": "wagtailcore.grouppagepermission",
  "pk": 5,
  "fields": {
    "group": 2,
    "page": 1,
    "permission": 34
  }
},
{
  "model": "wagtailcore.grouppagepermission",
  "pk": 6,
  "fields": {
    "group": 1,
    "page": 1,
    "permission": 38
  }
},
{
  "model": "wagtailcore.grouppagepermission",
  "pk": 7,
  "fields": {
    "group": 1,
    "page": 1,
    "permission": 40
  }
},
{
  "model": "wagtailcore.workflowpage",
  "pk": 1,
  "fields": {
    "workflow": 1
  }
},
{
  "model": "wagtailcore.workflowtask",
  "pk": 1,
  "fields": {
    "sort_order": 0,
    "workflow": 1,
    "task": 1
  }
},
{
  "model": "wagtailcore.task",
  "pk": 1,
  "fields": {
    "name": "Moderators approval",
    "content_type": 3,
    "active": true
  }
},
{
  "model": "wagtailcore.workflow",
  "pk": 1,
  "fields": {
    "name": "Moderators approval",
    "active": true
  }
},
{
  "model": "wagtailcore.groupapprovaltask",
  "pk": 1,
  "fields": {
    "groups": [
      1
    ]
  }
},
{
  "model": "wagtailcore.pagelogentry",
  "pk": 1,
  "fields": {
    "content_type": 40,
    "label": "Креативность",
    "action": "wagtail.create",
    "data": {},
    "timestamp": "2024-05-14T20:15:14.018Z",
    "uuid": "b15eaa37-139a-4e9d-b66d-71a4939bfed3",
    "user": 1,
    "revision": null,
    "content_changed": true,
    "deleted": false,
    "page": 3
  }
},
{
  "model": "wagtailcore.pagelogentry",
  "pk": 2,
  "fields": {
    "content_type": 40,
    "label": "Креативность",
    "action": "wagtail.edit",
    "data": {},
    "timestamp": "2024-05-14T20:15:14.117Z",
    "uuid": "b15eaa37-139a-4e9d-b66d-71a4939bfed3",
    "user": 1,
    "revision": 1,
    "content_changed": true,
    "deleted": false,
    "page": 3
  }
},
{
  "model": "wagtailcore.pagelogentry",
  "pk": 3,
  "fields": {
    "content_type": 40,
    "label": "Креативность",
    "action": "wagtail.edit",
    "data": {},
    "timestamp": "2024-05-14T20:22:09.558Z",
    "uuid": "091d9f96-f4aa-4abe-8191-afef4bf2cb52",
    "user": 1,
    "revision": 2,
    "content_changed": true,
    "deleted": false,
    "page": 3
  }
},
{
  "model": "wagtailcore.pagelogentry",
  "pk": 4,
  "fields": {
    "content_type": 40,
    "label": "Креативность",
    "action": "wagtail.edit",
    "data": {},
    "timestamp": "2024-05-14T20:22:25.399Z",
    "uuid": "47f10911-23c4-4f55-b556-789cdb8f23ac",
    "user": 1,
    "revision": 3,
    "content_changed": true,
    "deleted": false,
    "page": 3
  }
},
{
  "model": "wagtailcore.pagelogentry",
  "pk": 5,
  "fields": {
    "content_type": 40,
    "label": "Креативность",
    "action": "wagtail.publish",
    "data": {},
    "timestamp": "2024-05-14T20:22:25.513Z",
    "uuid": "47f10911-23c4-4f55-b556-789cdb8f23ac",
    "user": 1,
    "revision": 3,
    "content_changed": false,
    "deleted": false,
    "page": 3
  }
},
{
  "model": "wagtailcore.pagelogentry",
  "pk": 6,
  "fields": {
    "content_type": 40,
    "label": "Самоорганизация",
    "action": "wagtail.create",
    "data": {},
    "timestamp": "2024-05-14T20:54:57.272Z",
    "uuid": "6f48bb8f-279d-4f9f-a460-562caf8e672f",
    "user": 1,
    "revision": null,
    "content_changed": true,
    "deleted": false,
    "page": 4
  }
},
{
  "model": "wagtailcore.pagelogentry",
  "pk": 7,
  "fields": {
    "content_type": 40,
    "label": "Самоорганизация",
    "action": "wagtail.edit",
    "data": {},
    "timestamp": "2024-05-14T20:54:57.368Z",
    "uuid": "6f48bb8f-279d-4f9f-a460-562caf8e672f",
    "user": 1,
    "revision": 4,
    "content_changed": true,
    "deleted": false,
    "page": 4
  }
},
{
  "model": "wagtailcore.pagelogentry",
  "pk": 8,
  "fields": {
    "content_type": 40,
    "label": "Самоорганизация",
    "action": "wagtail.edit",
    "data": {},
    "timestamp": "2024-05-14T21:01:43.841Z",
    "uuid": "854e2642-068a-4e12-8889-dc674d52c6b6",
    "user": 1,
    "revision": 5,
    "content_changed": true,
    "deleted": false,
    "page": 4
  }
},
{
  "model": "wagtailcore.pagelogentry",
  "pk": 9,
  "fields": {
    "content_type": 40,
    "label": "Самоорганизация",
    "action": "wagtail.publish",
    "data": {},
    "timestamp": "2024-05-14T21:01:43.982Z",
    "uuid": "854e2642-068a-4e12-8889-dc674d52c6b6",
    "user": 1,
    "revision": 5,
    "content_changed": false,
    "deleted": false,
    "page": 4
  }
},
{
  "model": "wagtailcore.pagelogentry",
  "pk": 10,
  "fields": {
    "content_type": 40,
    "label": "Критическое мышление",
    "action": "wagtail.create",
    "data": {},
    "timestamp": "2024-05-14T21:18:00.832Z",
    "uuid": "f4d22500-90d4-4dee-985b-a9aaac562ccf",
    "user": 1,
    "revision": null,
    "content_changed": true,
    "deleted": false,
    "page": 5
  }
},
{
  "model": "wagtailcore.pagelogentry",
  "pk": 11,
  "fields": {
    "content_type": 40,
    "label": "Критическое мышление",
    "action": "wagtail.edit",
    "data": {},
    "timestamp": "2024-05-14T21:18:00.930Z",
    "uuid": "f4d22500-90d4-4dee-985b-a9aaac562ccf",
    "user": 1,
    "revision": 6,
    "content_changed": true,
    "deleted": false,
    "page": 5
  }
},
{
  "model": "wagtailcore.pagelogentry",
  "pk": 12,
  "fields": {
    "content_type": 40,
    "label": "Критическое мышление",
    "action": "wagtail.edit",
    "data": {},
    "timestamp": "2024-05-14T21:18:04.695Z",
    "uuid": "063110d5-306f-4549-a692-fdd5175621c9",
    "user": 1,
    "revision": 7,
    "content_changed": true,
    "deleted": false,
    "page": 5
  }
},
{
  "model": "wagtailcore.pagelogentry",
  "pk": 13,
  "fields": {
    "content_type": 40,
    "label": "Критическое мышление",
    "action": "wagtail.publish",
    "data": {},
    "timestamp": "2024-05-14T21:18:04.825Z",
    "uuid": "063110d5-306f-4549-a692-fdd5175621c9",
    "user": 1,
    "revision": 7,
    "content_changed": true,
    "deleted": false,
    "page": 5
  }
},
{
  "model": "wagtailcore.pagelogentry",
  "pk": 14,
  "fields": {
    "content_type": 40,
    "label": "Логическое мышление",
    "action": "wagtail.create",
    "data": {},
    "timestamp": "2024-05-14T21:52:08.839Z",
    "uuid": "423d3034-d512-4806-bfb6-ec7a66e7eb1d",
    "user": 1,
    "revision": null,
    "content_changed": true,
    "deleted": false,
    "page": 6
  }
},
{
  "model": "wagtailcore.pagelogentry",
  "pk": 15,
  "fields": {
    "content_type": 40,
    "label": "Логическое мышление",
    "action": "wagtail.edit",
    "data": {},
    "timestamp": "2024-05-14T21:52:08.936Z",
    "uuid": "423d3034-d512-4806-bfb6-ec7a66e7eb1d",
    "user": 1,
    "revision": 8,
    "content_changed": true,
    "deleted": false,
    "page": 6
  }
},
{
  "model": "wagtailcore.pagelogentry",
  "pk": 16,
  "fields": {
    "content_type": 40,
    "label": "Логическое мышление",
    "action": "wagtail.edit",
    "data": {},
    "timestamp": "2024-05-14T21:52:14.901Z",
    "uuid": "aacfa69b-11ce-451c-8875-d1e001bdbf0f",
    "user": 1,
    "revision": 9,
    "content_changed": true,
    "deleted": false,
    "page": 6
  }
},
{
  "model": "wagtailcore.pagelogentry",
  "pk": 17,
  "fields": {
    "content_type": 40,
    "label": "Логическое мышление",
    "action": "wagtail.publish",
    "data": {},
    "timestamp": "2024-05-14T21:52:15.039Z",
    "uuid": "aacfa69b-11ce-451c-8875-d1e001bdbf0f",
    "user": 1,
    "revision": 9,
    "content_changed": true,
    "deleted": false,
    "page": 6
  }
},
{
  "model": "wagtailcore.pagelogentry",
  "pk": 18,
  "fields": {
    "content_type": 40,
    "label": "Эмоциональный интеллект",
    "action": "wagtail.create",
    "data": {},
    "timestamp": "2024-05-14T22:08:51.055Z",
    "uuid": "6781d0c0-0f3d-4f85-8e3b-f32e5c8022aa",
    "user": 1,
    "revision": null,
    "content_changed": true,
    "deleted": false,
    "page": 7
  }
},
{
  "model": "wagtailcore.pagelogentry",
  "pk": 19,
  "fields": {
    "content_type": 40,
    "label": "Эмоциональный интеллект",
    "action": "wagtail.edit",
    "data": {},
    "timestamp": "2024-05-14T22:08:51.157Z",
    "uuid": "6781d0c0-0f3d-4f85-8e3b-f32e5c8022aa",
    "user": 1,
    "revision": 10,
    "content_changed": true,
    "deleted": false,
    "page": 7
  }
},
{
  "model": "wagtailcore.pagelogentry",
  "pk": 20,
  "fields": {
    "content_type": 40,
    "label": "Эмоциональный интеллект",
    "action": "wagtail.edit",
    "data": {},
    "timestamp": "2024-05-14T22:08:54.960Z",
    "uuid": "fb9258db-7aeb-40a8-9b07-0c0a11eb40ec",
    "user": 1,
    "revision": 11,
    "content_changed": true,
    "deleted": false,
    "page": 7
  }
},
{
  "model": "wagtailcore.pagelogentry",
  "pk": 21,
  "fields": {
    "content_type": 40,
    "label": "Эмоциональный интеллект",
    "action": "wagtail.publish",
    "data": {},
    "timestamp": "2024-05-14T22:08:55.087Z",
    "uuid": "fb9258db-7aeb-40a8-9b07-0c0a11eb40ec",
    "user": 1,
    "revision": 11,
    "content_changed": true,
    "deleted": false,
    "page": 7
  }
},
{
  "model": "wagtailcore.pagelogentry",
  "pk": 22,
  "fields": {
    "content_type": 1,
    "label": "Welcome to your new Wagtail site!",
    "action": "wagtail.delete",
    "data": {},
    "timestamp": "2024-05-20T11:53:19.507Z",
    "uuid": "5fc83c88-934e-4180-bf65-4f4f09605ecf",
    "user": 1,
    "revision": null,
    "content_changed": false,
    "deleted": true,
    "page": 2
  }
},
{
  "model": "wagtailcore.pagesubscription",
  "pk": 2,
  "fields": {
    "user": 1,
    "page": 3,
    "comment_notifications": true
  }
},
{
  "model": "wagtailcore.pagesubscription",
  "pk": 3,
  "fields": {
    "user": 1,
    "page": 4,
    "comment_notifications": true
  }
},
{
  "model": "wagtailcore.pagesubscription",
  "pk": 4,
  "fields": {
    "user": 1,
    "page": 5,
    "comment_notifications": true
  }
},
{
  "model": "wagtailcore.pagesubscription",
  "pk": 5,
  "fields": {
    "user": 1,
    "page": 6,
    "comment_notifications": true
  }
},
{
  "model": "wagtailcore.pagesubscription",
  "pk": 6,
  "fields": {
    "user": 1,
    "page": 7,
    "comment_notifications": true
  }
},
{
  "model": "auth.permission",
  "pk": 1,
  "fields": {
    "name": "Can add image",
    "content_type": 2,
    "codename": "add_image"
  }
},
{
  "model": "auth.permission",
  "pk": 2,
  "fields": {
    "name": "Can change image",
    "content_type": 2,
    "codename": "change_image"
  }
},
{
  "model": "auth.permission",
  "pk": 3,
  "fields": {
    "name": "Can delete image",
    "content_type": 2,
    "codename": "delete_image"
  }
},
{
  "model": "auth.permission",
  "pk": 4,
  "fields": {
    "name": "Can choose image",
    "content_type": 2,
    "codename": "choose_image"
  }
},
{
  "model": "auth.permission",
  "pk": 5,
  "fields": {
    "name": "Can add locale",
    "content_type": 4,
    "codename": "add_locale"
  }
},
{
  "model": "auth.permission",
  "pk": 6,
  "fields": {
    "name": "Can change locale",
    "content_type": 4,
    "codename": "change_locale"
  }
},
{
  "model": "auth.permission",
  "pk": 7,
  "fields": {
    "name": "Can delete locale",
    "content_type": 4,
    "codename": "delete_locale"
  }
},
{
  "model": "auth.permission",
  "pk": 8,
  "fields": {
    "name": "Can view locale",
    "content_type": 4,
    "codename": "view_locale"
  }
},
{
  "model": "auth.permission",
  "pk": 9,
  "fields": {
    "name": "Can add site",
    "content_type": 5,
    "codename": "add_site"
  }
},
{
  "model": "auth.permission",
  "pk": 10,
  "fields": {
    "name": "Can change site",
    "content_type": 5,
    "codename": "change_site"
  }
},
{
  "model": "auth.permission",
  "pk": 11,
  "fields": {
    "name": "Can delete site",
    "content_type": 5,
    "codename": "delete_site"
  }
},
{
  "model": "auth.permission",
  "pk": 12,
  "fields": {
    "name": "Can view site",
    "content_type": 5,
    "codename": "view_site"
  }
},
{
  "model": "auth.permission",
  "pk": 13,
  "fields": {
    "name": "Can add model log entry",
    "content_type": 6,
    "codename": "add_modellogentry"
  }
},
{
  "model": "auth.permission",
  "pk": 14,
  "fields": {
    "name": "Can change model log entry",
    "content_type": 6,
    "codename": "change_modellogentry"
  }
},
{
  "model": "auth.permission",
  "pk": 15,
  "fields": {
    "name": "Can delete model log entry",
    "content_type": 6,
    "codename": "delete_modellogentry"
  }
},
{
  "model": "auth.permission",
  "pk": 16,
  "fields": {
    "name": "Can view model log entry",
    "content_type": 6,
    "codename": "view_modellogentry"
  }
},
{
  "model": "auth.permission",
  "pk": 17,
  "fields": {
    "name": "Can add collection view restriction",
    "content_type": 7,
    "codename": "add_collectionviewrestriction"
  }
},
{
  "model": "auth.permission",
  "pk": 18,
  "fields": {
    "name": "Can change collection view restriction",
    "content_type": 7,
    "codename": "change_collectionviewrestriction"
  }
},
{
  "model": "auth.permission",
  "pk": 19,
  "fields": {
    "name": "Can delete collection view restriction",
    "content_type": 7,
    "codename": "delete_collectionviewrestriction"
  }
},
{
  "model": "auth.permission",
  "pk": 20,
  "fields": {
    "name": "Can view collection view restriction",
    "content_type": 7,
    "codename": "view_collectionviewrestriction"
  }
},
{
  "model": "auth.permission",
  "pk": 21,
  "fields": {
    "name": "Can add collection",
    "content_type": 8,
    "codename": "add_collection"
  }
},
{
  "model": "auth.permission",
  "pk": 22,
  "fields": {
    "name": "Can change collection",
    "content_type": 8,
    "codename": "change_collection"
  }
},
{
  "model": "auth.permission",
  "pk": 23,
  "fields": {
    "name": "Can delete collection",
    "content_type": 8,
    "codename": "delete_collection"
  }
},
{
  "model": "auth.permission",
  "pk": 24,
  "fields": {
    "name": "Can view collection",
    "content_type": 8,
    "codename": "view_collection"
  }
},
{
  "model": "auth.permission",
  "pk": 25,
  "fields": {
    "name": "Can add group collection permission",
    "content_type": 9,
    "codename": "add_groupcollectionpermission"
  }
},
{
  "model": "auth.permission",
  "pk": 26,
  "fields": {
    "name": "Can change group collection permission",
    "content_type": 9,
    "codename": "change_groupcollectionpermission"
  }
},
{
  "model": "auth.permission",
  "pk": 27,
  "fields": {
    "name": "Can delete group collection permission",
    "content_type": 9,
    "codename": "delete_groupcollectionpermission"
  }
},
{
  "model": "auth.permission",
  "pk": 28,
  "fields": {
    "name": "Can view group collection permission",
    "content_type": 9,
    "codename": "view_groupcollectionpermission"
  }
},
{
  "model": "auth.permission",
  "pk": 29,
  "fields": {
    "name": "Can add reference index",
    "content_type": 10,
    "codename": "add_referenceindex"
  }
},
{
  "model": "auth.permission",
  "pk": 30,
  "fields": {
    "name": "Can change reference index",
    "content_type": 10,
    "codename": "change_referenceindex"
  }
},
{
  "model": "auth.permission",
  "pk": 31,
  "fields": {
    "name": "Can delete reference index",
    "content_type": 10,
    "codename": "delete_referenceindex"
  }
},
{
  "model": "auth.permission",
  "pk": 32,
  "fields": {
    "name": "Can view reference index",
    "content_type": 10,
    "codename": "view_referenceindex"
  }
},
{
  "model": "auth.permission",
  "pk": 33,
  "fields": {
    "name": "Can add page",
    "content_type": 1,
    "codename": "add_page"
  }
},
{
  "model": "auth.permission",
  "pk": 34,
  "fields": {
    "name": "Can change page",
    "content_type": 1,
    "codename": "change_page"
  }
},
{
  "model": "auth.permission",
  "pk": 35,
  "fields": {
    "name": "Can delete page",
    "content_type": 1,
    "codename": "delete_page"
  }
},
{
  "model": "auth.permission",
  "pk": 36,
  "fields": {
    "name": "Can view page",
    "content_type": 1,
    "codename": "view_page"
  }
},
{
  "model": "auth.permission",
  "pk": 37,
  "fields": {
    "name": "Delete pages with children",
    "content_type": 1,
    "codename": "bulk_delete_page"
  }
},
{
  "model": "auth.permission",
  "pk": 38,
  "fields": {
    "name": "Lock/unlock pages you've locked",
    "content_type": 1,
    "codename": "lock_page"
  }
},
{
  "model": "auth.permission",
  "pk": 39,
  "fields": {
    "name": "Publish any page",
    "content_type": 1,
    "codename": "publish_page"
  }
},
{
  "model": "auth.permission",
  "pk": 40,
  "fields": {
    "name": "Unlock any page",
    "content_type": 1,
    "codename": "unlock_page"
  }
},
{
  "model": "auth.permission",
  "pk": 41,
  "fields": {
    "name": "Can add revision",
    "content_type": 11,
    "codename": "add_revision"
  }
},
{
  "model": "auth.permission",
  "pk": 42,
  "fields": {
    "name": "Can change revision",
    "content_type": 11,
    "codename": "change_revision"
  }
},
{
  "model": "auth.permission",
  "pk": 43,
  "fields": {
    "name": "Can delete revision",
    "content_type": 11,
    "codename": "delete_revision"
  }
},
{
  "model": "auth.permission",
  "pk": 44,
  "fields": {
    "name": "Can view revision",
    "content_type": 11,
    "codename": "view_revision"
  }
},
{
  "model": "auth.permission",
  "pk": 45,
  "fields": {
    "name": "Can add group page permission",
    "content_type": 12,
    "codename": "add_grouppagepermission"
  }
},
{
  "model": "auth.permission",
  "pk": 46,
  "fields": {
    "name": "Can change group page permission",
    "content_type": 12,
    "codename": "change_grouppagepermission"
  }
},
{
  "model": "auth.permission",
  "pk": 47,
  "fields": {
    "name": "Can delete group page permission",
    "content_type": 12,
    "codename": "delete_grouppagepermission"
  }
},
{
  "model": "auth.permission",
  "pk": 48,
  "fields": {
    "name": "Can view group page permission",
    "content_type": 12,
    "codename": "view_grouppagepermission"
  }
},
{
  "model": "auth.permission",
  "pk": 49,
  "fields": {
    "name": "Can add page view restriction",
    "content_type": 13,
    "codename": "add_pageviewrestriction"
  }
},
{
  "model": "auth.permission",
  "pk": 50,
  "fields": {
    "name": "Can change page view restriction",
    "content_type": 13,
    "codename": "change_pageviewrestriction"
  }
},
{
  "model": "auth.permission",
  "pk": 51,
  "fields": {
    "name": "Can delete page view restriction",
    "content_type": 13,
    "codename": "delete_pageviewrestriction"
  }
},
{
  "model": "auth.permission",
  "pk": 52,
  "fields": {
    "name": "Can view page view restriction",
    "content_type": 13,
    "codename": "view_pageviewrestriction"
  }
},
{
  "model": "auth.permission",
  "pk": 53,
  "fields": {
    "name": "Can add workflow page",
    "content_type": 14,
    "codename": "add_workflowpage"
  }
},
{
  "model": "auth.permission",
  "pk": 54,
  "fields": {
    "name": "Can change workflow page",
    "content_type": 14,
    "codename": "change_workflowpage"
  }
},
{
  "model": "auth.permission",
  "pk": 55,
  "fields": {
    "name": "Can delete workflow page",
    "content_type": 14,
    "codename": "delete_workflowpage"
  }
},
{
  "model": "auth.permission",
  "pk": 56,
  "fields": {
    "name": "Can view workflow page",
    "content_type": 14,
    "codename": "view_workflowpage"
  }
},
{
  "model": "auth.permission",
  "pk": 57,
  "fields": {
    "name": "Can add workflow content type",
    "content_type": 15,
    "codename": "add_workflowcontenttype"
  }
},
{
  "model": "auth.permission",
  "pk": 58,
  "fields": {
    "name": "Can change workflow content type",
    "content_type": 15,
    "codename": "change_workflowcontenttype"
  }
},
{
  "model": "auth.permission",
  "pk": 59,
  "fields": {
    "name": "Can delete workflow content type",
    "content_type": 15,
    "codename": "delete_workflowcontenttype"
  }
},
{
  "model": "auth.permission",
  "pk": 60,
  "fields": {
    "name": "Can view workflow content type",
    "content_type": 15,
    "codename": "view_workflowcontenttype"
  }
},
{
  "model": "auth.permission",
  "pk": 61,
  "fields": {
    "name": "Can add workflow task order",
    "content_type": 16,
    "codename": "add_workflowtask"
  }
},
{
  "model": "auth.permission",
  "pk": 62,
  "fields": {
    "name": "Can change workflow task order",
    "content_type": 16,
    "codename": "change_workflowtask"
  }
},
{
  "model": "auth.permission",
  "pk": 63,
  "fields": {
    "name": "Can delete workflow task order",
    "content_type": 16,
    "codename": "delete_workflowtask"
  }
},
{
  "model": "auth.permission",
  "pk": 64,
  "fields": {
    "name": "Can view workflow task order",
    "content_type": 16,
    "codename": "view_workflowtask"
  }
},
{
  "model": "auth.permission",
  "pk": 65,
  "fields": {
    "name": "Can add task",
    "content_type": 17,
    "codename": "add_task"
  }
},
{
  "model": "auth.permission",
  "pk": 66,
  "fields": {
    "name": "Can change task",
    "content_type": 17,
    "codename": "change_task"
  }
},
{
  "model": "auth.permission",
  "pk": 67,
  "fields": {
    "name": "Can delete task",
    "content_type": 17,
    "codename": "delete_task"
  }
},
{
  "model": "auth.permission",
  "pk": 68,
  "fields": {
    "name": "Can view task",
    "content_type": 17,
    "codename": "view_task"
  }
},
{
  "model": "auth.permission",
  "pk": 69,
  "fields": {
    "name": "Can add workflow",
    "content_type": 18,
    "codename": "add_workflow"
  }
},
{
  "model": "auth.permission",
  "pk": 70,
  "fields": {
    "name": "Can change workflow",
    "content_type": 18,
    "codename": "change_workflow"
  }
},
{
  "model": "auth.permission",
  "pk": 71,
  "fields": {
    "name": "Can delete workflow",
    "content_type": 18,
    "codename": "delete_workflow"
  }
},
{
  "model": "auth.permission",
  "pk": 72,
  "fields": {
    "name": "Can view workflow",
    "content_type": 18,
    "codename": "view_workflow"
  }
},
{
  "model": "auth.permission",
  "pk": 73,
  "fields": {
    "name": "Can add Group approval task",
    "content_type": 3,
    "codename": "add_groupapprovaltask"
  }
},
{
  "model": "auth.permission",
  "pk": 74,
  "fields": {
    "name": "Can change Group approval task",
    "content_type": 3,
    "codename": "change_groupapprovaltask"
  }
},
{
  "model": "auth.permission",
  "pk": 75,
  "fields": {
    "name": "Can delete Group approval task",
    "content_type": 3,
    "codename": "delete_groupapprovaltask"
  }
},
{
  "model": "auth.permission",
  "pk": 76,
  "fields": {
    "name": "Can view Group approval task",
    "content_type": 3,
    "codename": "view_groupapprovaltask"
  }
},
{
  "model": "auth.permission",
  "pk": 77,
  "fields": {
    "name": "Can add Workflow state",
    "content_type": 19,
    "codename": "add_workflowstate"
  }
},
{
  "model": "auth.permission",
  "pk": 78,
  "fields": {
    "name": "Can change Workflow state",
    "content_type": 19,
    "codename": "change_workflowstate"
  }
},
{
  "model": "auth.permission",
  "pk": 79,
  "fields": {
    "name": "Can delete Workflow state",
    "content_type": 19,
    "codename": "delete_workflowstate"
  }
},
{
  "model": "auth.permission",
  "pk": 80,
  "fields": {
    "name": "Can view Workflow state",
    "content_type": 19,
    "codename": "view_workflowstate"
  }
},
{
  "model": "auth.permission",
  "pk": 81,
  "fields": {
    "name": "Can add Task state",
    "content_type": 20,
    "codename": "add_taskstate"
  }
},
{
  "model": "auth.permission",
  "pk": 82,
  "fields": {
    "name": "Can change Task state",
    "content_type": 20,
    "codename": "change_taskstate"
  }
},
{
  "model": "auth.permission",
  "pk": 83,
  "fields": {
    "name": "Can delete Task state",
    "content_type": 20,
    "codename": "delete_taskstate"
  }
},
{
  "model": "auth.permission",
  "pk": 84,
  "fields": {
    "name": "Can view Task state",
    "content_type": 20,
    "codename": "view_taskstate"
  }
},
{
  "model": "auth.permission",
  "pk": 85,
  "fields": {
    "name": "Can add page log entry",
    "content_type": 21,
    "codename": "add_pagelogentry"
  }
},
{
  "model": "auth.permission",
  "pk": 86,
  "fields": {
    "name": "Can change page log entry",
    "content_type": 21,
    "codename": "change_pagelogentry"
  }
},
{
  "model": "auth.permission",
  "pk": 87,
  "fields": {
    "name": "Can delete page log entry",
    "content_type": 21,
    "codename": "delete_pagelogentry"
  }
},
{
  "model": "auth.permission",
  "pk": 88,
  "fields": {
    "name": "Can view page log entry",
    "content_type": 21,
    "codename": "view_pagelogentry"
  }
},
{
  "model": "auth.permission",
  "pk": 89,
  "fields": {
    "name": "Can add comment",
    "content_type": 22,
    "codename": "add_comment"
  }
},
{
  "model": "auth.permission",
  "pk": 90,
  "fields": {
    "name": "Can change comment",
    "content_type": 22,
    "codename": "change_comment"
  }
},
{
  "model": "auth.permission",
  "pk": 91,
  "fields": {
    "name": "Can delete comment",
    "content_type": 22,
    "codename": "delete_comment"
  }
},
{
  "model": "auth.permission",
  "pk": 92,
  "fields": {
    "name": "Can view comment",
    "content_type": 22,
    "codename": "view_comment"
  }
},
{
  "model": "auth.permission",
  "pk": 93,
  "fields": {
    "name": "Can add comment reply",
    "content_type": 23,
    "codename": "add_commentreply"
  }
},
{
  "model": "auth.permission",
  "pk": 94,
  "fields": {
    "name": "Can change comment reply",
    "content_type": 23,
    "codename": "change_commentreply"
  }
},
{
  "model": "auth.permission",
  "pk": 95,
  "fields": {
    "name": "Can delete comment reply",
    "content_type": 23,
    "codename": "delete_commentreply"
  }
},
{
  "model": "auth.permission",
  "pk": 96,
  "fields": {
    "name": "Can view comment reply",
    "content_type": 23,
    "codename": "view_commentreply"
  }
},
{
  "model": "auth.permission",
  "pk": 97,
  "fields": {
    "name": "Can add page subscription",
    "content_type": 24,
    "codename": "add_pagesubscription"
  }
},
{
  "model": "auth.permission",
  "pk": 98,
  "fields": {
    "name": "Can change page subscription",
    "content_type": 24,
    "codename": "change_pagesubscription"
  }
},
{
  "model": "auth.permission",
  "pk": 99,
  "fields": {
    "name": "Can delete page subscription",
    "content_type": 24,
    "codename": "delete_pagesubscription"
  }
},
{
  "model": "auth.permission",
  "pk": 100,
  "fields": {
    "name": "Can view page subscription",
    "content_type": 24,
    "codename": "view_pagesubscription"
  }
},
{
  "model": "auth.permission",
  "pk": 101,
  "fields": {
    "name": "Can access Wagtail admin",
    "content_type": 25,
    "codename": "access_admin"
  }
},
{
  "model": "auth.permission",
  "pk": 102,
  "fields": {
    "name": "Can add document",
    "content_type": 26,
    "codename": "add_document"
  }
},
{
  "model": "auth.permission",
  "pk": 103,
  "fields": {
    "name": "Can change document",
    "content_type": 26,
    "codename": "change_document"
  }
},
{
  "model": "auth.permission",
  "pk": 104,
  "fields": {
    "name": "Can delete document",
    "content_type": 26,
    "codename": "delete_document"
  }
},
{
  "model": "auth.permission",
  "pk": 105,
  "fields": {
    "name": "Can choose document",
    "content_type": 26,
    "codename": "choose_document"
  }
},
{
  "model": "auth.permission",
  "pk": 106,
  "fields": {
    "name": "Can add Город",
    "content_type": 27,
    "codename": "add_city"
  }
},
{
  "model": "auth.permission",
  "pk": 107,
  "fields": {
    "name": "Can change Город",
    "content_type": 27,
    "codename": "change_city"
  }
},
{
  "model": "auth.permission",
  "pk": 108,
  "fields": {
    "name": "Can delete Город",
    "content_type": 27,
    "codename": "delete_city"
  }
},
{
  "model": "auth.permission",
  "pk": 109,
  "fields": {
    "name": "Can view Город",
    "content_type": 27,
    "codename": "view_city"
  }
},
{
  "model": "auth.permission",
  "pk": 110,
  "fields": {
    "name": "Can add Главная страница",
    "content_type": 28,
    "codename": "add_homepage"
  }
},
{
  "model": "auth.permission",
  "pk": 111,
  "fields": {
    "name": "Can change Главная страница",
    "content_type": 28,
    "codename": "change_homepage"
  }
},
{
  "model": "auth.permission",
  "pk": 112,
  "fields": {
    "name": "Can delete Главная страница",
    "content_type": 28,
    "codename": "delete_homepage"
  }
},
{
  "model": "auth.permission",
  "pk": 113,
  "fields": {
    "name": "Can view Главная страница",
    "content_type": 28,
    "codename": "view_homepage"
  }
},
{
  "model": "auth.permission",
  "pk": 114,
  "fields": {
    "name": "Can add Дисциплина",
    "content_type": 29,
    "codename": "add_lesson"
  }
},
{
  "model": "auth.permission",
  "pk": 115,
  "fields": {
    "name": "Can change Дисциплина",
    "content_type": 29,
    "codename": "change_lesson"
  }
},
{
  "model": "auth.permission",
  "pk": 116,
  "fields": {
    "name": "Can delete Дисциплина",
    "content_type": 29,
    "codename": "delete_lesson"
  }
},
{
  "model": "auth.permission",
  "pk": 117,
  "fields": {
    "name": "Can view Дисциплина",
    "content_type": 29,
    "codename": "view_lesson"
  }
},
{
  "model": "auth.permission",
  "pk": 118,
  "fields": {
    "name": "Can add Олимпиада",
    "content_type": 30,
    "codename": "add_olimpiad"
  }
},
{
  "model": "auth.permission",
  "pk": 119,
  "fields": {
    "name": "Can change Олимпиада",
    "content_type": 30,
    "codename": "change_olimpiad"
  }
},
{
  "model": "auth.permission",
  "pk": 120,
  "fields": {
    "name": "Can delete Олимпиада",
    "content_type": 30,
    "codename": "delete_olimpiad"
  }
},
{
  "model": "auth.permission",
  "pk": 121,
  "fields": {
    "name": "Can view Олимпиада",
    "content_type": 30,
    "codename": "view_olimpiad"
  }
},
{
  "model": "auth.permission",
  "pk": 122,
  "fields": {
    "name": "Can add question",
    "content_type": 31,
    "codename": "add_question"
  }
},
{
  "model": "auth.permission",
  "pk": 123,
  "fields": {
    "name": "Can change question",
    "content_type": 31,
    "codename": "change_question"
  }
},
{
  "model": "auth.permission",
  "pk": 124,
  "fields": {
    "name": "Can delete question",
    "content_type": 31,
    "codename": "delete_question"
  }
},
{
  "model": "auth.permission",
  "pk": 125,
  "fields": {
    "name": "Can view question",
    "content_type": 31,
    "codename": "view_question"
  }
},
{
  "model": "auth.permission",
  "pk": 126,
  "fields": {
    "name": "Can add Softskill",
    "content_type": 32,
    "codename": "add_softskill"
  }
},
{
  "model": "auth.permission",
  "pk": 127,
  "fields": {
    "name": "Can change Softskill",
    "content_type": 32,
    "codename": "change_softskill"
  }
},
{
  "model": "auth.permission",
  "pk": 128,
  "fields": {
    "name": "Can delete Softskill",
    "content_type": 32,
    "codename": "delete_softskill"
  }
},
{
  "model": "auth.permission",
  "pk": 129,
  "fields": {
    "name": "Can view Softskill",
    "content_type": 32,
    "codename": "view_softskill"
  }
},
{
  "model": "auth.permission",
  "pk": 130,
  "fields": {
    "name": "Can add Базовый школьный предмет",
    "content_type": 33,
    "codename": "add_baseolimpiadlesson"
  }
},
{
  "model": "auth.permission",
  "pk": 131,
  "fields": {
    "name": "Can change Базовый школьный предмет",
    "content_type": 33,
    "codename": "change_baseolimpiadlesson"
  }
},
{
  "model": "auth.permission",
  "pk": 132,
  "fields": {
    "name": "Can delete Базовый школьный предмет",
    "content_type": 33,
    "codename": "delete_baseolimpiadlesson"
  }
},
{
  "model": "auth.permission",
  "pk": 133,
  "fields": {
    "name": "Can view Базовый школьный предмет",
    "content_type": 33,
    "codename": "view_baseolimpiadlesson"
  }
},
{
  "model": "auth.permission",
  "pk": 134,
  "fields": {
    "name": "Can add Дополнительный школьный предмет",
    "content_type": 34,
    "codename": "add_additionalolimpiadlesson"
  }
},
{
  "model": "auth.permission",
  "pk": 135,
  "fields": {
    "name": "Can change Дополнительный школьный предмет",
    "content_type": 34,
    "codename": "change_additionalolimpiadlesson"
  }
},
{
  "model": "auth.permission",
  "pk": 136,
  "fields": {
    "name": "Can delete Дополнительный школьный предмет",
    "content_type": 34,
    "codename": "delete_additionalolimpiadlesson"
  }
},
{
  "model": "auth.permission",
  "pk": 137,
  "fields": {
    "name": "Can view Дополнительный школьный предмет",
    "content_type": 34,
    "codename": "view_additionalolimpiadlesson"
  }
},
{
  "model": "auth.permission",
  "pk": 138,
  "fields": {
    "name": "Can add answer",
    "content_type": 35,
    "codename": "add_answer"
  }
},
{
  "model": "auth.permission",
  "pk": 139,
  "fields": {
    "name": "Can change answer",
    "content_type": 35,
    "codename": "change_answer"
  }
},
{
  "model": "auth.permission",
  "pk": 140,
  "fields": {
    "name": "Can delete answer",
    "content_type": 35,
    "codename": "delete_answer"
  }
},
{
  "model": "auth.permission",
  "pk": 141,
  "fields": {
    "name": "Can view answer",
    "content_type": 35,
    "codename": "view_answer"
  }
},
{
  "model": "auth.permission",
  "pk": 142,
  "fields": {
    "name": "Can add Школа",
    "content_type": 36,
    "codename": "add_school"
  }
},
{
  "model": "auth.permission",
  "pk": 143,
  "fields": {
    "name": "Can change Школа",
    "content_type": 36,
    "codename": "change_school"
  }
},
{
  "model": "auth.permission",
  "pk": 144,
  "fields": {
    "name": "Can delete Школа",
    "content_type": 36,
    "codename": "delete_school"
  }
},
{
  "model": "auth.permission",
  "pk": 145,
  "fields": {
    "name": "Can view Школа",
    "content_type": 36,
    "codename": "view_school"
  }
},
{
  "model": "auth.permission",
  "pk": 146,
  "fields": {
    "name": "Can add Olimpiad softskill",
    "content_type": 37,
    "codename": "add_olimpiadss"
  }
},
{
  "model": "auth.permission",
  "pk": 147,
  "fields": {
    "name": "Can change Olimpiad softskill",
    "content_type": 37,
    "codename": "change_olimpiadss"
  }
},
{
  "model": "auth.permission",
  "pk": 148,
  "fields": {
    "name": "Can delete Olimpiad softskill",
    "content_type": 37,
    "codename": "delete_olimpiadss"
  }
},
{
  "model": "auth.permission",
  "pk": 149,
  "fields": {
    "name": "Can view Olimpiad softskill",
    "content_type": 37,
    "codename": "view_olimpiadss"
  }
},
{
  "model": "auth.permission",
  "pk": 150,
  "fields": {
    "name": "Can add Пользователь",
    "content_type": 38,
    "codename": "add_studentprofile"
  }
},
{
  "model": "auth.permission",
  "pk": 151,
  "fields": {
    "name": "Can change Пользователь",
    "content_type": 38,
    "codename": "change_studentprofile"
  }
},
{
  "model": "auth.permission",
  "pk": 152,
  "fields": {
    "name": "Can delete Пользователь",
    "content_type": 38,
    "codename": "delete_studentprofile"
  }
},
{
  "model": "auth.permission",
  "pk": 153,
  "fields": {
    "name": "Can view Пользователь",
    "content_type": 38,
    "codename": "view_studentprofile"
  }
},
{
  "model": "auth.permission",
  "pk": 154,
  "fields": {
    "name": "Can add Оценка",
    "content_type": 39,
    "codename": "add_mark"
  }
},
{
  "model": "auth.permission",
  "pk": 155,
  "fields": {
    "name": "Can change Оценка",
    "content_type": 39,
    "codename": "change_mark"
  }
},
{
  "model": "auth.permission",
  "pk": 156,
  "fields": {
    "name": "Can delete Оценка",
    "content_type": 39,
    "codename": "delete_mark"
  }
},
{
  "model": "auth.permission",
  "pk": 157,
  "fields": {
    "name": "Can view Оценка",
    "content_type": 39,
    "codename": "view_mark"
  }
},
{
  "model": "auth.permission",
  "pk": 158,
  "fields": {
    "name": "Can add Тест",
    "content_type": 40,
    "codename": "add_test"
  }
},
{
  "model": "auth.permission",
  "pk": 159,
  "fields": {
    "name": "Can change Тест",
    "content_type": 40,
    "codename": "change_test"
  }
},
{
  "model": "auth.permission",
  "pk": 160,
  "fields": {
    "name": "Can delete Тест",
    "content_type": 40,
    "codename": "delete_test"
  }
},
{
  "model": "auth.permission",
  "pk": 161,
  "fields": {
    "name": "Can view Тест",
    "content_type": 40,
    "codename": "view_test"
  }
},
{
  "model": "auth.permission",
  "pk": 162,
  "fields": {
    "name": "Can add Softskill result",
    "content_type": 41,
    "codename": "add_softskilluser"
  }
},
{
  "model": "auth.permission",
  "pk": 163,
  "fields": {
    "name": "Can change Softskill result",
    "content_type": 41,
    "codename": "change_softskilluser"
  }
},
{
  "model": "auth.permission",
  "pk": 164,
  "fields": {
    "name": "Can delete Softskill result",
    "content_type": 41,
    "codename": "delete_softskilluser"
  }
},
{
  "model": "auth.permission",
  "pk": 165,
  "fields": {
    "name": "Can view Softskill result",
    "content_type": 41,
    "codename": "view_softskilluser"
  }
},
{
  "model": "auth.permission",
  "pk": 166,
  "fields": {
    "name": "Can add Test softskill",
    "content_type": 42,
    "codename": "add_testss"
  }
},
{
  "model": "auth.permission",
  "pk": 167,
  "fields": {
    "name": "Can change Test softskill",
    "content_type": 42,
    "codename": "change_testss"
  }
},
{
  "model": "auth.permission",
  "pk": 168,
  "fields": {
    "name": "Can delete Test softskill",
    "content_type": 42,
    "codename": "delete_testss"
  }
},
{
  "model": "auth.permission",
  "pk": 169,
  "fields": {
    "name": "Can view Test softskill",
    "content_type": 42,
    "codename": "view_testss"
  }
},
{
  "model": "auth.permission",
  "pk": 170,
  "fields": {
    "name": "Can add Test softskill result",
    "content_type": 43,
    "codename": "add_testssuserresult"
  }
},
{
  "model": "auth.permission",
  "pk": 171,
  "fields": {
    "name": "Can change Test softskill result",
    "content_type": 43,
    "codename": "change_testssuserresult"
  }
},
{
  "model": "auth.permission",
  "pk": 172,
  "fields": {
    "name": "Can delete Test softskill result",
    "content_type": 43,
    "codename": "delete_testssuserresult"
  }
},
{
  "model": "auth.permission",
  "pk": 173,
  "fields": {
    "name": "Can view Test softskill result",
    "content_type": 43,
    "codename": "view_testssuserresult"
  }
},
{
  "model": "auth.permission",
  "pk": 174,
  "fields": {
    "name": "Can add form submission",
    "content_type": 44,
    "codename": "add_formsubmission"
  }
},
{
  "model": "auth.permission",
  "pk": 175,
  "fields": {
    "name": "Can change form submission",
    "content_type": 44,
    "codename": "change_formsubmission"
  }
},
{
  "model": "auth.permission",
  "pk": 176,
  "fields": {
    "name": "Can delete form submission",
    "content_type": 44,
    "codename": "delete_formsubmission"
  }
},
{
  "model": "auth.permission",
  "pk": 177,
  "fields": {
    "name": "Can view form submission",
    "content_type": 44,
    "codename": "view_formsubmission"
  }
},
{
  "model": "auth.permission",
  "pk": 178,
  "fields": {
    "name": "Can add redirect",
    "content_type": 45,
    "codename": "add_redirect"
  }
},
{
  "model": "auth.permission",
  "pk": 179,
  "fields": {
    "name": "Can change redirect",
    "content_type": 45,
    "codename": "change_redirect"
  }
},
{
  "model": "auth.permission",
  "pk": 180,
  "fields": {
    "name": "Can delete redirect",
    "content_type": 45,
    "codename": "delete_redirect"
  }
},
{
  "model": "auth.permission",
  "pk": 181,
  "fields": {
    "name": "Can view redirect",
    "content_type": 45,
    "codename": "view_redirect"
  }
},
{
  "model": "auth.permission",
  "pk": 182,
  "fields": {
    "name": "Can add embed",
    "content_type": 46,
    "codename": "add_embed"
  }
},
{
  "model": "auth.permission",
  "pk": 183,
  "fields": {
    "name": "Can change embed",
    "content_type": 46,
    "codename": "change_embed"
  }
},
{
  "model": "auth.permission",
  "pk": 184,
  "fields": {
    "name": "Can delete embed",
    "content_type": 46,
    "codename": "delete_embed"
  }
},
{
  "model": "auth.permission",
  "pk": 185,
  "fields": {
    "name": "Can view embed",
    "content_type": 46,
    "codename": "view_embed"
  }
},
{
  "model": "auth.permission",
  "pk": 186,
  "fields": {
    "name": "Can add user profile",
    "content_type": 47,
    "codename": "add_userprofile"
  }
},
{
  "model": "auth.permission",
  "pk": 187,
  "fields": {
    "name": "Can change user profile",
    "content_type": 47,
    "codename": "change_userprofile"
  }
},
{
  "model": "auth.permission",
  "pk": 188,
  "fields": {
    "name": "Can delete user profile",
    "content_type": 47,
    "codename": "delete_userprofile"
  }
},
{
  "model": "auth.permission",
  "pk": 189,
  "fields": {
    "name": "Can view user profile",
    "content_type": 47,
    "codename": "view_userprofile"
  }
},
{
  "model": "auth.permission",
  "pk": 190,
  "fields": {
    "name": "Can view document",
    "content_type": 26,
    "codename": "view_document"
  }
},
{
  "model": "auth.permission",
  "pk": 191,
  "fields": {
    "name": "Can add uploaded document",
    "content_type": 48,
    "codename": "add_uploadeddocument"
  }
},
{
  "model": "auth.permission",
  "pk": 192,
  "fields": {
    "name": "Can change uploaded document",
    "content_type": 48,
    "codename": "change_uploadeddocument"
  }
},
{
  "model": "auth.permission",
  "pk": 193,
  "fields": {
    "name": "Can delete uploaded document",
    "content_type": 48,
    "codename": "delete_uploadeddocument"
  }
},
{
  "model": "auth.permission",
  "pk": 194,
  "fields": {
    "name": "Can view uploaded document",
    "content_type": 48,
    "codename": "view_uploadeddocument"
  }
},
{
  "model": "auth.permission",
  "pk": 195,
  "fields": {
    "name": "Can view image",
    "content_type": 2,
    "codename": "view_image"
  }
},
{
  "model": "auth.permission",
  "pk": 196,
  "fields": {
    "name": "Can add rendition",
    "content_type": 49,
    "codename": "add_rendition"
  }
},
{
  "model": "auth.permission",
  "pk": 197,
  "fields": {
    "name": "Can change rendition",
    "content_type": 49,
    "codename": "change_rendition"
  }
},
{
  "model": "auth.permission",
  "pk": 198,
  "fields": {
    "name": "Can delete rendition",
    "content_type": 49,
    "codename": "delete_rendition"
  }
},
{
  "model": "auth.permission",
  "pk": 199,
  "fields": {
    "name": "Can view rendition",
    "content_type": 49,
    "codename": "view_rendition"
  }
},
{
  "model": "auth.permission",
  "pk": 200,
  "fields": {
    "name": "Can add uploaded image",
    "content_type": 50,
    "codename": "add_uploadedimage"
  }
},
{
  "model": "auth.permission",
  "pk": 201,
  "fields": {
    "name": "Can change uploaded image",
    "content_type": 50,
    "codename": "change_uploadedimage"
  }
},
{
  "model": "auth.permission",
  "pk": 202,
  "fields": {
    "name": "Can delete uploaded image",
    "content_type": 50,
    "codename": "delete_uploadedimage"
  }
},
{
  "model": "auth.permission",
  "pk": 203,
  "fields": {
    "name": "Can view uploaded image",
    "content_type": 50,
    "codename": "view_uploadedimage"
  }
},
{
  "model": "auth.permission",
  "pk": 204,
  "fields": {
    "name": "Can add index entry",
    "content_type": 51,
    "codename": "add_indexentry"
  }
},
{
  "model": "auth.permission",
  "pk": 205,
  "fields": {
    "name": "Can change index entry",
    "content_type": 51,
    "codename": "change_indexentry"
  }
},
{
  "model": "auth.permission",
  "pk": 206,
  "fields": {
    "name": "Can delete index entry",
    "content_type": 51,
    "codename": "delete_indexentry"
  }
},
{
  "model": "auth.permission",
  "pk": 207,
  "fields": {
    "name": "Can view index entry",
    "content_type": 51,
    "codename": "view_indexentry"
  }
},
{
  "model": "auth.permission",
  "pk": 208,
  "fields": {
    "name": "Can add sqliteftsindexentry",
    "content_type": 52,
    "codename": "add_sqliteftsindexentry"
  }
},
{
  "model": "auth.permission",
  "pk": 209,
  "fields": {
    "name": "Can change sqliteftsindexentry",
    "content_type": 52,
    "codename": "change_sqliteftsindexentry"
  }
},
{
  "model": "auth.permission",
  "pk": 210,
  "fields": {
    "name": "Can delete sqliteftsindexentry",
    "content_type": 52,
    "codename": "delete_sqliteftsindexentry"
  }
},
{
  "model": "auth.permission",
  "pk": 211,
  "fields": {
    "name": "Can view sqliteftsindexentry",
    "content_type": 52,
    "codename": "view_sqliteftsindexentry"
  }
},
{
  "model": "auth.permission",
  "pk": 212,
  "fields": {
    "name": "Can add tag",
    "content_type": 53,
    "codename": "add_tag"
  }
},
{
  "model": "auth.permission",
  "pk": 213,
  "fields": {
    "name": "Can change tag",
    "content_type": 53,
    "codename": "change_tag"
  }
},
{
  "model": "auth.permission",
  "pk": 214,
  "fields": {
    "name": "Can delete tag",
    "content_type": 53,
    "codename": "delete_tag"
  }
},
{
  "model": "auth.permission",
  "pk": 215,
  "fields": {
    "name": "Can view tag",
    "content_type": 53,
    "codename": "view_tag"
  }
},
{
  "model": "auth.permission",
  "pk": 216,
  "fields": {
    "name": "Can add tagged item",
    "content_type": 54,
    "codename": "add_taggeditem"
  }
},
{
  "model": "auth.permission",
  "pk": 217,
  "fields": {
    "name": "Can change tagged item",
    "content_type": 54,
    "codename": "change_taggeditem"
  }
},
{
  "model": "auth.permission",
  "pk": 218,
  "fields": {
    "name": "Can delete tagged item",
    "content_type": 54,
    "codename": "delete_taggeditem"
  }
},
{
  "model": "auth.permission",
  "pk": 219,
  "fields": {
    "name": "Can view tagged item",
    "content_type": 54,
    "codename": "view_taggeditem"
  }
},
{
  "model": "auth.permission",
  "pk": 220,
  "fields": {
    "name": "Can add log entry",
    "content_type": 55,
    "codename": "add_logentry"
  }
},
{
  "model": "auth.permission",
  "pk": 221,
  "fields": {
    "name": "Can change log entry",
    "content_type": 55,
    "codename": "change_logentry"
  }
},
{
  "model": "auth.permission",
  "pk": 222,
  "fields": {
    "name": "Can delete log entry",
    "content_type": 55,
    "codename": "delete_logentry"
  }
},
{
  "model": "auth.permission",
  "pk": 223,
  "fields": {
    "name": "Can view log entry",
    "content_type": 55,
    "codename": "view_logentry"
  }
},
{
  "model": "auth.permission",
  "pk": 224,
  "fields": {
    "name": "Can add permission",
    "content_type": 56,
    "codename": "add_permission"
  }
},
{
  "model": "auth.permission",
  "pk": 225,
  "fields": {
    "name": "Can change permission",
    "content_type": 56,
    "codename": "change_permission"
  }
},
{
  "model": "auth.permission",
  "pk": 226,
  "fields": {
    "name": "Can delete permission",
    "content_type": 56,
    "codename": "delete_permission"
  }
},
{
  "model": "auth.permission",
  "pk": 227,
  "fields": {
    "name": "Can view permission",
    "content_type": 56,
    "codename": "view_permission"
  }
},
{
  "model": "auth.permission",
  "pk": 228,
  "fields": {
    "name": "Can add group",
    "content_type": 57,
    "codename": "add_group"
  }
},
{
  "model": "auth.permission",
  "pk": 229,
  "fields": {
    "name": "Can change group",
    "content_type": 57,
    "codename": "change_group"
  }
},
{
  "model": "auth.permission",
  "pk": 230,
  "fields": {
    "name": "Can delete group",
    "content_type": 57,
    "codename": "delete_group"
  }
},
{
  "model": "auth.permission",
  "pk": 231,
  "fields": {
    "name": "Can view group",
    "content_type": 57,
    "codename": "view_group"
  }
},
{
  "model": "auth.permission",
  "pk": 232,
  "fields": {
    "name": "Can add user",
    "content_type": 58,
    "codename": "add_user"
  }
},
{
  "model": "auth.permission",
  "pk": 233,
  "fields": {
    "name": "Can change user",
    "content_type": 58,
    "codename": "change_user"
  }
},
{
  "model": "auth.permission",
  "pk": 234,
  "fields": {
    "name": "Can delete user",
    "content_type": 58,
    "codename": "delete_user"
  }
},
{
  "model": "auth.permission",
  "pk": 235,
  "fields": {
    "name": "Can view user",
    "content_type": 58,
    "codename": "view_user"
  }
},
{
  "model": "auth.permission",
  "pk": 236,
  "fields": {
    "name": "Can add content type",
    "content_type": 59,
    "codename": "add_contenttype"
  }
},
{
  "model": "auth.permission",
  "pk": 237,
  "fields": {
    "name": "Can change content type",
    "content_type": 59,
    "codename": "change_contenttype"
  }
},
{
  "model": "auth.permission",
  "pk": 238,
  "fields": {
    "name": "Can delete content type",
    "content_type": 59,
    "codename": "delete_contenttype"
  }
},
{
  "model": "auth.permission",
  "pk": 239,
  "fields": {
    "name": "Can view content type",
    "content_type": 59,
    "codename": "view_contenttype"
  }
},
{
  "model": "auth.permission",
  "pk": 240,
  "fields": {
    "name": "Can add session",
    "content_type": 60,
    "codename": "add_session"
  }
},
{
  "model": "auth.permission",
  "pk": 241,
  "fields": {
    "name": "Can change session",
    "content_type": 60,
    "codename": "change_session"
  }
},
{
  "model": "auth.permission",
  "pk": 242,
  "fields": {
    "name": "Can delete session",
    "content_type": 60,
    "codename": "delete_session"
  }
},
{
  "model": "auth.permission",
  "pk": 243,
  "fields": {
    "name": "Can view session",
    "content_type": 60,
    "codename": "view_session"
  }
},
{
  "model": "auth.group",
  "pk": 1,
  "fields": {
    "name": "Moderators",
    "permissions": [
      101,
      102,
      103,
      105,
      104,
      1,
      2,
      3
    ]
  }
},
{
  "model": "auth.group",
  "pk": 2,
  "fields": {
    "name": "Editors",
    "permissions": [
      101,
      102,
      103,
      105,
      104,
      1,
      2,
      3
    ]
  }
},
{
  "model": "auth.user",
  "pk": 1,
  "fields": {
    "password": "pbkdf2_sha256$720000$wuCICc5fSdFLYfnL11eOUn$Qm1XRXPFML+w9PtFdlzqYEzn6akVRppxnWVabulCZmY=",
    "last_login": "2024-05-20T11:28:00.649Z",
    "is_superuser": true,
    "username": "arielen",
    "first_name": "Jhon",
    "last_name": "Trawolta",
    "email": "bafometelize@gmail.com",
    "is_staff": true,
    "is_active": true,
    "date_joined": "2024-05-14T19:54:33.846Z",
    "groups": [],
    "user_permissions": []
  }
},
{
  "model": "auth.user",
  "pk": 3,
  "fields": {
    "password": "pbkdf2_sha256$720000$4EDDgGQLaUoesDG031UMh4$5HZ4MvBMwW6U9XFe3aRfT1U5UBrBcqtILDYAQi1e1Y8=",
    "last_login": "2024-05-20T14:10:30.180Z",
    "is_superuser": false,
    "username": "user-YNFa6TGc",
    "first_name": "Германyyyy",
    "last_name": "Петров",
    "email": "administrator@gmail.com",
    "is_staff": false,
    "is_active": true,
    "date_joined": "2024-05-19T10:26:48.756Z",
    "groups": [],
    "user_permissions": []
  }
},
{
  "model": "contenttypes.contenttype",
  "pk": 1,
  "fields": {
    "app_label": "wagtailcore",
    "model": "page"
  }
},
{
  "model": "contenttypes.contenttype",
  "pk": 2,
  "fields": {
    "app_label": "wagtailimages",
    "model": "image"
  }
},
{
  "model": "contenttypes.contenttype",
  "pk": 3,
  "fields": {
    "app_label": "wagtailcore",
    "model": "groupapprovaltask"
  }
},
{
  "model": "contenttypes.contenttype",
  "pk": 4,
  "fields": {
    "app_label": "wagtailcore",
    "model": "locale"
  }
},
{
  "model": "contenttypes.contenttype",
  "pk": 5,
  "fields": {
    "app_label": "wagtailcore",
    "model": "site"
  }
},
{
  "model": "contenttypes.contenttype",
  "pk": 6,
  "fields": {
    "app_label": "wagtailcore",
    "model": "modellogentry"
  }
},
{
  "model": "contenttypes.contenttype",
  "pk": 7,
  "fields": {
    "app_label": "wagtailcore",
    "model": "collectionviewrestriction"
  }
},
{
  "model": "contenttypes.contenttype",
  "pk": 8,
  "fields": {
    "app_label": "wagtailcore",
    "model": "collection"
  }
},
{
  "model": "contenttypes.contenttype",
  "pk": 9,
  "fields": {
    "app_label": "wagtailcore",
    "model": "groupcollectionpermission"
  }
},
{
  "model": "contenttypes.contenttype",
  "pk": 10,
  "fields": {
    "app_label": "wagtailcore",
    "model": "referenceindex"
  }
},
{
  "model": "contenttypes.contenttype",
  "pk": 11,
  "fields": {
    "app_label": "wagtailcore",
    "model": "revision"
  }
},
{
  "model": "contenttypes.contenttype",
  "pk": 12,
  "fields": {
    "app_label": "wagtailcore",
    "model": "grouppagepermission"
  }
},
{
  "model": "contenttypes.contenttype",
  "pk": 13,
  "fields": {
    "app_label": "wagtailcore",
    "model": "pageviewrestriction"
  }
},
{
  "model": "contenttypes.contenttype",
  "pk": 14,
  "fields": {
    "app_label": "wagtailcore",
    "model": "workflowpage"
  }
},
{
  "model": "contenttypes.contenttype",
  "pk": 15,
  "fields": {
    "app_label": "wagtailcore",
    "model": "workflowcontenttype"
  }
},
{
  "model": "contenttypes.contenttype",
  "pk": 16,
  "fields": {
    "app_label": "wagtailcore",
    "model": "workflowtask"
  }
},
{
  "model": "contenttypes.contenttype",
  "pk": 17,
  "fields": {
    "app_label": "wagtailcore",
    "model": "task"
  }
},
{
  "model": "contenttypes.contenttype",
  "pk": 18,
  "fields": {
    "app_label": "wagtailcore",
    "model": "workflow"
  }
},
{
  "model": "contenttypes.contenttype",
  "pk": 19,
  "fields": {
    "app_label": "wagtailcore",
    "model": "workflowstate"
  }
},
{
  "model": "contenttypes.contenttype",
  "pk": 20,
  "fields": {
    "app_label": "wagtailcore",
    "model": "taskstate"
  }
},
{
  "model": "contenttypes.contenttype",
  "pk": 21,
  "fields": {
    "app_label": "wagtailcore",
    "model": "pagelogentry"
  }
},
{
  "model": "contenttypes.contenttype",
  "pk": 22,
  "fields": {
    "app_label": "wagtailcore",
    "model": "comment"
  }
},
{
  "model": "contenttypes.contenttype",
  "pk": 23,
  "fields": {
    "app_label": "wagtailcore",
    "model": "commentreply"
  }
},
{
  "model": "contenttypes.contenttype",
  "pk": 24,
  "fields": {
    "app_label": "wagtailcore",
    "model": "pagesubscription"
  }
},
{
  "model": "contenttypes.contenttype",
  "pk": 25,
  "fields": {
    "app_label": "wagtailadmin",
    "model": "admin"
  }
},
{
  "model": "contenttypes.contenttype",
  "pk": 26,
  "fields": {
    "app_label": "wagtaildocs",
    "model": "document"
  }
},
{
  "model": "contenttypes.contenttype",
  "pk": 27,
  "fields": {
    "app_label": "home",
    "model": "city"
  }
},
{
  "model": "contenttypes.contenttype",
  "pk": 28,
  "fields": {
    "app_label": "home",
    "model": "homepage"
  }
},
{
  "model": "contenttypes.contenttype",
  "pk": 29,
  "fields": {
    "app_label": "home",
    "model": "lesson"
  }
},
{
  "model": "contenttypes.contenttype",
  "pk": 30,
  "fields": {
    "app_label": "home",
    "model": "olimpiad"
  }
},
{
  "model": "contenttypes.contenttype",
  "pk": 31,
  "fields": {
    "app_label": "home",
    "model": "question"
  }
},
{
  "model": "contenttypes.contenttype",
  "pk": 32,
  "fields": {
    "app_label": "home",
    "model": "softskill"
  }
},
{
  "model": "contenttypes.contenttype",
  "pk": 33,
  "fields": {
    "app_label": "home",
    "model": "baseolimpiadlesson"
  }
},
{
  "model": "contenttypes.contenttype",
  "pk": 34,
  "fields": {
    "app_label": "home",
    "model": "additionalolimpiadlesson"
  }
},
{
  "model": "contenttypes.contenttype",
  "pk": 35,
  "fields": {
    "app_label": "home",
    "model": "answer"
  }
},
{
  "model": "contenttypes.contenttype",
  "pk": 36,
  "fields": {
    "app_label": "home",
    "model": "school"
  }
},
{
  "model": "contenttypes.contenttype",
  "pk": 37,
  "fields": {
    "app_label": "home",
    "model": "olimpiadss"
  }
},
{
  "model": "contenttypes.contenttype",
  "pk": 38,
  "fields": {
    "app_label": "home",
    "model": "studentprofile"
  }
},
{
  "model": "contenttypes.contenttype",
  "pk": 39,
  "fields": {
    "app_label": "home",
    "model": "mark"
  }
},
{
  "model": "contenttypes.contenttype",
  "pk": 40,
  "fields": {
    "app_label": "home",
    "model": "test"
  }
},
{
  "model": "contenttypes.contenttype",
  "pk": 41,
  "fields": {
    "app_label": "home",
    "model": "softskilluser"
  }
},
{
  "model": "contenttypes.contenttype",
  "pk": 42,
  "fields": {
    "app_label": "home",
    "model": "testss"
  }
},
{
  "model": "contenttypes.contenttype",
  "pk": 43,
  "fields": {
    "app_label": "home",
    "model": "testssuserresult"
  }
},
{
  "model": "contenttypes.contenttype",
  "pk": 44,
  "fields": {
    "app_label": "wagtailforms",
    "model": "formsubmission"
  }
},
{
  "model": "contenttypes.contenttype",
  "pk": 45,
  "fields": {
    "app_label": "wagtailredirects",
    "model": "redirect"
  }
},
{
  "model": "contenttypes.contenttype",
  "pk": 46,
  "fields": {
    "app_label": "wagtailembeds",
    "model": "embed"
  }
},
{
  "model": "contenttypes.contenttype",
  "pk": 47,
  "fields": {
    "app_label": "wagtailusers",
    "model": "userprofile"
  }
},
{
  "model": "contenttypes.contenttype",
  "pk": 48,
  "fields": {
    "app_label": "wagtaildocs",
    "model": "uploadeddocument"
  }
},
{
  "model": "contenttypes.contenttype",
  "pk": 49,
  "fields": {
    "app_label": "wagtailimages",
    "model": "rendition"
  }
},
{
  "model": "contenttypes.contenttype",
  "pk": 50,
  "fields": {
    "app_label": "wagtailimages",
    "model": "uploadedimage"
  }
},
{
  "model": "contenttypes.contenttype",
  "pk": 51,
  "fields": {
    "app_label": "wagtailsearch",
    "model": "indexentry"
  }
},
{
  "model": "contenttypes.contenttype",
  "pk": 52,
  "fields": {
    "app_label": "wagtailsearch",
    "model": "sqliteftsindexentry"
  }
},
{
  "model": "contenttypes.contenttype",
  "pk": 53,
  "fields": {
    "app_label": "taggit",
    "model": "tag"
  }
},
{
  "model": "contenttypes.contenttype",
  "pk": 54,
  "fields": {
    "app_label": "taggit",
    "model": "taggeditem"
  }
},
{
  "model": "contenttypes.contenttype",
  "pk": 55,
  "fields": {
    "app_label": "admin",
    "model": "logentry"
  }
},
{
  "model": "contenttypes.contenttype",
  "pk": 56,
  "fields": {
    "app_label": "auth",
    "model": "permission"
  }
},
{
  "model": "contenttypes.contenttype",
  "pk": 57,
  "fields": {
    "app_label": "auth",
    "model": "group"
  }
},
{
  "model": "contenttypes.contenttype",
  "pk": 58,
  "fields": {
    "app_label": "auth",
    "model": "user"
  }
},
{
  "model": "contenttypes.contenttype",
  "pk": 59,
  "fields": {
    "app_label": "contenttypes",
    "model": "contenttype"
  }
},
{
  "model": "contenttypes.contenttype",
  "pk": 60,
  "fields": {
    "app_label": "sessions",
    "model": "session"
  }
},
{
  "model": "sessions.session",
  "pk": "8y3whjex0uaeh01ba5azhfol6glcmcvo",
  "fields": {
    "session_data": ".eJxVi0sOwiAQQO_C2jRD-Qx1aeI5yACDEG1NCl2Z3r2auNDt-7yEp60XvzVefU3iLJQ4_bJA8c7LR5TnzEPj3utya8N1pvq4fOXfUaiVdy5JsTXWokMcIengIMcJDUin2BDGMWXUoBCMjSyVjnkCScGEpFkGFPsBMvsxpA:1s8xqv:QdtzXpjPSTp3X3g_aHyu9DBs0OVs2wUZVh2wqlGB8ck",
    "expire_date": "2024-06-03T07:54:37.502Z"
  }
},
{
  "model": "sessions.session",
  "pk": "ei4zavzxygmp9bqg53hvm65aa3kjwx97",
  "fields": {
    "session_data": ".eJxVi0sOwiAQQO_C2jRD-Qx1aeI5yACDEG1NCl2Z3r2auNDt-7yEp60XvzVefU3iLJQ4_bJA8c7LR5TnzEPj3utya8N1pvq4fOXfUaiVdy5JsTXWokMcIengIMcJDUin2BDGMWXUoBCMjSyVjnkCScGEpFkGFPsBMvsxpA:1s93ig:NDkDTa2mxeMOunYS8Rd-jAC5URRJu4f7QMj5EiSHVDE",
    "expire_date": "2024-06-03T14:10:30.203Z"
  }
},
{
  "model": "sessions.session",
  "pk": "fqvh5ekhwmf46uqdglfz7hs23v8suq33",
  "fields": {
    "session_data": ".eJxVi0sOwiAQQO_C2jRD-Qx1aeI5yACDEG1NCl2Z3r2auNDt-7yEp60XvzVefU3iLJQ4_bJA8c7LR5TnzEPj3utya8N1pvq4fOXfUaiVdy5JsTXWokMcIengIMcJDUin2BDGMWXUoBCMjSyVjnkCScGEpFkGFPsBMvsxpA:1s90ht:t69mtENy3u-HYhmK7tiZvcNGiuDsH-rIoef0JiU3A50",
    "expire_date": "2024-06-03T10:57:29.958Z"
  }
},
{
  "model": "sessions.session",
  "pk": "kuwfgsmq6wnxpig3juxp5fi2t1cas5ip",
  "fields": {
    "session_data": ".eJxVizsOAiEQQO9CbTYOMHwsTTwHmYFZIbprImxlvLuaWGj7Pg-VaBs1bV3uqRV1UKB2v4wpX2T9iHpbZOoyRlvPfTot1K7Hr_w7KvX6zg2TAAgWG0MxRoLzmnnOwbCh6AtGIMxQ9Ewozmoi3ju07AiDBa_V8wVrEDJc:1s8y25:wuVnkomHmV97Ngb_82Q6EH4kv39Bd9pICiVHEc_9QNA",
    "expire_date": "2024-06-03T08:06:09.209Z"
  }
},
{
  "model": "sessions.session",
  "pk": "rqan7xte1thm5wc2fbkb66ylp2c3c9rf",
  "fields": {
    "session_data": ".eJxVizsOAiEQQO9CbTYOMHwsTTwHmYFZIbprImxlvLuaWGj7Pg-VaBs1bV3uqRV1UKB2v4wpX2T9iHpbZOoyRlvPfTot1K7Hr_w7KvX6zg2TAAgWG0MxRoLzmnnOwbCh6AtGIMxQ9Ewozmoi3ju07AiDBa_V8wVrEDJc:1s90gH:xsmBVXTOVhrWMzpBAz1h2rERMvxzJ72XAH5EWF0u5lg",
    "expire_date": "2024-06-03T10:55:49.980Z"
  }
},
{
  "model": "sessions.session",
  "pk": "t7bnk53z3giq9yn3g31efzp311gmojyr",
  "fields": {
    "session_data": ".eJxVizsOAiEQQO9CbTYOMHwsTTwHmYFZIbprImxlvLuaWGj7Pg-VaBs1bV3uqRV1UKB2v4wpX2T9iHpbZOoyRlvPfTot1K7Hr_w7KvX6zg2TAAgWG0MxRoLzmnnOwbCh6AtGIMxQ9Ewozmoi3ju07AiDBa_V8wVrEDJc:1s91BQ:w--XToQVRHWAScJGkLrobwdXw-kuBuAIu1K8jQ8I7y0",
    "expire_date": "2024-06-03T11:28:00.683Z"
  }
}
]
